congress,jacket_number,hearing_title,hearing_date,committee_code,committee_name,youtube_video_id,youtube_url,video_title,match_confidence,match_method,event_id,govinfo_id
118,52924,RUSSIA'S ALPINE ASSETS: MONEY LAUNDERING AND SANCTIONS EVASION IN SWITZERLAND,"","","",,,,0.0,no_match,,
118,59985,UNITED STATES HOUSE OF REPRESENTATIVES LEGISLATIVE CALENDAR,2023-01-03,"","",,,,0.0,no_match,,
118,54852,RULES OF THE COMMITTEE ON ENERGY AND COMMERCE,2023-01-31,"","",,,,0.0,no_match,,
118,51183,COMMITTEE RULES OF PROCEDURE,2023-02-08,"","",,,,0.0,no_match,,
118,54720,U.S. MILITARY POSTURE AND NATIONAL SECURITY CHALLENGES IN EUROPE,2023-04-26,"","",,,,0.0,no_match,,
118,58429,EXAMINING IRREGULARITY IN THE STRATEGIC BASING PROCESS FOR U.S. SPACE COMMAND,2023-09-28,"","",,,,0.0,no_match,,
118,54099,BURDENSOME REGULATIONS: EXAMINING THE EFFECTS OF DOL RULEMAKING ON AMERICA'S JOB CREATORS,2023-10-19,"","",,,,0.0,no_match,116483,
118,53898,"HAMAS' HOSTAGES, PUTIN'S PRISONERS, AND FREEING INTERNATIONAL CAPTIVES: TOWARD STRONGER U.S. ANDGLOBAL ACTION FOR INTERNATIONAL POLITICAL PRISONER DAY",2023-10-25,"","",,,,0.0,no_match,,
118,54252,MAKING RUSSIA PAY: SOVEREIGN ASSET CONFISCATION FOR UKRAINIAN VICTORY,2023-12-06,"","",,,,0.0,no_match,,
118,57479,U.S. MILITARY POSTURE AND NATIONAL SECURITY CHALLENGES IN THE GREATER MIDDLE EAST AND AFRICA,2024-03-21,"","",,,,0.0,no_match,,
118,55711,FULL COMMITTEE BUSINESS MEETING: MARK-UP OF SEVERAL BILLS AND POSTAL-NAMING MEASURES,2024-05-15,"","",,,,0.0,no_match,,
118,52370,"UNCERTAINTY, INFLATION, REGULATIONS: CHALLENGES FOR AMERICAN AGRICULTURE",2023-02-28,hsag00,House Agriculture Committee,2vWqudNRAg0,https://www.youtube.com/watch?v=2vWqudNRAg0,"Uncertainty, Inflation, Regulations: Challenges for American Agriculture",0.95,exact_date_title,115364,
118,52205,A REVIEW OF TITLE VIII: FORESTRY STAKEHOLDER PERSPECTIVES,2023-03-08,hsag00,House Agriculture Committee,NAMvfkzXOnk,https://www.youtube.com/watch?v=NAMvfkzXOnk,A Review of Title VIII: Forestry Stakeholder Perspectives,0.95,exact_date_title,115422,
118,52557,RISING RISKS: MANAGING VOLATILITY IN GLOBAL COMMODITY DERIVATIVES MARKETS,2023-03-09,hsag00,House Agriculture Committee,zeAd_zqQxCM,https://www.youtube.com/watch?v=zeAd_zqQxCM,Rising Risks: Managing Volatility in Global Commodity Derivatives Markets,0.95,exact_date_title,115423,
118,52371,A REVIEW OF TITLE VII: USDA IMPLEMENTATION OF RESEARCH PROGRAMS,2023-03-23,hsag00,House Agriculture Committee,0Q9AAC6UZB8,https://www.youtube.com/watch?v=0Q9AAC6UZB8,A Review of Title VII: USDA Implementation of Research Programs,0.95,exact_date_title,115522,
118,54212,"HEARING FOR THE PURPOSE OF RECEIVING TESTIMONY FROM THE HONORABLE THOMAS J. VILSACK, SECRETARY, U.S. DEPARTMENT OF AGRICULTURE",2023-03-28,hsag00,House Agriculture Committee,,,,0.0,no_match,115593,
118,52768,A REVIEW OF USDA ANIMAL DISEASE PREVENTION AND RESPONSE EFFORTS,2023-04-18,hsag00,House Agriculture Committee,p05niXBlMuY,https://www.youtube.com/watch?v=p05niXBlMuY,“A Review of USDA Animal Disease Prevention and Response Efforts”,0.95,exact_date_title,115683,
118,54329,"[ERRATA] HEARING FOR THE PURPOSE OF RECEIVING TESTIMONY FROM THE HONORABLE MICHAEL REGAN, ADMINISTRATOR, U.S. ENVIRONMENTAL PROTECTION AGENCY",2023-04-19,hsag00,House Agriculture Committee,,,,0.0,no_match,115684,
118,53877,"HEARING FOR THE PURPOSE OF RECEIVING TESTIMONY FROM THE HONORABLE MICHAEL REGAN, ADMINISTRATOR, U.S. ENVIRONMENTAL PROTECTION AGENCY",2023-04-19,hsag00,House Agriculture Committee,,,,0.0,no_match,115684,
118,53037,PRODUCER PERSPECTIVES ON THE 2023 FARM BILL,2023-04-26,hsag00,House Agriculture Committee,b68zQzpJy5U,https://www.youtube.com/watch?v=b68zQzpJy5U,“Producer Perspectives on the 2023 Farm Bill”,0.95,exact_date_title,115802,
118,53323,THE FUTURE OF DIGITAL ASSETS: IDENTIFYING THE REGULATORY GAPS IN SPOT MARKET REGULATION,2023-04-27,hsag00,House Agriculture Committee,p5MOtxTtnHE,https://www.youtube.com/watch?v=p5MOtxTtnHE,“The Future of Digital Assets: Identifying the Regulatory Gaps in Spot Market Regulation”,0.95,exact_date_title,115803,
118,52397,THE FUTURE OF DIGITAL ASSETS: MEASURING THE REGULATORY GAPS IN THE DIGITAL ASSET MARKETS,2023-05-10,hsag00,House Agriculture Committee,gwJ1QAwP7UE,https://www.youtube.com/watch?v=gwJ1QAwP7UE,The Future of Digital Assets: Measuring the Regulatory Gaps in the Digital... (EventID=115885),1.0,event_id_exact,115885,
118,53089,STAKEHOLDER PERSPECTIVES ON AGRICULTURAL TRADE,2023-05-11,hsag00,House Agriculture Committee,nXrhrh93wzk,https://www.youtube.com/watch?v=nXrhrh93wzk,“Stakeholder Perspectives on Agricultural Trade”,0.95,exact_date_title,115894,
118,53810,HEARING TO REVIEW THE NATIONAL FOREST SYSTEM: SUPPORTING FOREST HEALTH AND CONFRONTING THE WILDFIRE CRISIS,2023-05-16,hsag00,House Agriculture Committee,boVliOkwA8k,https://www.youtube.com/watch?v=boVliOkwA8k,"“To Review the National Forest System: Supporting Forest Health and Confronting the Wildfire Crisis""",0.86,fuzzy_title_exact_date,115942,
118,53121,A REVIEW OF ANIMAL AGRICULTURE STAKEHOLDER PRIORITIES,2023-05-17,hsag00,House Agriculture Committee,HN8seVPV9Wc,https://www.youtube.com/watch?v=HN8seVPV9Wc,"“A Review of Animal Agriculture Stakeholder Priorities""",0.95,exact_date_title,115943,
118,53530,HEARING FOR THE PURPOSE OF RECEIVING TESTIMONY FROM THE U.S. DEPARTMENT OF AGRICULTURE'S NATURAL RESOURCES CONSERVATION SERVICE AND FARM SERVICE AGENCY,2023-05-23,hsag00,House Agriculture Committee,,,,0.0,no_match,116001,
118,53287,The Future of Digital Assets: Providing Clarity for Digital Asset Spot Markets,2023-06-06,hsag00,House Agriculture Committee,SFFfxkSPmnY,https://www.youtube.com/watch?v=SFFfxkSPmnY,“The Future of Digital Assets: Providing Clarity for Digital Asset Spot Markets”,0.95,exact_date_title,116051,
118,53146,"INNOVATION, EMPLOYMENT, INTEGRITY, AND HEALTH: OPPORTUNITIES FOR MODERNIZATION IN TITLE IV",2023-06-07,hsag00,House Agriculture Committee,-_HWXHtHESw,https://www.youtube.com/watch?v=-_HWXHtHESw,"“Innovation, Employment, Integrity, and Health: Opportunities for Modernization in Title IV""",0.95,exact_date_title,116052,
118,53255,STAKEHOLDER PERSPECTIVES ON USDA'S RURAL DEVELOPMENT PROGRAMS,2023-06-13,hsag00,House Agriculture Committee,RmjS0pUTrCk,https://www.youtube.com/watch?v=RmjS0pUTrCk,“Stakeholder Perspectives on USDA’s Rural Development Programs”,0.95,exact_date_title,116095,
118,53322,A REVIEW OF TITLE VII: UNIVERSITY PERSPECTIVES ON RESEARCH AND EXTENSION PROGRAMS,2023-06-14,hsag00,House Agriculture Committee,1aNu1KCFMYc,https://www.youtube.com/watch?v=1aNu1KCFMYc,A Review of Title VII: University Perspectives on Research and Extension Programs,0.95,exact_date_title,116096,
118,53204,CLOSING THE DIGITAL DIVIDE IN RURAL AMERICA,2023-06-21,hsag00,House Agriculture Committee,406LJ8lRkGU,https://www.youtube.com/watch?v=406LJ8lRkGU,Closing the Digital Divide in Rural America,0.95,exact_date_title,116129,
118,56008,MEMBER DAY,2023-12-06,hsag00,House Agriculture Committee,Iwrj24IeaQA,https://www.youtube.com/watch?v=Iwrj24IeaQA,"""Member Day""",0.95,exact_date_title,,
118,57377,"HEARING FOR THE PURPOSE OF RECEIVING TESTIMONY FROM THE HONORABLE THOMAS J. VILSACK, SECRETARY, U.S. DEPARTMENT OF AGRICULTURE",2024-02-14,hsag00,House Agriculture Committee,,,,0.0,no_match,,
118,56222,"HEARING FOR THE PURPOSE OF RECEIVING TESTIMONY FROM THE HONORABLE ROSTIN BEHNAM, CHAIRMAN, COMMODITY FUTURES TRADING COMMISSION",2024-03-06,hsag00,House Agriculture Committee,,,,0.0,no_match,,
118,56421,THE DANGER CHINA POSES TO AMERICAN AGRICULTURE,2024-03-20,hsag00,House Agriculture Committee,K8Bqqd8zBUE,https://www.youtube.com/watch?v=K8Bqqd8zBUE,U.S. House Agriculture Committee Hearing on the Danger China Poses to American Agriculture,0.84,substring_nearby_date,,
118,56627,EXAMINING THE CONSEQUENCES OF EPA'S ACTIONS ON AMERICAN AGRICULTURE,2024-07-10,hsag00,House Agriculture Committee,PsM7yF378Bs,https://www.youtube.com/watch?v=PsM7yF378Bs,US House Agriculture Committee: Examining the Consequences of EPA’s Actions on American Agriculture,0.71,fuzzy_title_exact_date,,
118,57258,FINANCIAL CONDITIONS IN FARM COUNTRY,2024-07-23,hsag00,House Agriculture Committee,_48DmA39gBI,https://www.youtube.com/watch?v=_48DmA39gBI,U.S. House Agriculture Committee: Financial Conditions in Farm Country,0.84,substring_nearby_date,,
118,57150,REAUTHORIZING THE CFTC: STAKEHOLDER PERSPECTIVES,2024-07-25,hsag00,House Agriculture Committee,7JurL5LZ5HM,https://www.youtube.com/watch?v=7JurL5LZ5HM,U.S. House Agriculture Committee: Reauthorizing the CFTC: Stakeholder Perspectives,0.85,substring_nearby_date,,
118,57775,"INTERIOR, ENVIRONMENT, AND RELATED AGENCIES APPROPRIATIONS FOR 2025",2023-01-03,hsap00,House Appropriations Committee,,,,0.0,no_match,,
118,52197,"MILITARY CONSTRUCTION, VETERANS AFFAIRS, AND RELATED AGENCIES APPROPRIATIONS FOR 2024",2023-02-28,hsap00,House Appropriations Committee,5tXVMNYpRfQ,https://www.youtube.com/watch?v=5tXVMNYpRfQ,Oversight Hearing - Quality of Life in the Military,1.0,event_id_exact,115365,
118,54191,DEPARTMENT OF DEFENSE APPROPRIATIONS FOR 2024,2023-02-28,hsap00,House Appropriations Committee,a4kh0EXm4lY,https://www.youtube.com/watch?v=a4kh0EXm4lY,Oversight Hearing – Ukraine,1.0,event_id_exact,115360,
118,54411,"STATE, FOREIGN OPERATIONS, AND RELATED PROGRAMS APPROPRIATIONS FOR 2024",2023-03-01,hsap00,House Appropriations Committee,rxxl2f4K9As,https://www.youtube.com/watch?v=rxxl2f4K9As,Oversight Hearing – United Nations,1.0,event_id_exact,115372,
118,53710,"DEPARTMENTS OF LABOR, HEALTH AND HUMAN SERVICES, EDUCATION, AND RELATED AGENCIES APPROPRIATIONS FOR 2024",2023-03-08,hsap00,House Appropriations Committee,,,,0.0,no_match,,
118,53445,"INTERIOR, ENVIRONMENT, AND RELATED AGENCIES APPROPRIATIONS FOR 2024",2023-03-08,hsap00,House Appropriations Committee,0fw3uMIMbIY,https://www.youtube.com/watch?v=0fw3uMIMbIY,"Public Witness Day 1, Morning Session – American Indian and Alaska Native",1.0,event_id_exact,115411,
118,52984,LEGISLATIVE BRANCH APPROPRIATIONS FOR 2024,2023-03-08,hsap00,House Appropriations Committee,eS1qYQWlzNI,https://www.youtube.com/watch?v=eS1qYQWlzNI,Budget Hearing – Fiscal Year 2024 Request for the Congressional Budget Office,1.0,event_id_exact,115421,
118,53901,"DEPARTMENT OF THE INTERIOR, ENVIRONMENT, AND RELATED AGENCIES APPROPRIATIONS FOR 2024",2023-03-09,hsap00,House Appropriations Committee,PHfPy8f48-4,https://www.youtube.com/watch?v=PHfPy8f48-4,"Public Witness Day 2, Afternoon Session – American Indian and Alaska Native",1.0,event_id_exact,115414,
118,54458,"AGRICULTURE, RURAL DEVELOPMENT, FOOD AND DRUG ADMINISTRATION, AND RELATED AGENCIES APPROPRIATIONS FOR 2024",2023-03-09,hsap00,House Appropriations Committee,Gbe5QzJZvBg,https://www.youtube.com/watch?v=Gbe5QzJZvBg,Oversight Hearing – United States Department of Agriculture Office of the Inspector General,1.0,event_id_exact,115430,
118,53669,FINANCIAL SERVICES AND GENERAL GOVERNMENT APPROPRIATIONS FOR 2024,2023-03-23,hsap00,House Appropriations Committee,ynD6YcfL0Yc,https://www.youtube.com/watch?v=ynD6YcfL0Yc,Budget and Oversight Hearing –President Biden’s Fiscal Year 2024 Budget Request and Economic Outlook,1.0,event_id_exact,115501,
118,53277,"DEPARTMENT OF THE INTERIOR, ENVIRONMENT, AND RELATED AGENCIES APPROPRIATIONS FOR 2024",2023-03-23,hsap00,House Appropriations Committee,,,,0.0,no_match,,
118,54204,ENERGY AND WATER PART 1 FY 2024,2023-03-23,hsap00,House Appropriations Committee,,,,0.0,no_match,,
118,54343,"ENERGY AND WATER DEVELOPMENT, AND RELATED AGENCIES APPROPRIATIONS FOR 2024",2023-03-23,hsap00,House Appropriations Committee,9ghbIHClYdY,https://www.youtube.com/watch?v=9ghbIHClYdY,Budget Hearing – Fiscal Year 2024 Request for the Department of Energy,1.0,event_id_exact,115504,
118,53388,"DEPARTMENTS OF TRANSPORTATION, HOUSING AND URBAN DEVELOPMENT, AND RELATED AGENCIES APPROPRIATIONS FOR 2024",2023-03-28,hsap00,House Appropriations Committee,,,,0.0,no_match,,
118,53030,DEPARTMENT OF HOMELAND SECURITY APPROPRIATIONS FOR 2024,2023-03-28,hsap00,House Appropriations Committee,7GI__HYo45c,https://www.youtube.com/watch?v=7GI__HYo45c,Budget Hearing – Fiscal Year 2024 Request for the Department of Homeland Security,1.0,event_id_exact,115568,
118,53031,DEPARTMENT OF HOMELAND SECURITY APPROPRIATIONS FOR 2024,2023-04-18,hsap00,House Appropriations Committee,,,,0.0,no_match,115770,
118,56005,THE FISCAL YEAR 2024 DEPARTMENT OF ENERGY BUDGET,2023-05-11,hsap00,House Appropriations Committee,kB6pzgunjz4,https://www.youtube.com/watch?v=kB6pzgunjz4,Fiscal Year 2024 Department of Energy Budget Request,0.82,fuzzy_title_exact_date,,
118,57786,"ENERGY AND WATER DEVELOPMENT, AND RELATED AGENCIES APPROPRIATIONS FOR 2025",2024-03-20,hsap00,House Appropriations Committee,IyIoSR8Ft7w,https://www.youtube.com/watch?v=IyIoSR8Ft7w,"Member Day – Energy And Water Development, And Related Agencies",0.7,fuzzy_title_exact_date,,
118,57916,"MILITARY CONSTRUCTION, VETERANS AFFAIRS, AND RELATED AGENCIES APPROPRIATIONS FOR 2025",2024-03-20,hsap00,House Appropriations Committee,,,,0.0,no_match,,
118,56664,"DEPARTMENTS OF LABOR, HEALTH AND HUMAN SERVICES, EDUCATION, AND RELATED AGENCIES APPROPRIATIONS FOR 2025",2024-03-20,hsap00,House Appropriations Committee,,,,0.0,no_match,,
118,61856,FINANCIAL SERVICES AND GENERAL GOVERNMENT APPROPRIATIONS FOR 2025,2024-03-21,hsap00,House Appropriations Committee,,,,0.0,no_match,,
118,56034,LEGISLATIVE BRANCH APPROPRIATIONS FOR 2025,2024-04-10,hsap00,House Appropriations Committee,,,,0.0,no_match,,
118,57432,DEPARTMENT OF DEFENSE APPROPRIATIONS FOR 2025,2024-04-10,hsap00,House Appropriations Committee,,,,0.0,no_match,,
118,56683,DEPARTMENT OF HOMELAND SECURITY APPROPRIATIONS FOR 2025,2024-04-10,hsap00,House Appropriations Committee,,,,0.0,no_match,,
118,57665,"COMMERCE, JUSTICE, SCIENCE, AND RELATED AGENCIES APPROPRIATIONS FOR 2025",2024-04-11,hsap00,House Appropriations Committee,,,,0.0,no_match,,
118,57756,"DEPARTMENT OF THE INTERIOR, ENVIRONMENT, AND RELATED AGENCIES APPROPRIATIONS FOR 2025",2024-04-16,hsap00,House Appropriations Committee,,,,0.0,no_match,,
118,57284,"DEPARTMENT OF TRANSPORTATION, HUD, AND RELATED AGENCIES APPROPRIATIONS FOR 2025",2024-04-30,hsap00,House Appropriations Committee,,,,0.0,no_match,,
118,61857,FINANCIAL SERVICES AND GENERAL GOVERNMENT APPROPRIATIONS FOR 2025,2024-05-07,hsap00,House Appropriations Committee,,,,0.0,no_match,,
118,58049,"DEPARTMENT OF THE INTERIOR, ENVIRONMENT, AND RELATED AGENCIES APPROPRIATIONS FOR 2025",2024-05-07,hsap00,House Appropriations Committee,,,,0.0,no_match,,
118,58050,"DEPARTMENT OF THE INTERIOR, ENVIRONMENT, AND RELATED AGENCIES APPROPRIATIONS FOR 2025",2024-05-08,hsap00,House Appropriations Committee,,,,0.0,no_match,,
118,56684,Oversight Hearing on Severe Food Distribution Shortages In Tribal and Elderly Communities,2024-09-11,hsap00,House Appropriations Committee,dHw1lCTjV5k,https://www.youtube.com/watch?v=dHw1lCTjV5k,Joint Oversight Hearing on Severe Food Distribution Shortages in Tribal and Elderly Communities,0.76,fuzzy_title_exact_date,,
118,59634,"DEPARTMENT OF THE INTERIOR, ENVIRONMENT, AND RELATED AGENCIES APPROPRIATIONS FOR 2025",2024-11-20,hsap00,House Appropriations Committee,0cwaQSavWNw,https://www.youtube.com/watch?v=0cwaQSavWNw,Oversight Hearing – Investigating the Crisis of Missing and Murdered Indigenous Women - Panel 2,1.0,event_id_exact,117713,
118,61961,"SUBCOMMITTEE ON MILITARY CONSTRUCTION, VETERANS AFFAIRS, AND RELATED AGENCIES, ASSESSING THE VETERANS HEALTH ADMINISTRATION FISCAL YEAR 2025 POTENTIAL SHORTFALL",2024-11-20,hsap00,House Appropriations Committee,srBje4u7qFM,https://www.youtube.com/watch?v=srBje4u7qFM,Oversight Hearing – Assessing the Veterans Health Administration FY25 Potential Shortfall,1.0,event_id_exact,117734,
118,51700,[H.A.S.C. No. 118-1] ORGANIZATIONAL MEETING FOR THE 118TH CONGRESS,2023-02-02,hsas00,House National Security Committee,,,,0.0,no_match,115272,
118,51704,[H.A.S.C. NO. 118-2] THE PRESSING THREAT OF THE CHINESE COMMUNIST PARTY TO U.S. NATIONAL DEFENSE,2023-02-07,hsas00,House National Security Committee,dvLjweoSwJQ,https://www.youtube.com/watch?v=dvLjweoSwJQ,20230207 Hearing: “The Pressing Threat of the Chinese Communist Party to U.S. National Defense”,0.76,fuzzy_title_exact_date,115293,
118,51705,[H.A.S.C. No. 118-3] STATE OF THE DEFENSE INDUSTRIAL BASE,2023-02-08,hsas00,House National Security Committee,,,,0.0,no_match,115292,
118,53350,[H.A.S.C. NO. 118-4] THE ROLE OF SPECIAL OPERATIONS FORCES IN GREAT POWER COMPETITION,2023-02-08,hsas00,House National Security Committee,9tDmJxPkIYI,https://www.youtube.com/watch?v=9tDmJxPkIYI,20230208 ISO Hearing: The Role of Special Operations Forces in Great Power Competition,0.74,fuzzy_title_exact_date,115334,
118,52380,[H.A.S.C. No. 118-5] The Future of War: Is The Pentagon Prepared To Deter and Defeat America's Adversaries?,2023-02-09,hsas00,House National Security Committee,6K7BQbG_k1A,https://www.youtube.com/watch?v=6K7BQbG_k1A,20230209 CITI: The Future of War: Is the Pentagon Prepared to Deter & Defeat America’s Adversaries?,0.75,fuzzy_title_exact_date,115332,
118,51964,[H.A.S.C. No. 118-6] OVERSIGHT OF U.S. MILITARY SUPPORT TO UKRAINE,2023-02-28,hsas00,House National Security Committee,1bwrxmAm06I,https://www.youtube.com/watch?v=1bwrxmAm06I,20230228 FC Hearing: Oversight of U.S. Military Support to Ukraine,0.7,fuzzy_title_exact_date,115392,
118,52320,[H.A.S.C. No. 118-8] HEARING ON NATIONAL DEFENSE AUTHORIZATION ACT FOR FISCAL YEAR 2024 AND OVERSIGHT OF PREVIOUSLY AUTHORIZED PROGRAMS,2023-02-28,hsas00,House National Security Committee,,,,0.0,no_match,115355,
118,55268,[H.A.S.C. No. 118-7] COVID-19'S IMPACT ON DOD AND ITS SERVICEMEMBERS,2023-02-28,hsas00,House National Security Committee,,,,0.0,no_match,,
118,53351,[H.A.S.C. No. 118-10] FY24 STRATEGIC FORCES POSTURE,2023-03-08,hsas00,House National Security Committee,,,,0.0,no_match,115472,
118,52187,[H.A.S.C. No. 118-9] U.S. MILITARY POSTURE AND NATIONAL SECURITY CHALLENGES IN NORTH AND SOUTH AMERICA,2023-03-08,hsas00,House National Security Committee,tzMSvG7JWII,https://www.youtube.com/watch?v=tzMSvG7JWII,20230308 FC Hearing: U.S. Military Posture and National Security Challenges in North & South America,0.73,fuzzy_title_exact_date,,
118,53336,[H.A.S.C. NO. 118-13] U.S. SPECIAL OPERATIONS FORCES AND COMMAND--CHALLENGES AND RESOURCE PRIORITIES FOR FISCAL YEAR 2024,2023-03-09,hsas00,House National Security Committee,,,,0.0,no_match,115479,
118,53803,[H.A.S.C. No. 118-12] SENIOR ENLISTED LEADER PERSPECTIVE,2023-03-09,hsas00,House National Security Committee,,,,0.0,no_match,,
118,52381,"[H.A.S.C. No. 118-11] DEFENSE IN A DIGITAL ERA: ARTIFICIAL INTELLIGENCE, INFORMATION TECHNOLOGY, AND SECURING THE DEPARTMENT OF DEFENSE",2023-03-09,hsas00,House National Security Committee,,,,0.0,no_match,115478,
118,53352,[H.A.S.C. No. 118-14] U.S. AND ADVERSARY HYPERSONIC PROGRAMS,2023-03-10,hsas00,House National Security Committee,,,,0.0,no_match,115485,
118,53920,"[H.A.S.C. No. 118-16] DIVERSITY, EQUITY, AND INCLUSION: IMPACTS TO THE DEPARTMENT OF DEFENSE AND THE ARMED SERVICES",2023-03-23,hsas00,House National Security Committee,,,,0.0,no_match,115498,
118,54668,[H.A.S.C. No. 118-15] U.S. MILITARY POSTURE AND NATIONAL SECURITY CHALLENGES IN THE GREATER MIDDLE EAST AND AFRICA,2023-03-23,hsas00,House National Security Committee,,,,0.0,no_match,,
118,52382,[H.A.S.C. No. 118-17] HEARING ON NATIONAL DEFENSE AUTHORIZATION ACT FOR FISCAL YEAR 2024 AND OVERSIGHT OF PREVIOUSLY AUTHORIZED PROGRAMS BEFORE THE COMMITTEE ON ARMED SERVICES HOUSE OF REPRESENTATIVES ONE HUNDRED EIGHTEENTH CONGRESS FIRST SESSION,2023-03-23,hsas00,House National Security Committee,,,,0.0,no_match,,
118,53391,FY24 REQUEST FOR NUCLEAR FORCES AND ATOMIC ENERGY DEFENSE ACTIVITIES,2023-03-28,hsas00,House National Security Committee,PYBP9vSLvAQ,https://www.youtube.com/watch?v=PYBP9vSLvAQ,20230328 STR Hearing: FY24 Request for Nuclear Forces and Atomic Energy Defense Activities,0.77,fuzzy_title_exact_date,,
118,52876,[H.A.S.C. No. 118-19] Posture and Readiness of the Mobility Enterprise - Transcom and Marad,2023-03-28,hsas00,House National Security Committee,,,,0.0,no_match,,
118,53741,[H.A.S.C. No. 118-2] HEARING ON NATIONAL DEFENSE AUTHORIZATION ACT FOR FISCAL YEAR 2024 AND OVERSIGHT OF PREVIOUSLY AUTHORIZED PROGRAMS,2023-03-29,hsas00,House National Security Committee,,,,0.0,no_match,115603,
118,52383,[H.A.S.C. No. 118-22] HEARING ON NATIONAL DEFENSE AUTHORIZATION ACT FOR FISCAL YEAR 2024 AND OVERSIGHT OF PREVIOUSLY AUTHORIZED PROGRAMS BEFORE THE COMMITTEE ON ARMED SERVICES HOUSE OF REPRESENTATIVES ONE HUNDRED EIGHTEENTH CONGRESS FIRST SESSION,2023-03-29,hsas00,House National Security Committee,,,,0.0,no_match,115610,
118,52420,[H.A.S.C. NO. 118-23] CYBERSPACE OPERATIONS: CONFLICT IN THE 21ST CENTURY,2023-03-30,hsas00,House National Security Committee,,,,0.0,no_match,115618,
118,53524,[H.A.S.C. NO. 118-24] U.S. MILITARY POSTURE AND NATIONAL SECURITY CHALLENGES IN THE INDO-PACIFIC REGION,2023-04-18,hsas00,House National Security Committee,DL4gQLuYbFE,https://www.youtube.com/watch?v=DL4gQLuYbFE,20230418 FC Hearing: “U.S. Military Posture and Nat. Sec. Challenges in the Indo-Pacific Region”,0.7,fuzzy_title_exact_date,115680,
118,53417,FISCAL YEAR 2024 BUDGET REQUEST FOR MISSILE DEFENSE AND MISSILE DEFEAT PROGRAMS,2023-04-18,hsas00,House National Security Committee,OvwI5-oGGO0,https://www.youtube.com/watch?v=OvwI5-oGGO0,20230418 STR Hearing: FY24 Budget Request for Missile Defense and Missile Defeat Programs,0.74,fuzzy_title_exact_date,,
118,52789,[H.A.S.C. No. 118-26] HEARING ON NATIONAL DEFENSE AUTHORIZATION ACT FOR FISCAL YEAR 2024 AND OVERSIGHT OF PREVIOUSLY AUTHORIZED PROGRAMS BEFORE THE COMMITTEE ON ARMED SERVICES HOUSE OF REPRESENTATIVES ONE HUNDRED EIGHTEENTH CONGRESS FIRST SESSION,2023-04-18,hsas00,House National Security Committee,,,,0.0,no_match,,
118,53020,DEPARTMENT OF THE ARMY FISCAL YEAR 2024 BUDGET REQUEST,2023-04-19,hsas00,House National Security Committee,dBFtk0tP12o,https://www.youtube.com/watch?v=dBFtk0tP12o,20230419 Full Committee Hearing: “Department of the Army Fiscal Year 2024 Budget Request”,0.85,substring_nearby_date,,
118,53874,[H.A.S.C. No. 118-29] FISCAL YEAR 2024 BUDGET REQUEST FOR MILITARY READINESS,2023-04-19,hsas00,House National Security Committee,M_p5m6x_Si4,https://www.youtube.com/watch?v=M_p5m6x_Si4,20230419 RDY Hearing: Fiscal Year 2024 Budget Request for Military Readiness,0.7,fuzzy_title_exact_date,,
118,52384,FISCAL YEAR 2024 ROTARY WING AVIATION BUDGET REQUEST,2023-04-19,hsas00,House National Security Committee,CrcJRbcr90k,https://www.youtube.com/watch?v=CrcJRbcr90k,20230419 TAL Hearing: Fiscal Year 2024 Rotary Wing Aviation Budget Request,0.73,fuzzy_title_exact_date,,
118,52421,FISCAL YEAR 2024 ARMY MODERNIZATION PROGRAMS,2023-04-26,hsas00,House National Security Committee,6mkqeyQ7chE,https://www.youtube.com/watch?v=6mkqeyQ7chE,20230426 TAL Hearing: Fiscal Year 2024 Army Modernization Programs,0.71,fuzzy_title_exact_date,,
118,53742,NATIONAL DEFENSE AUTHORIZATION ACT FOR FISCAL YEAR 2024,2023-04-26,hsas00,House National Security Committee,,,,0.0,no_match,,
118,53525,[H.A.S.C. No. 118-34] A REVIEW OF THE DEFENSE INTELLIGENCE ENTERPRISE'S POSTURE AND CAPABILITIES IN STRATEGIC COMPETITION AND IN SYNCHRONIZING INTELLIGENCE EFFORTS TO COUNTER THE PEOPLE'S REPUBLIC OF CHINA,2023-04-27,hsas00,House National Security Committee,,,,0.0,no_match,,
118,53337,[H.A.S.C. No. 118-33] DEPARTMENT OF THE AIR FORCE FISCAL YEAR 2024 BUDGET REQUEST,2023-04-27,hsas00,House National Security Committee,,,,0.0,no_match,,
118,53392,[H.A.S.C. No. 118-35] HEARING ON NATIONAL DEFENSE AUTHORIZATION ACT FOR FISCAL YEAR 2024 AND OVERSIGHT OF PREVIOUSLY AUTHORIZED PROGRAMS BEFORE THE COMMITTEE ON ARMED SERVICES HOUSE OF REPRESENTATIVES ONE HUNDRED EIGHTEENTH CONGRESS FIRST SESSION,2023-04-28,hsas00,House National Security Committee,,,,0.0,no_match,,
118,53021,MEMBER DAY,2023-05-16,hsas00,House National Security Committee,,,,0.0,no_match,,
118,53627,MAN AND MACHINE: ARTIFICIAL INTELLIGENCE ON THE BATTLEFIELD,2023-07-18,hsas00,House National Security Committee,wEosOuzc55g,https://www.youtube.com/watch?v=wEosOuzc55g,20230718 CITI Hearing: Man and Machine: Artificial Intelligence on the Battlefield,0.74,fuzzy_title_exact_date,,
118,53628,"ADMISSIONS, CURRICULUM, AND DIVERSITY OF THOUGHT AT THE MILITARY SERVICE ACADEMIES",2023-07-19,hsas00,House National Security Committee,8IqPhXYuodo,https://www.youtube.com/watch?v=8IqPhXYuodo,"20230719 MLP: Admissions, Curriculum, and Diversity of Thought at the Military Service Academies",0.82,fuzzy_title_exact_date,,
118,54721,[H.A.S.C. No. 118-39] Defense Cooperation with Taiwan,2023-09-19,hsas00,House National Security Committee,,,,0.0,no_match,,
118,54213,"[H.A.S.C. No. 118-41] MERITOCRACY IN THE MILITARY SERVICES: ACCESSION, PROMOTION, AND COMMAND SELECTION",2023-09-20,hsas00,House National Security Committee,p57SEFK7350,https://www.youtube.com/watch?v=p57SEFK7350,"20230920 MLP: Meritocracy in the Military Services: Accession, Promotion, and Command Selection",0.76,fuzzy_title_exact_date,,
118,55484,[H.A.S.C. No. 118-40] INDUSTRY PERSPECTIVES ON DEFENSE INNOVATION AND DETERRENCE,2023-09-20,hsas00,House National Security Committee,Cxuxe2hgJEs,https://www.youtube.com/watch?v=Cxuxe2hgJEs,20230920 CITI Hearing: Industry Perspectives on Defense Innovation and Deterrence,0.72,fuzzy_title_exact_date,,
118,55808,AN UPDATE ON UNACCOMPANIED MILITARY HOUSING AND THE MILITARY HOUSING PRIVATIZATION INITIATIVE,2023-09-27,hsas00,House National Security Committee,YQPthPiGYf0,https://www.youtube.com/watch?v=YQPthPiGYf0,20230927 QoL: An Update on Unaccompanied Mil Housing and the Mil Housing Privatization Initiative,0.78,fuzzy_title_exact_date,,
118,55527,[H.A.S.C. No. 118-44] CAN IT WORK? OUTSIDE PERSPECTIVES ON DOD'S REPLICATOR PROGRAM,2023-10-19,hsas00,House National Security Committee,NwouFACfQmY,https://www.youtube.com/watch?v=NwouFACfQmY,20231019 CITI Hearing: Can it work? Outside Perspectives on DOD's Replicator Program,0.71,fuzzy_title_exact_date,,
118,54722,[H.A.S.C. No. 118-45] THE SUBMARINE INDUSTRIAL BASE AND ITS ABILITY TO SUPPORT THE AUKUS FRAMEWORK,2023-10-25,hsas00,House National Security Committee,bs4PYJJZ7r0,https://www.youtube.com/watch?v=bs4PYJJZ7r0,20231025 SPF Hearing: The Submarine Industrial Base and its Ability to Support the AUKUS Framework,0.77,fuzzy_title_exact_date,,
118,56378,[H.A.S.C. No. 118-46] CONGRESSIONAL COMMISSION ON THE STRATEGIC POSTURE OF THE UNITED STATES,2023-11-15,hsas00,House National Security Committee,ouZzyGvdtks,https://www.youtube.com/watch?v=ouZzyGvdtks,20231115 FC Hearing: Congressional Commission on the Strategic Posture of the United States,0.75,fuzzy_title_exact_date,,
118,55573,BACK TO THE FUTURE,2023-12-06,hsas00,House National Security Committee,NDvRFH8-B_c,https://www.youtube.com/watch?v=NDvRFH8-B_c,20231206 CITI Hearing: Back to the Future,0.84,substring_nearby_date,,
118,57564,[H.A.S.C. No. 118-48 - Regional Missile Defense Assets-Assessing Cocom and Allied Demand for Capabilities,2023-12-07,hsas00,House National Security Committee,3iZykPfSNks,https://www.youtube.com/watch?v=3iZykPfSNks,20231207 STR: Regional Missile Defense Assets – Assessing COCOM and Allied Demand for Capabilities,0.78,fuzzy_title_exact_date,,
118,56026,F-35 ACQUISITION PROGRAM UPDATE,2023-12-12,hsas00,House National Security Committee,iuyYvmSbGo0,https://www.youtube.com/watch?v=iuyYvmSbGo0,20231212  TAL Hearing: F-35 Acquisition Program Update,0.85,substring_nearby_date,,
118,55202,RECRUITING SHORTFALLS AND GROWING MISTRUST: PERCEPTIONS OF THE U.S. MILITARY,2023-12-13,hsas00,House National Security Committee,VIngXajW_wQ,https://www.youtube.com/watch?v=VIngXajW_wQ,20231213 MLP Hearing: Recruiting Shortfalls and Growing Mistrust: Perceptions of the US Military,0.76,fuzzy_title_exact_date,,
118,55275,[H.A.S.C. No. 118-51] QUALITY OF LIFE REVIEW,2024-01-31,hsas00,House National Security Committee,,,,0.0,no_match,,
118,55232,[H.A.S.C. No. 118-52] QUALITY OF LIFE REVIEW PANEL,2024-02-06,hsas00,House National Security Committee,,,,0.0,no_match,,
118,57565,[H.A.S.C. No. 118-54] Outpacing China: Expediting The Field of Innovation,2024-02-15,hsas00,House National Security Committee,,,,0.0,no_match,,
118,56330,[H.A.S.C. No. 118-55] A Review of Defense Secretary Austin's Unannounced Absence,2024-02-29,hsas00,House National Security Committee,,,,0.0,no_match,,
118,55233,DEPARTMENT OF DEFENSE MONITORING OF COVID-19,2024-03-07,hsas00,House National Security Committee,oi2FaFS_afE,https://www.youtube.com/watch?v=oi2FaFS_afE,20240307  MLP Hearing: Department of Defense Monitoring of COVID-19,0.71,fuzzy_title_exact_date,,
118,57371,U.S. Military Posture and National Security Challenges in North and South America,2024-03-12,hsas00,House National Security Committee,qVDDwKfyDb8,https://www.youtube.com/watch?v=qVDDwKfyDb8,20240312  FC Hearing: U.S. Military Posture and Nat Sec Challenges in North and South America,0.72,fuzzy_title_exact_date,,
118,56192,AIR FORCE PROJECTION FORCES AVIATION PROGRAMS AND CAPABILITIES RELATED TO THE PRESIDENT'S 2025 BUDGET REQUEST,2024-03-12,hsas00,House National Security Committee,,,,0.0,no_match,,
118,57191,U.S. and Adversary Hypersonic Capabilities,2024-03-12,hsas00,House National Security Committee,KXeM6OzFt_g,https://www.youtube.com/watch?v=KXeM6OzFt_g,20240312  STR Hearing: U.S. and Adversary Hypersonic Capabilities,0.7,fuzzy_title_exact_date,,
118,56071,[H.A.S.C. No. 118-61] TOO CRITICAL TO FAIL: GETTING SOFTWARE RIGHT IN AN AGE OF RAPID INNOVATION,2024-03-13,hsas00,House National Security Committee,LYPFEm5IkDY,https://www.youtube.com/watch?v=LYPFEm5IkDY,20240313  CITI Hearing: Too Critical to Fail: Getting Software Right in an Age of Rapid Innovation,0.75,fuzzy_title_exact_date,,
118,57192,[H.A.S.C. No. 118-65] HEARING ON NATIONAL DEFENSE AUTHORIZATION ACT FOR FISCAL YEAR 2025 AND OVERSIGHT OF PREVIOUSLY AUTHORIZED PROGRAMS BEFORE THE COMMITTEE ON ARMED SERVICES HOUSE OF REPRESENTATIVES ONE HUNDRED EIGHTEENTH CONGRESS SECOND SESSION,2024-03-21,hsas00,House National Security Committee,,,,0.0,no_match,,
118,56900,THE TECHNOLOGY AND AI FIGHT FOR 21ST-CENTURY OPERATIONS IN THE DEPARTMENT OF DEFENSE,2024-03-22,hsas00,House National Security Committee,,,,0.0,no_match,,
118,56331,U.S. MILITARY POSTURE AND NATIONAL SECURITY CHALLENGES IN EUROPE,2024-04-10,hsas00,House National Security Committee,mLbWrj3fFxk,https://www.youtube.com/watch?v=mLbWrj3fFxk,20240410  Full Committee Hearing: U.S. Military Posture and National Security Challenges in Europe,0.7,fuzzy_title_exact_date,117114,
118,56081,NATIONAL DEFENSE AUTHORIZATION ACT FOR FISCAL YEAR 2025 AND OVERSIGHT OF PREVIOUSLY AUTHORIZED PROGRAMS BEFORE THE COMMITTEE ON ARMED SERVICES HOUSE OF REPRESENTATIVES ONE HUNDRED EIGHTEENTH CONGRESS SECOND SESSION,2024-04-10,hsas00,House National Security Committee,,,,0.0,no_match,,
118,55951,Posture and Readiness of The Mobility Enterprise - Transcom and Marad,2024-04-11,hsas00,House National Security Committee,rZ6ZrDRCK1E,https://www.youtube.com/watch?v=rZ6ZrDRCK1E,20240411 Joint SPF-RDY: Posture and Readiness of the Mobility Enterprise – TRANSCOM and MARAD,0.75,fuzzy_title_exact_date,,
118,57567,MEMBER DAY,2024-04-11,hsas00,House National Security Committee,,,,0.0,no_match,,
118,57372,[H.A.S.C. No. 118-71] A Review Of The Defense Intelligence Enterprise's Posture and Capabilities in Strategic Competition and In Synchronizing Intelligence Efforts To Counter The People's Republic of China,2024-04-11,hsas00,House National Security Committee,,,,0.0,no_match,,
118,57193,Fiscal Year 2025 Budget Request For Missile Defense And Missile Defeat Programs,2024-04-12,hsas00,House National Security Committee,D6mHNygMWBI,https://www.youtube.com/watch?v=D6mHNygMWBI,20240412  STR Hearing: FY25 Budget Request for Missile Defense and Missile Defeat Programs:,0.73,fuzzy_title_exact_date,,
118,56233,"FISCAL YEAR 2025 BUDGET REQUEST FOR DEPART- MENT OF DEFENSE ENERGY, INSTALLATIONS, AND ENVIRONMENT PROGRAMS",2024-04-16,hsas00,House National Security Committee,,,,0.0,no_match,,
118,56232,FISCAL YEAR 2025 BUDGET REQUEST OF THE DEPARTMENT OF DEFENSE FOR FIXED-WING TACTICAL AND TRAINING AIRCRAFT PROGRAM,2024-04-16,hsas00,House National Security Committee,,,,0.0,no_match,,
118,56361,Department of The Army Fiscal Year 2025 Budget Request,2024-04-16,hsas00,House National Security Committee,tWOJ0YY_yyY,https://www.youtube.com/watch?v=tWOJ0YY_yyY,20240416 Full Committee Hearing: Department of the Army Fiscal Year 2025 Budget Request,0.85,substring_nearby_date,,
118,56053,DEPARTMENT OF THE NAVY FISCAL YEAR 2025 BUDGET REQUEST FOR SEAPOWER AND PROJECTION FORCES,2024-04-17,hsas00,House National Security Committee,Jt4D7U9yJzs,https://www.youtube.com/watch?v=Jt4D7U9yJzs,20240417 SPF Hearing: Department of the Navy FY25 Budget Request for Seapower and Projection Forces,0.71,fuzzy_title_exact_date,,
118,57568,Department of the Air Force Fiscal Year 2025 Budget Request,2024-04-17,hsas00,House National Security Committee,x95y_uH4qR4,https://www.youtube.com/watch?v=x95y_uH4qR4,20240417 Full Committee Hearing: Department of the Air Force Fiscal Year 2025 Budget Request,0.85,substring_nearby_date,,
118,56396,Military Department Personnel Chiefs: Personnel Posture,2024-04-17,hsas00,House National Security Committee,MeUK3tzsq3g,https://www.youtube.com/watch?v=MeUK3tzsq3g,20240417 MLP Hearing: Military Department Personnel Chiefs: Personnel Posture,0.74,fuzzy_title_exact_date,,
118,57480,Department of Defense Fiscal Year 2025 Budget Request,2024-04-30,hsas00,House National Security Committee,Nr5xMeo96Xg,https://www.youtube.com/watch?v=Nr5xMeo96Xg,20240430 Full Committee Hearing: Department of Defense Fiscal Year 2025 Budget Request,0.85,substring_nearby_date,,
118,57375,FY25 Budget Request for National Security Space Programs,2024-05-01,hsas00,House National Security Committee,Wg1jTr8MKyY,https://www.youtube.com/watch?v=Wg1jTr8MKyY,20240501STR Hearing: FY25 Budget Request for National Security Space Programs,0.75,fuzzy_title_exact_date,,
118,57569,Department of the Navy Fiscal Year 2025 Budget Request,2024-05-01,hsas00,House National Security Committee,g6T2swgysLk,https://www.youtube.com/watch?v=g6T2swgysLk,20240501Full Committee Hearing: Department of the Navy Fiscal Year 2025 Budget Request,0.85,substring_nearby_date,,
118,57661,[H.A.S.C. No. 118-85] Fielding Technology and Innovation: Industry Views on Department of Defense Acquisition,2024-09-16,hsas00,House National Security Committee,Zd_SZsI_jUA,https://www.youtube.com/watch?v=Zd_SZsI_jUA,20240909: FC: Fielding Technology & Innovation: Industry Views on Department of Defense Acquisition,0.74,fuzzy_title_exact_date,,
118,58094,THE FINDINGS AND RECOMMENDATIONS OF THE COMMISSION ON THE NATIONAL DEFENSE STRATEGY,2024-09-18,hsas00,House National Security Committee,ToW4x6a7LIM,https://www.youtube.com/watch?v=ToW4x6a7LIM,20240918: FC: The Findings and Recommendations of the Commission on the National Defense Strategy,0.83,fuzzy_title_exact_date,,
118,57566,[H.A.S.C. No. 118-62] U.S. MILITARY POSTURE AND NATIONAL SECURITY CHALLENGES IN THE INDO-PACIFIC REGION,2024-03-20,hsas29,House Armed Services Subcommittee on Strategic Forces,,,,0.0,no_match,,
118,52357,COMBATTING THE ECONOMIC THREAT FROM CHINA,2023-02-07,hsba00,"House Banking, Currency, and Housing Committee",QPKxLlXbD8o,https://www.youtube.com/watch?v=QPKxLlXbD8o,Combatting the Economic Threat from China (EventID=115279),1.0,event_id_exact,115279,
118,52359,EMPOWERING ENTREPRENEURS: REMOVING BARRIERS TO CAPITAL ACCESS FOR SMALL BUSINESSES,2023-02-08,hsba00,"House Banking, Currency, and Housing Committee",5lW8MwdJ7m8,https://www.youtube.com/watch?v=5lW8MwdJ7m8,Empowering Entrepreneurs: Removing Barriers to Capital Access for Small... (EventID=115289),1.0,event_id_exact,115289,
118,52358,"SOPHISTICATION OR DISCRIMINATION? HOW THE ""ACCREDITED INVESTOR"" DEFINITION UNFAIRLY LIMITS INVESTMENT ACCESS FOR THE NON-WEALTHY AND THE NEED FOR REFORM",2023-02-08,hsba00,"House Banking, Currency, and Housing Committee",M1t22EQJggA,https://www.youtube.com/watch?v=M1t22EQJggA,Sophistication or Discrimination: How the Accredited Investor Definition Unfairl... (EventID=115288),1.0,event_id_exact,115288,
118,52362,HOLDING THE BIDEN ADMINISTRATION ACCOUNTABLE FOR WASTEFUL SPENDING. AND REGULATORY OVERREACH,2023-03-08,hsba00,"House Banking, Currency, and Housing Committee",W0v8Tifk7RM,https://www.youtube.com/watch?v=W0v8Tifk7RM,Holding the Biden Administration Accountable for Wasteful Spending and... (EventID=115385),1.0,event_id_exact,115385,
118,52361,THE FEDERAL RESERVE'S SEMI-ANNUAL MONETARY POLICY REPORT,2023-03-08,hsba00,"House Banking, Currency, and Housing Committee",5zMXW13luH8,https://www.youtube.com/watch?v=5zMXW13luH8,The Federal Reserve’s Semi-Annual Monetary Policy Report (EventID=115416),1.0,event_id_exact,115416,
118,52365,CONSUMER FINANCIAL PROTECTION BUREAU: RIPE FOR REFORM,2023-03-09,hsba00,"House Banking, Currency, and Housing Committee",OeDDklr-j2o,https://www.youtube.com/watch?v=OeDDklr-j2o,Consumer Financial Protection Bureau: Ripe for Reform (EventID=115384),1.0,event_id_exact,115384,
118,52363,U.S. PUBLIC MARKETS BUILT FOR THE 21ST CENTURY: EXPLORING REFORMS TO MAKE OUR PUBLIC MARKETS ATTRACTIVE FOR SMALL AND EMERGING COMPANIES RAISING CAPITAL,2023-03-09,hsba00,"House Banking, Currency, and Housing Committee",02bIBcdNA30,https://www.youtube.com/watch?v=02bIBcdNA30,U.S. Public Markets Built for the 21st Century: Exploring Reforms to Make Our... (EventID=115394),1.0,event_id_exact,115394,
118,52364,COINCIDENCE OR COORDINATED? THE ADMINISTRATION'S ATTACK ON THE DIGITAL ASSET ECOSYSTEM,2023-03-09,hsba00,"House Banking, Currency, and Housing Committee",hp2lT_Xe0do,https://www.youtube.com/watch?v=hp2lT_Xe0do,Coincidence or Coordinated? The Administration’s Attack on the Digital Asset... (EventID=115389),1.0,event_id_exact,115389,
118,52366,HOW DO WE ENCOURAGE GREATER FLOOD INSURANCE COVERAGE IN AMERICA?,2023-03-10,hsba00,"House Banking, Currency, and Housing Committee",tWsfOeWsUzc,https://www.youtube.com/watch?v=tWsfOeWsUzc,How Do We Encourage Greater Flood Insurance Coverage in America? (EventID=115462),1.0,event_id_exact,115462,
118,52389,FOLLOW THE MONEY: THE CCP'S BUSINESS MODEL FUELING THE FENTANYL CRISIS,2023-03-23,hsba00,"House Banking, Currency, and Housing Committee",lV8A8Myo9X8,https://www.youtube.com/watch?v=lV8A8Myo9X8,Follow the Money: The CCP’s Business Model Fueling the Fentanyl Crisis (EventID=115542),1.0,event_id_exact,115542,
118,52390,THE FEDERAL REGULATORS' RESPONSE TO RECENT BANK FAILURES,2023-03-29,hsba00,"House Banking, Currency, and Housing Committee",Jj3tOB0ga9I,https://www.youtube.com/watch?v=Jj3tOB0ga9I,The Federal Regulators' Response to Recent Bank Failures (EventID=115605),1.0,event_id_exact,115605,
118,52391,OVERSIGHT OF THE SECURITIES AND EXCHANGE COMMISSION,2023-04-18,hsba00,"House Banking, Currency, and Housing Committee",A44LPXZ33_E,https://www.youtube.com/watch?v=A44LPXZ33_E,Oversight of the Securities and Exchange Commission (EventID=115751),1.0,event_id_exact,115751,
118,52393,UNDERSTANDING STABLECOINS' ROLE IN PAYMENTS AND THE NEED FOR LEGISLATION,2023-04-19,hsba00,"House Banking, Currency, and Housing Committee",jeNa4TVccBM,https://www.youtube.com/watch?v=jeNa4TVccBM,Understanding Stablecoins’ Role in Payments and the Need for Legislation (EventID=115753),1.0,event_id_exact,115753,
118,52392,A ROADMAP FOR GROWTH: REFORMS TO ENCOURAGE CAPITAL FORMATION AND INVESTMENT OPPORTUNITIES FOR ALL AMERICANS,2023-04-19,hsba00,"House Banking, Currency, and Housing Committee",a6QQttMgHo0,https://www.youtube.com/watch?v=a6QQttMgHo0,A Roadmap for Growth: Reforms to Encourage Capital Formation and Investment... (EventID=115754),1.0,event_id_exact,115754,
118,52395,THE FUTURE OF DIGITAL ASSETS: IDENTIFYING THE REGULATORY GAPS IN THE DIGITAL ASSET MARKET STRUCTURE,2023-04-27,hsba00,"House Banking, Currency, and Housing Committee",vF6C3Zjb0vk,https://www.youtube.com/watch?v=vF6C3Zjb0vk,The Future of Digital Assets: Identifying the Regulatory Gaps in Digital Asset... (EventID=115821),1.0,event_id_exact,115821,
118,52394,OVERSIGHT OF THE FINANCIAL CRIMES ENFORCEMENT NETWORK (FinCEN) AND THE OFFICE OF TERRORISM AND FINANCIAL INTELLIGENCE (TFI),2023-04-27,hsba00,"House Banking, Currency, and Housing Committee",FiVt-wYfhL0,https://www.youtube.com/watch?v=FiVt-wYfhL0,Oversight of the Financial Crimes Enforcement Network (FinCEN) and the Office of... (EventID=115822),1.0,event_id_exact,115822,
118,52396,THE REAUTHORIZATION OF THE NATIONAL FLOOD INSURANCE PROGRAM: FEMA'S PERSPECTIVE,2023-04-28,hsba00,"House Banking, Currency, and Housing Committee",6rZ9t13_5Lw,https://www.youtube.com/watch?v=6rZ9t13_5Lw,The Reauthorization of the National Flood Insurance Program: FEMA’s Perspective (EventID=115836),1.0,event_id_exact,115836,
118,52932,FEDERAL RESPONSES TO RECENT BANK FAILURES,2023-05-10,hsba00,"House Banking, Currency, and Housing Committee",rC1xe9Vhijo,https://www.youtube.com/watch?v=rC1xe9Vhijo,Federal Responses to Recent Bank Failures (EventID=115890),1.0,event_id_exact,115890,
118,52933,OVERSIGHT OF SILICON VALLEY BANK AND SIGNATURE BANK: GAO'S PRELIMINARY REVIEW,2023-05-11,hsba00,"House Banking, Currency, and Housing Committee",etPKug0Vnkk,https://www.youtube.com/watch?v=etPKug0Vnkk,Oversight of Silicon Valley Bank and Signature Bank: GAO’s Preliminary Review (EventID=115875),1.0,event_id_exact,115875,
118,52934,OVERSIGHT OF PRUDENTIAL REGULATORS,2023-05-16,hsba00,"House Banking, Currency, and Housing Committee",fw1wHI4s-BA,https://www.youtube.com/watch?v=fw1wHI4s-BA,Oversight of Prudential Regulators (EventID=115922),1.0,event_id_exact,115922,
118,52936,THE CURRENT MORTGAGE MARKET: UNDERMINING HOUSING AFFORDABILITY WITH POLITICS,2023-05-17,hsba00,"House Banking, Currency, and Housing Committee",Uc9GPnBEKQ8,https://www.youtube.com/watch?v=Uc9GPnBEKQ8,The Current Mortgage Market: Undermining Housing Affordability with Politics (EventID=115954),1.0,event_id_exact,115954,
118,52935,CONTINUED OVERSIGHT OVER REGIONAL BANK FAILURES,2023-05-17,hsba00,"House Banking, Currency, and Housing Committee",8XBMICzCx5s,https://www.youtube.com/watch?v=8XBMICzCx5s,Joint Hearing: Continued Oversight Over Regional Bank Failures (EventID=115923),0.85,substring_nearby_date,,
118,52937,"PUTTING THE ""STABLE"" IN ""STABLECOINS"": HOW LEGISLATION WILL HELP STABLECOINS ACHIEVE THEIR PROMISE",2023-05-18,hsba00,"House Banking, Currency, and Housing Committee",j9yNSGFtzgw,https://www.youtube.com/watch?v=j9yNSGFtzgw,Putting the ‘Stable’ in ‘Stablecoins:’ How Legislation Will Help Stablecoins... (EventID=115973),1.0,event_id_exact,115973,
118,52938,FHFA OVERSIGHT: PROTECTING HOMEOWNERS AND TAXPAYERS,2023-05-23,hsba00,"House Banking, Currency, and Housing Committee",K4fbx8ooa6s,https://www.youtube.com/watch?v=K4fbx8ooa6s,FHFA Oversight: Protecting Homeowners and Taxpayers (EventID=116003),1.0,event_id_exact,116003,
118,52939,INTERNATIONAL FINANCIAL INSTITUTIONS IN AN ERA OF GREAT POWER COMPETITION,2023-05-25,hsba00,"House Banking, Currency, and Housing Committee",glVnxTzbpq0,https://www.youtube.com/watch?v=glVnxTzbpq0,International Financial Institutions in an Era of Great Power Competition (EventID=116016),1.0,event_id_exact,116016,
118,52940,UNCERTAIN DEBT MANAGEMENT: TREASURY MARKETS AND FINANCIAL INSTITUTIONS,2023-06-06,hsba00,"House Banking, Currency, and Housing Committee",0i9QHmULu6U,https://www.youtube.com/watch?v=0i9QHmULu6U,Uncertain Debt Management: Treasury Markets and Financial Institutions (EventID=116054),1.0,event_id_exact,116054,
118,53177,DOLLAR DOMINANCE: PRESERVING THE U.S. DOLLAR'S STATUS AS THE GLOBAL RESERVE CURRENCY,2023-06-07,hsba00,"House Banking, Currency, and Housing Committee",iWwUopi0I4o,https://www.youtube.com/watch?v=iWwUopi0I4o,Dollar Dominance: Preserving the U.S. Dollar’s Status as the Global Reserve... (EventID=116068),1.0,event_id_exact,116068,
118,53179,THE FUTURE OF DIGITAL ASSETS: PROVIDING CLARITY FOR THE DIGITAL ASSET ECOSYSTEM,2023-06-13,hsba00,"House Banking, Currency, and Housing Committee",Sq4-6dJRfPs,https://www.youtube.com/watch?v=Sq4-6dJRfPs,The Future of Digital Assets: Providing Clarity for the Digital Asset Ecosystem (EventID=116085),1.0,event_id_exact,116085,
118,53178,THE ANNUAL TESTIMONY OF THE SECRETARY OF THE TREASURY ON THE STATE OF THE INTERNATIONAL FINANCIAL SYSTEM,2023-06-13,hsba00,"House Banking, Currency, and Housing Committee",snyJCDf2_0k,https://www.youtube.com/watch?v=snyJCDf2_0k,The Annual Testimony of the Secretary of the Treasury on the State of the... (EventID=116084),0.71,fuzzy_title_exact_date,,
118,53180,THE SEMI-ANNUAL REPORT OF THE BUREAU OF CONSUMER FINANCIAL PROTECTION,2023-06-14,hsba00,"House Banking, Currency, and Housing Committee",wEa0th4D06g,https://www.youtube.com/watch?v=wEa0th4D06g,The Semi-Annual Report of the Bureau of Consumer Financial Protection (EventID=116102),1.0,event_id_exact,116102,
118,53199,THE FEDERAL RESERVE'S SEMI-ANNUAL MONETARY POLICY REPORT,2023-06-21,hsba00,"House Banking, Currency, and Housing Committee",25H_MJfGbUI,https://www.youtube.com/watch?v=25H_MJfGbUI,The Federal Reserve’s Semi-Annual Monetary Policy Report (EventID=116127),0.78,fuzzy_title_exact_date,,
118,53200,HUD OVERSIGHT: TESTIMONY OF THE HUD INSPECTOR GENERAL,2023-06-21,hsba00,"House Banking, Currency, and Housing Committee",qxuk_ie-dZA,https://www.youtube.com/watch?v=qxuk_ie-dZA,HUD Oversight: Testimony of the HUD Inspector General (EventID=116128),1.0,event_id_exact,116128,
118,53201,OVERSIGHT OF THE SEC,2023-06-22,hsba00,"House Banking, Currency, and Housing Committee",_D2b_7j3tac,https://www.youtube.com/watch?v=_D2b_7j3tac,Oversight of the SEC (EventID=116142),0.85,substring_nearby_date,,
118,53202,OVERSIGHT OF THE SEC'S DIVISION OF TRADING AND MARKETS,2023-06-22,hsba00,"House Banking, Currency, and Housing Committee",LQpnGnsQDj8,https://www.youtube.com/watch?v=LQpnGnsQDj8,Oversight of the SEC’s Division of Corporation Finance  (EventID=116143),1.0,event_id_exact,116143,
118,53376,PROTECTING INVESTOR INTERESTS: EXAMINING ENVIRONMENTAL AND SOCIAL POLICY IN FINANCIAL REGULATION,2023-07-12,hsba00,"House Banking, Currency, and Housing Committee",vAr4OB5kOPU,https://www.youtube.com/watch?v=vAr4OB5kOPU,Protecting Investor Interests: Examining Environmental and Social Policy in... (EventID=116194),0.7,fuzzy_title_exact_date,,
118,53377,REFORMING THE PROXY PROCESS TO SAFEGUARD INVESTOR INTERESTS,2023-07-13,hsba00,"House Banking, Currency, and Housing Committee",orCzhkQ3QV8,https://www.youtube.com/watch?v=orCzhkQ3QV8,Reforming the Proxy Process to Safeguard Investor Interests (EventID=116207),0.79,fuzzy_title_exact_date,,
118,53378,OVERSIGHT OF THE PROXY ADVISORY INDUSTRY,2023-07-13,hsba00,"House Banking, Currency, and Housing Committee",UlxtUMJlcQ4,https://www.youtube.com/watch?v=UlxtUMJlcQ4,Oversight of the Proxy Advisory Industry (EventID=116203),0.74,fuzzy_title_exact_date,,
118,53379,HOW MANDATES LIKE ESG DISTORT MARKETS AND DRIVE UP COSTS FOR INSURANCE AND HOUSING,2023-07-14,hsba00,"House Banking, Currency, and Housing Committee",pp9yarNEuAA,https://www.youtube.com/watch?v=pp9yarNEuAA,How Mandates Like ESG Distort Markets and Drive Up Costs for Insurance and Housing (EventID=116212),0.82,fuzzy_title_exact_date,,
118,53871,POTENTIAL CONSEQUENCES OF FINCEN'S BENEFICIAL OWNERSHIP RULEMAKING,2023-07-18,hsba00,"House Banking, Currency, and Housing Committee",F0fsimyVMXM,https://www.youtube.com/watch?v=F0fsimyVMXM,Potential Consequences of FinCEN’s Beneficial Ownership Rulemaking (EventID=116236),0.8,fuzzy_title_exact_date,,
118,53869,CLIMATE RISK: ARE FINANCIAL REGULATORS POLITICALLY INDEPENDENT?,2023-07-18,hsba00,"House Banking, Currency, and Housing Committee",8xZfAI0-Mig,https://www.youtube.com/watch?v=8xZfAI0-Mig,Climate-Risk: Are Financial Regulators Politically Independent? (EventID=116235),0.79,fuzzy_title_exact_date,,
118,53870,OVERSIGHT OF THE SEC'S DIVISION OF CORPORATION FINANCE,2023-07-18,hsba00,"House Banking, Currency, and Housing Committee",,,,0.0,no_match_deduped,,
118,53872,OVERSIGHT OF THE COMMITTEE ON FOREIGN INVESTMENT IN THE UNITED STATES (CFIUS) AND OTHER EFFORTS TO STRENGTHEN NATIONAL SECURITY IN THE UNITED STATES,2023-09-13,hsba00,"House Banking, Currency, and Housing Committee",,,,0.0,no_match,,
118,54178,DIGITAL DOLLAR DILEMMA: THE IMPLICATIONS OF A CENTRAL BANK DIGITAL CURRENCY AND PRIVATE SECTOR ALTERNATIVES,2023-09-14,hsba00,"House Banking, Currency, and Housing Committee",,,,0.0,no_match,,
118,54177,IMPLEMENTING BASEL III: WHAT'S THE FED'S ENDGAME?,2023-09-14,hsba00,"House Banking, Currency, and Housing Committee",_tTtxz8LzuI,https://www.youtube.com/watch?v=_tTtxz8LzuI,Implementing Basel III: What’s the Fed’s Endgame? (EventID=116339),0.76,fuzzy_title_exact_date,,
118,54179,A HOLISTIC REVIEW OF REGULATORS: REGULATORY OVERREACH AND ECONOMIC CONSEQUENCES,2023-09-19,hsba00,"House Banking, Currency, and Housing Committee",yDZK9dbOvWI,https://www.youtube.com/watch?v=yDZK9dbOvWI,A Holistic Review of Regulators: Regulatory Overreach and Economic Consequences (EventID=116342),0.81,fuzzy_title_exact_date,,
118,54180,OVERSIGHT OF THE SEC'S DIVISION OF INVESTMENT MANAGEMENT,2023-09-19,hsba00,"House Banking, Currency, and Housing Committee",sSK0PVdF-Mc,https://www.youtube.com/watch?v=sSK0PVdF-Mc,Oversight of the SEC’s Division of Investment Management (EventID=116341),0.78,fuzzy_title_exact_date,,
118,54314,OVERSIGHT OF THE SECURITIES AND EXCHANGE COMMISSION,2023-09-27,hsba00,"House Banking, Currency, and Housing Committee",gzhmi10nNN4,https://www.youtube.com/watch?v=gzhmi10nNN4,Oversight of the Securities and Exchange Commission (EventID=116403),0.77,fuzzy_title_exact_date,,
118,54315,MODERNIZING FINANCIAL SERVICES THROUGH INNOVATION AND COMPETITION,2023-10-25,hsba00,"House Banking, Currency, and Housing Committee",5kuSC3r_Fh4,https://www.youtube.com/watch?v=5kuSC3r_Fh4,Modernizing Financial Services Through Innovation and Competition (EventID=116459),0.8,fuzzy_title_exact_date,,
118,54316,"HOW AMERICA AND ITS ALLIES CAN STOP HAMAS, HEZBOLLAH, AND IRAN FROM EVADING SANCTIONS AND FINANCING TERROR",2023-10-25,hsba00,"House Banking, Currency, and Housing Committee",,,,0.0,no_match,,
118,54317,MOVING THE MONEY: UNDERSTANDING THE IRANIAN REGIME'S ACCESS TO MONEY AROUND THE WORLD AND HOW THEY USE IT TO SUPPORT TERRORISM,2023-10-26,hsba00,"House Banking, Currency, and Housing Committee",,,,0.0,no_match,,
118,55022,THE FACTORS INFLUENCING THE HIGH COST OF INSURANCE FOR CONSUMERS,2023-11-02,hsba00,"House Banking, Currency, and Housing Committee",k1vHfFHDExY,https://www.youtube.com/watch?v=k1vHfFHDExY,The Factors Influencing the High Cost of Insurance for Consumers (EventID=116528),0.8,fuzzy_title_exact_date,,
118,55021,EXAMINING THE SEC'S AGENDA: UNINTENDED CONSEQUENCES FOR U.S. CAPITAL MARKETS AND INVESTORS,2023-11-02,hsba00,"House Banking, Currency, and Housing Committee",IH5CoKSgZR0,https://www.youtube.com/watch?v=IH5CoKSgZR0,Examining the SEC’s Agenda: Unintended Consequences for U.S. Capital Markets and... (EventID=116527),0.76,fuzzy_title_exact_date,,
118,55023,THE TANGLED WEB OF GLOBAL GOVERNANCE: HOW THE BIDEN ADMINISTRATION IS CEDING AUTHORITY OVER AMERICAN FINANCIAL REGULATION,2023-11-07,hsba00,"House Banking, Currency, and Housing Committee",,,,0.0,no_match,,
118,55024,MEMBER DAY,2023-11-09,hsba00,"House Banking, Currency, and Housing Committee",,,,0.0,no_match,,
118,55096,OVERSIGHT OF PRUDENTIAL REGULATORS,2023-11-15,hsba00,"House Banking, Currency, and Housing Committee",stHnTq6JQdw,https://www.youtube.com/watch?v=stHnTq6JQdw,Oversight of Prudential Regulators (EventID=116578),0.72,fuzzy_title_exact_date,,
118,55097,CRYPTO CRIME IN CONTEXT: BREAKING DOWN THE ILLICIT ACTIVITY IN DIGITAL ASSETS,2023-11-15,hsba00,"House Banking, Currency, and Housing Committee",rarI-5O77Ts,https://www.youtube.com/watch?v=rarI-5O77Ts,Crypto Crime in Context: Breaking Down the Illicit Activity in Digital Assets (EventID=116579),0.81,fuzzy_title_exact_date,,
118,55098,THE SEMI-ANNUAL REPORT OF THE BUREAU OF CONSUMER FINANCIAL PROTECTION,2023-11-29,hsba00,"House Banking, Currency, and Housing Committee",xGZxPgs4C80,https://www.youtube.com/watch?v=xGZxPgs4C80,The Semi-Annual Report of the Bureau of Consumer Financial Protection (EventID=116547),0.8,fuzzy_title_exact_date,,
118,55099,FOSTERING FINANCIAL INNOVATION: HOW AGENCIES CAN LEVERAGE TECHNOLOGY TO SHAPE THE FUTURE OF FINANCIAL SERVICES,2023-12-05,hsba00,"House Banking, Currency, and Housing Committee",,,,0.0,no_match,,
118,55205,HOUSING AFFORDABILITY: GOVERNMENTAL BARRIERS AND MARKET-BASED SOLUTIONS,2023-12-06,hsba00,"House Banking, Currency, and Housing Committee",OJ0MbvwidcY,https://www.youtube.com/watch?v=OJ0MbvwidcY,Housing Affordability: Governmental Barriers and Market-Based Solutions (EventID=116635),0.8,fuzzy_title_exact_date,,
118,55206,CONNECTING COMMUNITIES: BUILDING INNOVATION ECOSYSTEMS ACROSS AMERICA,2023-12-08,hsba00,"House Banking, Currency, and Housing Committee",ZVlUWAH7LPo,https://www.youtube.com/watch?v=ZVlUWAH7LPo,Field Hearing: Connecting Communities: Building Innovation Ecosystems Across America(EventID=116639),0.8,fuzzy_title_exact_date,,
118,55207,"RESTRICTING ROGUE-STATE REVENUE: STRENGTHENING ENERGY SANCTIONS ON RUSSIA, IRAN, AND VENEZUELA",2023-12-12,hsba00,"House Banking, Currency, and Housing Committee",p7QyzOQXrsQ,https://www.youtube.com/watch?v=p7QyzOQXrsQ,"Restricting Rogue-State Revenue: Strengthening Energy Sanctions on Russia, Iran... (EventID=116636)",0.75,fuzzy_title_exact_date,,
118,55208,"EXAMINING THE AGENDA OF REGULATORS, SROs, AND STANDARDS-SETTERS FOR ACCOUNTING, AUDITING",2023-12-12,hsba00,"House Banking, Currency, and Housing Committee",aduHWUfuLJg,https://www.youtube.com/watch?v=aduHWUfuLJg,"Examining the Agenda of Regulators, SROs, and Standards-Setters for Accounting... (EventID=116638)",0.8,fuzzy_title_exact_date,,
118,55958,MOVING THE MONEY PART 2: GETTING ANSWERS FROM THE BIDEN ADMINISTRATION ON THE IRANIAN REGIME'S SUPPORT OF TERRORISM,2023-12-13,hsba00,"House Banking, Currency, and Housing Committee",,,,0.0,no_match,,
118,56000,REGULATORY WHIPLASH: EXAMINING THE IMPACT OF FSOC'S EVER-CHANGING DESIGNATION FRAMEWORK ON INNOVATION,2024-01-10,hsba00,"House Banking, Currency, and Housing Committee",,,,0.0,no_match,,
118,56001,OVERSIGHT OF THE DEPARTMENT OF HOUSING AND URBAN DEVELOPMENT AND THE FEDERAL HOUSING ADMINISTRATION,2024-01-11,hsba00,"House Banking, Currency, and Housing Committee",jYKgZHaWuSc,https://www.youtube.com/watch?v=jYKgZHaWuSc,Oversight of the Department of Housing and Urban Development & the Federal Housing (EventID=116728),0.74,fuzzy_title_exact_date,,
118,56190,INTERNATIONAL FINANCING OF NUCLEAR ENERGY,2024-01-17,hsba00,"House Banking, Currency, and Housing Committee",Ax0X1jeOue0,https://www.youtube.com/watch?v=Ax0X1jeOue0,International Financing of Nuclear Energy (EventID=116742),0.75,fuzzy_title_exact_date,,
118,56256,OVERSIGHT OF THE SEC'S PROPOSED CLIMATE DISCLOSURE RULE: A FUTURE OF LEGAL HURDLES,2024-01-18,hsba00,"House Banking, Currency, and Housing Committee",2qLJQgE9lEk,https://www.youtube.com/watch?v=2qLJQgE9lEk,Oversight of the SEC’s Proposed Climate Disclosure Rule: A Future of Legal... (EventID=116744),0.76,fuzzy_title_exact_date,,
118,56257,BETTER INVESTMENT BARRIERS: STRENGTHENING CCP SANCTIONS AND EXPLORING ALTERNATIVES TO BUREAUCRATIC REGIMES,2024-01-30,hsba00,"House Banking, Currency, and Housing Committee",,,,0.0,no_match,,
118,56258,RULES WITHOUT ANALYSIS: FEDERAL BANKING PROPOSALS UNDER THE BIDEN ADMINISTRATION,2024-01-31,hsba00,"House Banking, Currency, and Housing Committee",jd7cWpQzMd4,https://www.youtube.com/watch?v=jd7cWpQzMd4,Rules Without Analysis: Federal Banking Proposals Under the Biden Administration (EventID=116775),0.81,fuzzy_title_exact_date,,
118,56278,THE ANNUAL REPORT OF THE FINANCIAL,2024-02-06,hsba00,"House Banking, Currency, and Housing Committee",FTczQUTMJmU,https://www.youtube.com/watch?v=FTczQUTMJmU,The Annual Report of the Financial Stability Oversight Council (EventID=116798),0.84,substring_nearby_date,,
118,56279,OVERSIGHT OF THE FINANCIAL CRIMES ENFORCEMENT NETWORK (FINCEN) AND THE OFFICE OF TERRORISM AND FINANCIAL INTELLIGENCE (TFI),2024-02-14,hsba00,"House Banking, Currency, and Housing Committee",,,,0.0,no_match,,
118,56280,LENDER OF LAST RESORT: ISSUES WITH THE FED DISCOUNT WINDOW AND EMERGENCY LENDING,2024-02-15,hsba00,"House Banking, Currency, and Housing Committee",eLJrUXhC7FA,https://www.youtube.com/watch?v=eLJrUXhC7FA,Lender of Last Resort: Issues with the Fed Discount Window and Emergency Lending (EventID=116860),0.81,fuzzy_title_exact_date,,
118,56281,CRYPTO CRIME IN CONTEXT PART II: EXAMINING APPROACHES TO COMBAT ILLICIT ACTIVITY,2024-02-15,hsba00,"House Banking, Currency, and Housing Committee",yd6MV5GoOQY,https://www.youtube.com/watch?v=yd6MV5GoOQY,Crypto Crime in Context Part II: Examining Approaches to Combat Illicit Activity (EventID=116861),0.81,fuzzy_title_exact_date,,
118,56347,RESTORING PROSPERITY IN AMERICAN COMMUNITIES: EXAMINING THE FAILURES OF STATUS QUO HOUSING POLICY,2024-02-22,hsba00,"House Banking, Currency, and Housing Committee",,,,0.0,no_match,,
118,56348,THE FEDERAL RESERVE'S SEMI-ANNUAL MONETARY POLICY REPORT,2024-03-06,hsba00,"House Banking, Currency, and Housing Committee",kB4MTFNX61M,https://www.youtube.com/watch?v=kB4MTFNX61M,The Federal Reserve’s Semi-Annual Monetary Policy Report (EventID=116915),0.78,fuzzy_title_exact_date,,
118,56349,POLITICIZED FINANCIAL REGULATION AND ITS IMPACT ON CONSUMER CREDIT AND COMMUNITY DEVELOPMENT,2024-03-07,hsba00,"House Banking, Currency, and Housing Committee",bDh2BVAaU-s,https://www.youtube.com/watch?v=bDh2BVAaU-s,Politicized Financial Regulation and its Impact on Consumer Credit and Community... (EventID=116927),0.82,fuzzy_title_exact_date,,
118,56350,MISSION CRITICAL: RESTORING NATIONAL SECURITY AS THE FOCUS OF DEFENSE PRODUCTION ACT REAUTHORIZATION,2024-03-12,hsba00,"House Banking, Currency, and Housing Committee",aNRiuvdmNWQ,https://www.youtube.com/watch?v=aNRiuvdmNWQ,Mission Critical: Restoring National Security as the Focus of Defense Production... (EventID=116950),0.73,fuzzy_title_exact_date,,
118,56391,BUREAUCRATIC OVERREACH OR CONSUMER PROTECTION? EXAMINING THE CFPB'S LATEST ACTION TO RESTRICT COMPETITION IN PAYMENTS,2024-03-13,hsba00,"House Banking, Currency, and Housing Committee",,,,0.0,no_match,,
118,56392,VICTIMS OF REGULATORY OVERREACH: HOW THE SEC'S CLIMATE DISCLOSURE RULE WILL HARM AMERICANS,2024-03-18,hsba00,"House Banking, Currency, and Housing Committee",,,,0.0,no_match,,
118,56393,THE CHARACTERISTICS AND CHALLENGES OF TODAY'S HOMEBUYERS,2024-03-20,hsba00,"House Banking, Currency, and Housing Committee",qqRuRGqD75A,https://www.youtube.com/watch?v=qqRuRGqD75A,The Characteristics and Challenges of Today’s Homebuyers (EventID=116995),0.78,fuzzy_title_exact_date,,
118,56394,SEC OVERREACH: EXAMINING THE NEED FOR REFORM,2024-03-20,hsba00,"House Banking, Currency, and Housing Committee",E1tCgE9YuwQ,https://www.youtube.com/watch?v=E1tCgE9YuwQ,SEC Overreach: Examining the Need for Reform (EventID=116994),0.75,fuzzy_title_exact_date,,
118,56436,IMPORTING GLOBAL GOVERNANCE:,2024-03-21,hsba00,"House Banking, Currency, and Housing Committee",y2bgLAtfmmI,https://www.youtube.com/watch?v=y2bgLAtfmmI,Importing Global Governance: Examining the Dangers of Ceding Authority Over... (EventID=116997),0.82,substring_nearby_date,,
118,56437,BEYOND SCOPE: HOW THE SEC'S CLIMATE RULE THREATENS AMERICAN MARKETS,2024-04-10,hsba00,"House Banking, Currency, and Housing Committee",gr3ZaIhx83o,https://www.youtube.com/watch?v=gr3ZaIhx83o,Beyond Scope: How the SEC’s Climate Rule Threatens American Markets (EventID=117092),0.8,fuzzy_title_exact_date,,
118,56438,HELD FOR RANSOM: HOW RANSOMWARE ENDANGERS OUR FINANCIAL SYSTEM,2024-04-16,hsba00,"House Banking, Currency, and Housing Committee",VktjIwzKYdM,https://www.youtube.com/watch?v=VktjIwzKYdM,Held for Ransom: How Ransomware Endangers Our Financial System (EventID=117127),0.79,fuzzy_title_exact_date,,
118,56439,AGENCY AUDIT: REVIEWING CFPB FINANCIAL REPORTING AND TRANSPARENCY,2024-04-16,hsba00,"House Banking, Currency, and Housing Committee",BHv7UFF6a1A,https://www.youtube.com/watch?v=BHv7UFF6a1A,Agency Audit: Reviewing CFPB Financial Reporting & Transparency (EventID=117128),0.76,fuzzy_title_exact_date,,
118,56461,MERGER POLICIES OF THE FEDERAL BANKING AGENCIES,2024-05-01,hsba00,"House Banking, Currency, and Housing Committee",F0G1Km2w3IA,https://www.youtube.com/watch?v=F0G1Km2w3IA,Merger Policies of the Federal Banking Agencies (EventID=117227),0.76,fuzzy_title_exact_date,,
118,56462,SEC ENFORCEMENT: BALANCING DETERRENCE WITH DUE PROCESS,2024-05-07,hsba00,"House Banking, Currency, and Housing Committee",uPzBltjvzGQ,https://www.youtube.com/watch?v=uPzBltjvzGQ,SEC Enforcement: Balancing Deterrence with Due Process (EventID=117259),0.78,fuzzy_title_exact_date,,
118,56463,"MISSION CRITICAL: RESTORING NATIONAL SECURITY AS THE FOCUS OF DEFENSE PRODUCTION ACT REAUTHORIZATION, PART II",2024-05-08,hsba00,"House Banking, Currency, and Housing Committee",i9HK7UwwwmU,https://www.youtube.com/watch?v=i9HK7UwwwmU,Mission Critical: Restoring National Security as the Focus of Defense Production... (EventID=117274),0.7,fuzzy_title_exact_date,,
118,56520,PHA OVERSIGHT: HOW SCANDALS AND MISMANAGEMENT HARM RESIDENTS AND TAXPAYERS,2024-05-22,hsba00,"House Banking, Currency, and Housing Committee",nkQCDFoSirM,https://www.youtube.com/watch?v=nkQCDFoSirM,PHA Oversight: How Scandals and Mismanagement Harm Residents and Taxpayers (EventID=117346),0.81,fuzzy_title_exact_date,,
118,56522,OVERSIGHT OF THE FDIC'S FAILED LEADERSHIP AND TOXIC WORKPLACE CULTURE,2024-06-12,hsba00,"House Banking, Currency, and Housing Committee",OT6vD9uRDMU,https://www.youtube.com/watch?v=OT6vD9uRDMU,Oversight of the FDIC’s Failed Leadership and Toxic Workplace Culture (EventID=117412),0.8,fuzzy_title_exact_date,,
118,56906,THE ANNUAL TESTIMONY OF THE SECRETARY OF THE TREASURY ON THE STATE OF THE INTERNATIONAL FINANCIAL SYSTEM,2024-07-09,hsba00,"House Banking, Currency, and Housing Committee",MIiciQEbaAo,https://www.youtube.com/watch?v=MIiciQEbaAo,The Annual Testimony of the Secretary of the Treasury on the State of the... (EventID=117506),0.71,fuzzy_title_exact_date,,
118,56907,THE FEDERAL RESERVE'S SEMIANNUAL MONETARY POLICY REPORT,2024-07-10,hsba00,"House Banking, Currency, and Housing Committee",,,,0.0,no_match,,
118,53461,THE PRESIDENT'S FISCAL YEAR 2024 BUDGET REQUEST,2023-03-23,hsbu00,House Budget Committee,87Q0q9swdLg,https://www.youtube.com/watch?v=87Q0q9swdLg,The President's Fiscal Year 2024 Budget Request,1.0,event_id_exact,115518,
118,53462,FISCAL STATE OF THE UNION,2023-03-29,hsbu00,House Budget Committee,OcDi9zxtPJc,https://www.youtube.com/watch?v=OcDi9zxtPJc,Fiscal State of the Union,0.95,exact_date_title,,
118,53463,"EXPOSING THE WOKE, WASTEFUL, AND BLOATED BUREAUCRACY",2023-05-11,hsbu00,House Budget Committee,jPquEWc1mf0,https://www.youtube.com/watch?v=jPquEWc1mf0,"Republican Hearing: Exposing the Woke, Wasteful, and Bloated Bureaucracy",1.0,event_id_exact,115896,
118,53464,REIGNITING AMERICAN GROWTH AND PROSPERITY SERIES: REMOVING THE BURDENS OF GOVERNMENT OVERREACH,2023-05-24,hsbu00,House Budget Committee,,,,0.0,no_match,,
118,53465,REIGNITING AMERICAN GROWTH AND PROSPERITY SERIES: INCENTIVIZING ECONOMIC EXCELLENCE THROUGH TAX POLICY,2023-06-22,hsbu00,House Budget Committee,,,,0.0,no_match,,
118,54144,SOUNDING THE ALARM: EXAMINING THE NEED FOR A FISCAL COMMISSION,2023-10-19,hsbu00,House Budget Committee,vnV9Oq4iDw0,https://www.youtube.com/watch?v=vnV9Oq4iDw0,Republican Hearing: Sounding the Alarm: Examining the Need for a Fiscal Commission,0.77,fuzzy_title_exact_date,,
118,54417,"EXAMINING THE NEED FOR A FISCAL COMMISSION REVIEWING H.R. 710, H.R. 5779, AND S. 3262",2023-11-29,hsbu00,House Budget Committee,TQJU_4urZ4c,https://www.youtube.com/watch?v=TQJU_4urZ4c,"Republican Hearing: Examining the Need for a Fiscal Commission Reviewing H.R.710, H.R.5779, & S.3262",0.77,fuzzy_title_exact_date,,
118,54418,BUDGET PROCESS REFORM MEMBER DAY,2023-12-06,hsbu00,House Budget Committee,9aKrRjOOgOA,https://www.youtube.com/watch?v=9aKrRjOOgOA,Republican Hearing: Budget Process Reform Member Day,0.85,substring_nearby_date,,
118,55831,CREATING A CULTURE OF FISCAL RESPONSIBILITY: ASSESSING THE ROLE OF THE CONGRESSIONAL BUDGET OFFICE,2024-01-31,hsbu00,House Budget Committee,,,,0.0,no_match,,
118,55832,The Congressional Budget Officer's Budget and Economic Outlook,2024-02-14,hsbu00,House Budget Committee,Tt72d0MYqZs,https://www.youtube.com/watch?v=Tt72d0MYqZs,Republican Hearing: The Congressional Budget Office's Budget and Economic Outlook,0.76,fuzzy_title_exact_date,,
118,55833,The President's Fiscal Year 2025 Budget Request,2024-03-21,hsbu00,House Budget Committee,HZvJLcvWAoU,https://www.youtube.com/watch?v=HZvJLcvWAoU,The President's Fiscal Year 2025 Budget Request,0.95,exact_date_title,,
118,55834,THE COST OF THE BORDER CRISIS,2024-05-08,hsbu00,House Budget Committee,yKuq4WweyNI,https://www.youtube.com/watch?v=yKuq4WweyNI,Republican Hearing: The Cost of the Border Crisis,0.85,substring_nearby_date,,
118,55835,BREAKING UP HEALTH CARE MONOPOLIES: EXAMINING THE BUDGETARY EFFECTS OF HEALTH CARE CONSOLIDATION,2024-05-23,hsbu00,House Budget Committee,,,,0.0,no_match,,
118,56921,MEDICARE AND SOCIAL SECURITY: EXAMINING SOLVENCY AND IMPACTS TO THE FEDERAL BUDGET,2024-06-13,hsbu00,House Budget Committee,D0naNmvhJLI,https://www.youtube.com/watch?v=D0naNmvhJLI,Republican Hearing: Medicare & Social Security: Examining Solvency & Impacts to the Federal Budget,0.74,fuzzy_title_exact_date,,
118,51623,AMERICAN EDUCATION IN CRISIS,2023-02-08,hsed00,House Education and the Workforce Committee,oK_eqqVv56U,https://www.youtube.com/watch?v=oK_eqqVv56U,"""American Education in Crisis""",0.95,exact_date_title,,
118,51624,BREAKING THE SYSTEM: EXAMINING THE IMPLICATIONS OF BIDEN'S STUDENT LOAN POLICIES FOR STUDENTS AND TAXPAYERS,2023-03-23,hsed00,House Education and the Workforce Committee,ed3ueOt5kAw,https://www.youtube.com/watch?v=ed3ueOt5kAw,"""Breaking the System: Examining the Implications of Biden's Student Loan Policies...""",1.0,event_id_exact,115527,
118,55044,[ERRATA] UNLEASHING AMERICA'S OPPORTUNITIES FOR HIRING AND EMPLOYMENT,2023-03-28,hsed00,House Education and the Workforce Committee,,,,0.0,no_match_deduped,,
118,51660,UNLEASHING AMERICA'S OPPORTUNITIES FOR HIRING AND EMPLOYMENT,2023-03-28,hsed00,House Education and the Workforce Committee,cSp3Fs3xkQ8,https://www.youtube.com/watch?v=cSp3Fs3xkQ8,"""Unleashing America’s Opportunities for Hiring and Employment""",1.0,event_id_exact,115558,
118,51659,DIVERSITY OF THOUGHT: PROTECTING FREE SPEECH ON COLLEGE CAMPUSES,2023-03-29,hsed00,House Education and the Workforce Committee,xpNXAwoiHwQ,https://www.youtube.com/watch?v=xpNXAwoiHwQ,"""Diversity of Thought: Protecting Free Speech on College Campuses""",0.95,exact_date_title,,
118,51823,SCHOOL CHOICE: EXPANDING EDUCATIONAL FREEDOM FOR ALL,2023-04-18,hsed00,House Education and the Workforce Committee,Y6gCljxU1d0,https://www.youtube.com/watch?v=Y6gCljxU1d0,"“School Choice: Expanding Educational Freedom for All""",0.95,exact_date_title,,
118,51824,EXAMINING BIDEN'S WAR ON INDEPENDENT CONTRACTORS,2023-04-19,hsed00,House Education and the Workforce Committee,g3TL2vL3Nno,https://www.youtube.com/watch?v=g3TL2vL3Nno,"""Examining Biden’s War on Independent Contractors""",0.95,exact_date_title,,
118,51857,REDUCING HEALTH CARE COSTS FOR WORKING AMERICANS AND THEIR FAMILIES,2023-04-26,hsed00,House Education and the Workforce Committee,nAf3Cmnk7-I,https://www.youtube.com/watch?v=nAf3Cmnk7-I,"""Reducing Health Care Costs for Working Americans and Their Families""",0.95,exact_date_title,,
118,55460,EXAMINING AMERICA'S WORKFORCE CHALLENGES: LOOKING FOR WAYS TO IMPROVE SKILLS DEVELOPMENT,2023-05-11,hsed00,House Education and the Workforce Committee,tiEd1pBkdtE,https://www.youtube.com/watch?v=tiEd1pBkdtE,"""Examining America’s Workforce Challenges: Looking for Ways to Improve Skills Development""",0.95,exact_date_title,,
118,56687,EXAMINING THE POLICIES AND PRIORITIES OF THE DEPARTMENT OF EDUCATION,2023-05-16,hsed00,House Education and the Workforce Committee,L2cooJxRBY0,https://www.youtube.com/watch?v=L2cooJxRBY0,"""Examining the Policies and Priorities of the Department of Education""",0.95,exact_date_title,,
118,55478,PROTECTING EMPLOYEES' RIGHTS: ENSURING FAIR ELECTIONS AT THE NLRB,2023-05-23,hsed00,House Education and the Workforce Committee,bPL-n-XOq9M,https://www.youtube.com/watch?v=bPL-n-XOq9M,“Protecting Employees’ Rights: Ensuring Fair Elections at the NLRB”,0.95,exact_date_title,,
118,55498,EXAMINING THE POLICIES AND PRIORITIES OF THE DEPARTMENT OF LABOR,2023-06-07,hsed00,House Education and the Workforce Committee,qnHwGSQxZ1A,https://www.youtube.com/watch?v=qnHwGSQxZ1A,"“Examining the Policies and Priorities of the Department of Labor""",0.95,exact_date_title,,
118,55561,EXAMINING THE POLICIES AND PRIORITIES OF THE DEPARTMENT OF HEALTH AND HUMAN SERVICES,2023-06-13,hsed00,House Education and the Workforce Committee,ULNJUrlva8s,https://www.youtube.com/watch?v=ULNJUrlva8s,"""Examining the Policies and Priorities of the Department of Health and Human Services""",0.95,exact_date_title,,
118,55562,COMPETITION AND TRANSPARENCY: THE PATHWAY FORWARD FOR A STRONGER HEALTH CARE MARKET,2023-06-21,hsed00,House Education and the Workforce Committee,4Od98PTi0dw,https://www.youtube.com/watch?v=4Od98PTi0dw,"""Competition and Transparency: The Pathway Forward for a Stronger Health Care Market""",0.95,exact_date_title,,
118,53757,COMPETENCIES OVER DEGREES: TRANSITIONING TO A SKILLS-BASED ECONOMY,2023-06-22,hsed00,House Education and the Workforce Committee,xjW4k7IDBPw,https://www.youtube.com/watch?v=xjW4k7IDBPw,"""Competencies Over Degrees: Transitioning to a Skills-Based Economy""",0.95,exact_date_title,,
118,53758,EXPOSING THE DANGERS OF THE INFLUENCE OF FOREIGN ADVERSARIES ON COLLEGE CAMPUSES,2023-07-13,hsed00,House Education and the Workforce Committee,ZDSIIHqEZCc,https://www.youtube.com/watch?v=ZDSIIHqEZCc,"""Exposing the Dangers of the Influence of Foreign Adversaries on College Campuses""",0.95,exact_date_title,,
118,53760,"CUTTING CORNERS AT WHD: EXAMINING THE COST TO WORKERS, SMALL BUSINESSES, AND THE ECONOMY",2023-07-18,hsed00,House Education and the Workforce Committee,0Exqk8Pwagw,https://www.youtube.com/watch?v=0Exqk8Pwagw,"""Cutting Corners at WHD: Examining the Cost to Workers, Small Businesses, and the Economy""",0.95,exact_date_title,,
118,53759,GENERATIONAL LEARNING LOSS: HOW PANDEMIC SCHOOL CLOSURES HURT STUDENTS,2023-07-26,hsed00,House Education and the Workforce Committee,,,,0.0,no_match_deduped,,
118,1,GENERATIONAL LEARNING LOSS: HOW PANDEMIC SCHOOL CLOSURES HURT STUDENTS,2023-07-26,hsed00,House Education and the Workforce Committee,Oi9Phlo5xo0,https://www.youtube.com/watch?v=Oi9Phlo5xo0,"""Generational Learning Loss: How Pandemic School Closures Hurt Students""",0.95,exact_date_title,,
118,55701,"LOWERING COSTS AND INCREASING VALUE FOR STUDENTS, INSTITUTIONS, AND TAXPAYERS",2023-07-27,hsed00,House Education and the Workforce Committee,zq1twrcPFuo,https://www.youtube.com/watch?v=zq1twrcPFuo,"""Lowering Costs and Increasing Value for Students, Institutions, and Taxpayers""",0.95,exact_date_title,,
118,55773,THE IMPACT OF BIDEN'S OPEN BORDER ON THE AMERICAN WORKFORCE,2023-09-13,hsed00,House Education and the Workforce Committee,FJgDQAofp70,https://www.youtube.com/watch?v=FJgDQAofp70,"""The Impact of Biden’s Open Border on the American Workforce""",0.95,exact_date_title,,
118,55781,ACADEMIC FREEDOM UNDER ATTACK: LOOSENING THE CCP'S GRIP ON AMERICA'S CLASSROOMS,2023-09-19,hsed00,House Education and the Workforce Committee,_gMH6NPc1qY,https://www.youtube.com/watch?v=_gMH6NPc1qY,"""Academic Freedom Under Attack: Loosening the CCP's Grip on America's Classrooms""",0.95,exact_date_title,,
118,55799,"STRENGTHENING WIOA: IMPROVING OUTCOMES FOR JOBSEEKERS, EMPLOYERS, AND TAXPAYERS",2023-09-20,hsed00,House Education and the Workforce Committee,VltqDglye64,https://www.youtube.com/watch?v=VltqDglye64,"""Strengthening WIOA: Improving Outcomes for Jobseekers, Employers, and Taxpayers""",0.95,exact_date_title,,
118,55836,EXAMINING THE POLICIES AND PRIORITIES OF THE OCCUPATIONAL SAFETY AND HEALTH ADMINISTRATION,2023-09-27,hsed00,House Education and the Workforce Committee,p6B_4pfrEes,https://www.youtube.com/watch?v=p6B_4pfrEes,"""Examining the Policies and Priorities of the Occupational Safety and Health Administration""",0.95,exact_date_title,,
118,55918,HOW SCOTUS'S DECISION ON RACE-BASED ADMISSIONS IS SHAPING UNIVERSITY POLICIES,2023-09-28,hsed00,House Education and the Workforce Committee,az-zQemo3ns,https://www.youtube.com/watch?v=az-zQemo3ns,"""How SCOTUS's Decision on Race-Based Admissions is Shaping University Policies""",0.95,exact_date_title,,
118,55904,"PROTECTING KIDS: COMBATING GRAPHIC, EXPLICIT CONTENT IN SCHOOL LIBRARIES",2023-10-19,hsed00,House Education and the Workforce Committee,hToiHCaqtf8,https://www.youtube.com/watch?v=hToiHCaqtf8,"""Protecting Kids: Combating Graphic, Explicit Content in School Libraries""",0.95,exact_date_title,,
118,55964,CONFRONTING THE SCOURGE OF ANTISEMITISM ON CAMPUS,2023-11-14,hsed00,House Education and the Workforce Committee,9ImGsMXg8D0,https://www.youtube.com/watch?v=9ImGsMXg8D0,"""Confronting the Scourge of Antisemitism on Campus""",0.95,exact_date_title,,
118,56007,BAD FOR BUSINESS: DOL'S PROPOSED OVERTIME RULE,2023-11-29,hsed00,House Education and the Workforce Committee,xadfFSbWACI,https://www.youtube.com/watch?v=xadfFSbWACI,“Bad for Business: DOL’s Proposed Overtime Rule”,0.95,exact_date_title,,
118,56070,SAFEGUARDING WORKERS' RIGHTS AND LIBERTIES,2023-11-30,hsed00,House Education and the Workforce Committee,WPFgY6nfLzU,https://www.youtube.com/watch?v=WPFgY6nfLzU,“Safeguarding Workers’ Rights and Liberties”,0.95,exact_date_title,,
118,56138,MEMBER DAY,2023-12-01,hsed00,House Education and the Workforce Committee,,,,0.0,no_match,,
118,56239,HOLDING CAMPUS LEADERS ACCOUNTABLE AND CONFRONTING ANTISEMITISM,2023-12-05,hsed00,House Education and the Workforce Committee,MuGVJqBYMjk,https://www.youtube.com/watch?v=MuGVJqBYMjk,“Holding Campus Leaders Accountable and Confronting Antisemitism”,0.95,exact_date_title,,
118,56238,PROTECTING WORKERS AND SMALL BUSINESSES FROM BIDEN'S ATTACK ON WORKER FREE CHOICE AND ECONOMIC GROWTH,2023-12-13,hsed00,House Education and the Workforce Committee,IPvuXSmtjWk,https://www.youtube.com/watch?v=IPvuXSmtjWk,“Protecting Workers & Small Businesses from Biden’s Attack on Worker Free Choice & Economic Growth”,0.86,fuzzy_title_exact_date,,
118,56309,LOWERING COSTS AND INCREASING ACCESS TO HEALTHCARE WITH EMPLOYER-DRIVEN INNOVATION,2024-01-11,hsed00,House Education and the Workforce Committee,t6Bc_9Q9WPs,https://www.youtube.com/watch?v=t6Bc_9Q9WPs,“Lowering Costs and Increasing Access to Health Care with Employer-Driven Innovation”,0.85,fuzzy_title_exact_date,,
118,56310,PREPARING STUDENTS FOR SUCCESS IN THE SKILLS-BASED ECONOMY,2024-01-18,hsed00,House Education and the Workforce Committee,BSID7kRT0Kw,https://www.youtube.com/watch?v=BSID7kRT0Kw,"""Preparing Students for Success in the Skills-Based Economy""",0.95,exact_date_title,,
118,56414,PROTECTING MISSING AND EXPLOITED CHILDREN,2024-02-06,hsed00,House Education and the Workforce Committee,0wcTvKlXDl8,https://www.youtube.com/watch?v=0wcTvKlXDl8,"""Protecting Missing and Exploited Children""",0.95,exact_date_title,,
118,56415,EXAMINING THE POLICIES AND PRIORITIES OF THE WAGE AND HOUR DIVISION,2024-02-14,hsed00,House Education and the Workforce Committee,ILsiFSVkqJo,https://www.youtube.com/watch?v=ILsiFSVkqJo,"""Examining the Policies and Priorities of the Wage and Hour Division""",0.95,exact_date_title,,
118,56496,PROTECTING AMERICAN SAVERS AND RETIREES FROM DOL'S REGULATORY OVERREACH,2024-02-15,hsed00,House Education and the Workforce Committee,JMLSTUDabiM,https://www.youtube.com/watch?v=JMLSTUDabiM,“Protecting American Savers and Retirees from DOL’s Regulatory Overreach”,0.95,exact_date_title,,
118,57461,PROVEN RESULTS: HIGHLIGHTING THE BENEFITS OF CHARTER SCHOOLS FOR STUDENTS AND FAMILIES,2024-03-06,hsed00,House Education and the Workforce Committee,h0G4fmFyW4k,https://www.youtube.com/watch?v=h0G4fmFyW4k,"""Proven Results: Highlighting the Benefits of Charter Schools for Students and Families""",0.95,exact_date_title,,
118,56497,"DIVISIVE, EXCESSIVE, INEFFECTIVE: THE REAL IMPACT OF DEI ON COLLEGE CAMPUSES",2024-03-07,hsed00,House Education and the Workforce Committee,4AR-UH-6T38,https://www.youtube.com/watch?v=4AR-UH-6T38,"“Divisive, Excessive, Ineffective: The Real Impact of DEI on College Campuses”",0.95,exact_date_title,,
118,56769,SAFEGUARDING STUDENT-ATHLETES FROM NLRB MISCLASSIFICATION,2024-03-12,hsed00,House Education and the Workforce Committee,7_QvbRTD2dc,https://www.youtube.com/watch?v=7_QvbRTD2dc,"""Safeguarding Student-Athletes from NLRB Misclassification""",0.95,exact_date_title,,
118,56779,EXAMINING THE POLICIES AND PRIORITIES OF THE PENSION BENEFIT GUARANTY CORPORATION,2024-03-20,hsed00,House Education and the Workforce Committee,nWSwcsNxfwE,https://www.youtube.com/watch?v=nWSwcsNxfwE,Examining the Policies and Priorities of the Pension Benefit Guaranty Corporation,0.95,exact_date_title,,
118,58669,". FAFSA FAIL: EXAMINING THE IMPACT ON STUDENTS, FAMILIES, AND SCHOOLS",2024-04-10,hsed00,House Education and the Workforce Committee,1vnW6evXa2Q,https://www.youtube.com/watch?v=1vnW6evXa2Q,"“FAFSA Fail: Examining the Impact on Students, Families, and Schools”",0.95,exact_date_title,,
118,56785,UNLOCKING OPPORTUNITY: ALLOWING INDEPENDENT CONTRACTORS TO ACCESS BENEFITS,2024-04-11,hsed00,House Education and the Workforce Committee,oLyPRN6KsSM,https://www.youtube.com/watch?v=oLyPRN6KsSM,“Unlocking Opportunity: Allowing Independent Contractors to Access Benefits”,0.95,exact_date_title,,
118,56782,"ERISA'S 50TH ANNIVERSARY: THE PATH TO HIGHER QUALITY, LOWER COST HEALTHCARE",2024-04-16,hsed00,House Education and the Workforce Committee,AJgR1p9uF54,https://www.youtube.com/watch?v=AJgR1p9uF54,"“ERISA’s 50th Anniversary: The Path to Higher Quality, Lower Cost Health Care”",0.84,fuzzy_title_exact_date,,
118,56964,COLUMBIA IN CRISIS: COLUMBIA UNIVERSITY'S RESPONSE TO ANTISEMITISM,2024-04-17,hsed00,House Education and the Workforce Committee,G6BI4qfxLRE,https://www.youtube.com/watch?v=G6BI4qfxLRE,"""Columbia in Crisis: Columbia University's Response to Antisemitism""",0.95,exact_date_title,,
118,58670,EXAMINING THE POLICIES AND PRIORITIES OF THE U.S. DEPARTMENT OF LABOR,2024-05-01,hsed00,House Education and the Workforce Committee,gTbvRVe7jjI,https://www.youtube.com/watch?v=gTbvRVe7jjI,Examining the Policies and Priorities of the Department of Labor,0.87,fuzzy_title_exact_date,,
118,59984,"EXAMINING THE EDUCATION DEPARTMENT'S POLICIES, PRIORITIES, AND FY 2023 FINANCIAL AUDIT FAILURE",2024-05-07,hsed00,House Education and the Workforce Committee,--W0WYOb27o,https://www.youtube.com/watch?v=--W0WYOb27o,"""Examining the Education Department's Policies, Priorities, and FY 2023 Financial Audit Failure""",0.95,exact_date_title,,
118,57462,CONFRONTING PERVASIVE ANTISEMITISM IN K-12 SCHOOLS,2024-05-08,hsed00,House Education and the Workforce Committee,c7H_zm3BGOM,https://www.youtube.com/watch?v=c7H_zm3BGOM,"""Confronting Pervasive Antisemitism in K-12 Schools""",0.95,exact_date_title,,
118,59983,EXAMINING THE POLICIES AND PRIORITIES OF THE DEPARTMENT OF HEALTH AND HUMAN SERVICES,2024-05-15,hsed00,House Education and the Workforce Committee,ghGl003JzeE,https://www.youtube.com/watch?v=ghGl003JzeE,Examining the Policies and Priorities of the Department of Health and Human Services,0.95,exact_date_title,,
118,57136,BIG LABOR LIES: EXPOSING UNION TACTICS TO UNDERMINE FREE AND FAIR ELECTIONS,2024-05-22,hsed00,House Education and the Workforce Committee,xmWLzlHUNiw,https://www.youtube.com/watch?v=xmWLzlHUNiw,“Big Labor Lies: Exposing Union Tactics to Undermine Free and Fair Elections”,0.95,exact_date_title,,
118,57137,CALLING FOR ACCOUNTABILITY: STOPPING ANTISEMITIC COLLEGE CHAOS,2024-05-23,hsed00,House Education and the Workforce Committee,Fp8HPMfIWu0,https://www.youtube.com/watch?v=Fp8HPMfIWu0,“Calling for Accountability: Stopping Antisemitic College Chaos”,0.95,exact_date_title,,
118,57222,NLRB OVERREACH: TRAMPLING ON WORKERS' RIGHTS AND FOSTERING UNFAIRNESS,2024-06-12,hsed00,House Education and the Workforce Committee,K9gTunlgJa8,https://www.youtube.com/watch?v=K9gTunlgJa8,“NLRB Overreach: Trampling on Workers’ Rights and Fostering Unfairness”,0.95,exact_date_title,,
118,57403,COMBATING WORKPLACE ANTISEMITISM IN POSTSECONDARY EDUCATION: PROTECTING EMPLOYEES FROM DISCRIMINATION,2024-06-26,hsed00,House Education and the Workforce Committee,11mkP1BJ1Ew,https://www.youtube.com/watch?v=11mkP1BJ1Ew,"“Combating Workplace Antisemitism in Postsecondary Education""",0.85,substring_nearby_date,,
118,57221,EXAMINING THE POLICIES AND PRIORITIES OF THE EMPLOYEE BENEFITS SECURITY ADMINISTRATION,2024-06-27,hsed00,House Education and the Workforce Committee,adM3jjdlZU8,https://www.youtube.com/watch?v=adM3jjdlZU8,“Examining the Policies and Priorities of the Employee Benefits Security Administration”,0.95,exact_date_title,,
118,57223,CONFRONTING UNION ANTISEMITISM: PROTECTING WORKERS FROM BIG LABOR ABUSES,2024-07-09,hsed00,House Education and the Workforce Committee,YPp4MtpLT3o,https://www.youtube.com/watch?v=YPp4MtpLT3o,“Confronting Union Antisemitism: Protecting Workers from Big Labor Abuses”,0.95,exact_date_title,,
118,57404,ERISA'S 50TH ANNIVERSARY: THE VALUE OF EMPLOYER-SPONSORED HEALTH BENEFITS,2024-09-10,hsed00,House Education and the Workforce Committee,iUJzcK3-kwk,https://www.youtube.com/watch?v=iUJzcK3-kwk,“ERISA’s 50th Anniversary: The Value of Employer-Sponsored Health Benefits”,0.95,exact_date_title,,
118,57405,EXAMINING THE BIDEN-HARRIS ATTACKS ON TIPPED WORKERS,2024-09-18,hsed00,House Education and the Workforce Committee,MvAUfv6FAOQ,https://www.youtube.com/watch?v=MvAUfv6FAOQ,“Examining the Biden-Harris Attacks on Tipped Workers”,0.95,exact_date_title,,
118,57829,INNOVATIVE TEACHER PREPARATION: PROPERLY EQUIPPING AMERICA'S EDUCATORS,2024-09-25,hsed00,House Education and the Workforce Committee,56tAnGeZZeI,https://www.youtube.com/watch?v=56tAnGeZZeI,“Innovative Teacher Preparation: Properly Equipping America’s Educators”,0.95,exact_date_title,,
118,51256,COMBATING THE GENERATIONAL CHALLENGE OF CCP AGGRESSION,2023-02-28,hsfa00,House International Relations Committee,GQ3KslanAEs,https://www.youtube.com/watch?v=GQ3KslanAEs,Combatting the Generational Challenge of CCP Aggression,0.89,fuzzy_title_exact_date,115362,
118,56735,FULL COMMITTEE MARKUP,2023-02-28,hsfa00,House International Relations Committee,,,,0.0,no_match,,
118,51854,DURING AND AFTER THE FALL OF KABUL: EXAMINING THE ADMINISTRATION'S EMERGENCY EVACUATION FROM AFGHANISTAN,2023-03-08,hsfa00,House International Relations Committee,7NbDyuWd-Hk,https://www.youtube.com/watch?v=7NbDyuWd-Hk,During and After the Fall of Kabul: Examining the Admin’s Emergency Evacuation from Afghanistan,0.85,fuzzy_title_exact_date,,
118,51383,EXPANDING THE ABRAHAM ACCORDS,2023-03-09,hsfa00,House International Relations Committee,TTMqvaE9DjE,https://www.youtube.com/watch?v=TTMqvaE9DjE,Expanding the Abraham Accords,0.95,exact_date_title,115446,
118,53190,"THE ORTEGA-MURILLO REGIMES WAR AGAINST THE CATHOLIC CHURCH AND CIVIL SOCIETY IN NICARAGUA: BISHOP ALVAREZ, POLITICAL PRISONERS, AND PRISONERS OF CONSCIENCE",2023-03-22,hsfa00,House International Relations Committee,,,,0.0,no_match,115511,
118,52241,"THE STATE OF AMERICAN DIPLOMACY IN 2023: GROWING CONFLICTS, BUDGET CHALLENGES, AND GREAT POWER COMPETITION",2023-03-23,hsfa00,House International Relations Committee,dN9lPrrSOFY,https://www.youtube.com/watch?v=dN9lPrrSOFY,"The State of American Diplomacy: Growing Conflicts, Budget Challenges & Great Power Competition",0.84,fuzzy_title_exact_date,115512,
118,56815,RENEWED U.S. ENGAGEMENT IN THE PACIFIC: ASSESSING THE IMPORTANCE OF THE PACIFIC ISLANDS,2023-03-23,hsfa00,House International Relations Committee,95jU7uh9Uhk,https://www.youtube.com/watch?v=95jU7uh9Uhk,Renewed U.S. Engagement in the Pacific: Assessing the Importance of the Pacific Islands,0.95,exact_date_title,,
118,51555,"MARKUP OF: H. RES. 158, RESOLUTION OF INQUIRY REQUESTING THE PRESIDENT AND DIRECTING THE SECRETARY OF DEFENSE AND SECRETARY OF STATE TO TRANSMIT, RESPECTIVELY, CERTAIN DOCUMENTS TO THE HOUSE OF REPRESENTATIVES RELATING TO CONGRESSIONALLY APPROPRIATED FUNDS TO THE NATION OF UKRAINE FROM JANUARY 20, 2021 TO",2023-03-24,hsfa00,House International Relations Committee,yv8pu8aFz3g,https://www.youtube.com/watch?v=yv8pu8aFz3g,Markup of H.Res. 158,0.65,description_bills,,
118,51597,FULL COMMITTEE MARKUP,2023-03-28,hsfa00,House International Relations Committee,,,,0.0,no_match,,
118,52399,"OVERSIGHT, TRANSPARENCY, AND ACCOUNTABILITY OF UKRAINE ASSISTANCE",2023-03-29,hsfa00,House International Relations Committee,tQ1UfeUeqUE,https://www.youtube.com/watch?v=tQ1UfeUeqUE,"Oversight, Transparency, and Accountability of Ukraine Assistance",0.95,exact_date_title,115597,
118,51645,"EXAMINING U.S. SANCTIONS POLICY, IMPLEMENTATION, AND ENFORCEMENT",2023-03-29,hsfa00,House International Relations Committee,mmZGrSa7K88,https://www.youtube.com/watch?v=mmZGrSa7K88,"Examining U.S. Sanctions Policy, Implementation, and Enforcement",0.95,exact_date_title,115604,
118,55920,12 YEARS OF TERROR: ASSAD'S WAR CRIMES AND U.S. POLICY FOR SEEKING ACCOUNTABILITY IN SYRIA,2023-04-18,hsfa00,House International Relations Committee,,,,0.0,no_match_deduped,,
118,52143,GREAT POWER COMPETITION IN AFRICA: THE CHINESE COMMUNIST PARTY,2023-04-18,hsfa00,House International Relations Committee,odScQz2bP1c,https://www.youtube.com/watch?v=odScQz2bP1c,Great Power Competition in Africa: The Chinese Communist Party,0.95,exact_date_title,115666,
118,56720,12 YEARS OF TERROR: ASSAD'S WAR CRIMES AND U.S. POLICY FOR SEEKING ACCOUNTABILITY IN SYRIA,2023-04-18,hsfa00,House International Relations Committee,hxL-oxSl4nE,https://www.youtube.com/watch?v=hxL-oxSl4nE,Twelve Years of Terror: Assad’s War Crimes and U.S. Policy for Seeking Accountability in Syria,0.84,fuzzy_title_exact_date,,
118,52142,SURROUNDING THE OCEAN: PRC INFLUENCE IN THE INDIAN OCEAN,2023-04-18,hsfa00,House International Relations Committee,c3S_vCjEoj8,https://www.youtube.com/watch?v=c3S_vCjEoj8,Surrounding the Ocean: PRC Influence in the Indian Ocean,0.95,exact_date_title,115667,
118,52144,EXPOSING PUTIN'S CRIMES: EVIDENCE OF RUSSIAN WAR CRIMES AND OTHER ATROCITIES IN UKRAINE,2023-04-19,hsfa00,House International Relations Committee,wSyXw6nfbRU,https://www.youtube.com/watch?v=wSyXw6nfbRU,Exposing Putin's Crimes: Evidence of Russian War Crimes and Other Atrocities in Ukraine,0.95,exact_date_title,115669,
118,53648,CHINA'S POLITICAL PRISONERS: WHERE'S GAO ZHISHENG?,2023-04-20,hsfa00,House International Relations Committee,qkYls1-6Dw8,https://www.youtube.com/watch?v=qkYls1-6Dw8,China’s Political Prisoners: Where’s Gao Zhisheng?,0.95,exact_date_title,,
118,52236,FULL COMMITTEE MARKUP OF H.R. 1690 AND H.R. 589 DAY I AND DAY 2,2023-04-26,hsfa00,House International Relations Committee,FzIt71nAye0,https://www.youtube.com/watch?v=FzIt71nAye0,Markup of Various Measures,0.65,description_bills,,
118,52616,"REVIEWING THE BUREAU OF INDUSTRY AND SECURITY, PART I: U.S. EXPORT CONTROLS IN AN ERA OF STRATEGIC COMPETITION",2023-05-11,hsfa00,House International Relations Committee,WlQ4P8HpiEQ,https://www.youtube.com/watch?v=WlQ4P8HpiEQ,Reviewing Bureau of Industry & Security P1: US Export Controls in an Era of Strategic Competition,0.82,fuzzy_title_exact_date,,
118,53071,IMPLEMENTATION OF THE TRAFFICKING VICTIMS PROTECTION ACT,2023-05-12,hsfa00,House International Relations Committee,AsnrA2BaTqA,https://www.youtube.com/watch?v=AsnrA2BaTqA,Implementation of the Trafficking Victims Protection Act,0.95,exact_date_title,115911,
118,52398,MARKUP OF VARIOUS MEASURES,2023-05-16,hsfa00,House International Relations Committee,xNF391bgcQg,https://www.youtube.com/watch?v=xNF391bgcQg,"Markup of Various Measures May 16, 2023",0.95,exact_date_title,115920,
118,54129,THE STATE OF AMERICAN INFLUENCE IN 2023: GREAT POWER COMPETITION AND PERSISTENT CRISES IN AN ERA OF BUDGET CONSTRAINTS,2023-05-17,hsfa00,House International Relations Committee,Kq5dgZkYdEE,https://www.youtube.com/watch?v=Kq5dgZkYdEE,State of American Influence in 2023: Power Comp & Persistent Crises in an Era of Budget Constraints,0.8,fuzzy_title_exact_date,115919,
118,53222,STANDING UNITED AGAINST THE PEOPLE'S REPUBLIC OF CHINA'S ECONOMIC AGGRESSION. AND PREDATORY PRACTICES,2023-05-18,hsfa00,House International Relations Committee,Ti4gZJFLKkc,https://www.youtube.com/watch?v=Ti4gZJFLKkc,Standing United Against the People’s Republic of China’s Economic Aggression and Predatory Practices,0.95,exact_date_title,115921,
118,53072,BRING ABDUCTED CHILDREN HOME,2023-05-23,hsfa00,House International Relations Committee,GQFyO9ZnTqI,https://www.youtube.com/watch?v=GQFyO9ZnTqI,Bring Abducted Children Home,0.95,exact_date_title,116007,
118,53078,EXAMINING THE FISCAL YEAR 2024 STATE AND FOREIGN OPERATIONS BUDGET REQUEST FOR EUROPE,2023-05-23,hsfa00,House International Relations Committee,i4cGdjgT3sI,https://www.youtube.com/watch?v=i4cGdjgT3sI,Examining the Fiscal Year 24 State and Foreign Operations Budget Request for Europe,0.89,fuzzy_title_exact_date,116006,
118,54268,MODERNIZING U.S. ARMS EXPORTS AND A STRONGER AUKUS,2023-05-24,hsfa00,House International Relations Committee,vXc5Ji6Yh-k,https://www.youtube.com/watch?v=vXc5Ji6Yh-k,Modernizing U.S. Arms Exports and a Stronger AUKUS,0.95,exact_date_title,,
118,54496,IGNORING OUR ALLIES IN THE WESTERN HEMISPHERE: REVIEWING PRESIDENT BIDEN'S FISCAL YEAR 2024 BUDGET REQUEST,2023-06-07,hsfa00,House International Relations Committee,MpiEAaGPQMg,https://www.youtube.com/watch?v=MpiEAaGPQMg,Ignoring Our Allies in the Western Hemisphere: Reviewing President Biden’s FY24 Budget Request,0.81,fuzzy_title_exact_date,116027,
118,53783,EXAMINING THE FISCAL YEAR 2024 BUREAU OF CONSULAR AFFAIRS BUDGET,2023-06-07,hsfa00,House International Relations Committee,9NOl4Jb5Wn0,https://www.youtube.com/watch?v=9NOl4Jb5Wn0,Examining the Fiscal Year 24 Bureau of Consular Affairs Budget,0.88,fuzzy_title_exact_date,116028,
118,53286,EXAMINING THE FISCAL YEAR 2024 STATE DEPARTMENT DIVERSITY EQUITY INCLUSION AND ACCESSIBILITY BUDGET,2023-06-13,hsfa00,House International Relations Committee,,,,0.0,no_match_deduped,,
118,56737,"EXAMINING THE FISCAL YEAR 2024 STATE DEPARTMENT DIVERSITY EQUITY INCLUSION, AND ACCESSIBILITY BUDGET",2023-06-13,hsfa00,House International Relations Committee,nDL9pnqfCoQ,https://www.youtube.com/watch?v=nDL9pnqfCoQ,Examining the Fiscal Year 24 State Department Diversity Equity Inclusion and Accessibility Budget,0.89,fuzzy_title_exact_date,,
118,53892,FISCAL YEAR 2024 BUDGET REQUEST FOR NEAR EASTERN AFFAIRS,2023-06-13,hsfa00,House International Relations Committee,jUDB0jkmNuY,https://www.youtube.com/watch?v=jUDB0jkmNuY,Fiscal Year 2024 Budget Request for Near Eastern Affairs,0.95,exact_date_title,115675,
118,53672,ASSESSING U.S. EFFORTS TO COUNTER CHINA'S COERCIVE BELT AND ROAD DIPLOMACY,2023-06-14,hsfa00,House International Relations Committee,FkSDsIvK35o,https://www.youtube.com/watch?v=FkSDsIvK35o,Assessing U.S. Efforts to Counter China’s Coercive Belt and Road Diplomacy,0.95,exact_date_title,116025,
118,52788,MARKUP OF VARIOUS MEASURES,2023-06-21,hsfa00,House International Relations Committee,dRN_9Ad8UcI,https://www.youtube.com/watch?v=dRN_9Ad8UcI,Markup of Various Measures 6.21.23,0.7,fuzzy_title_exact_date,116077,
118,53228,THE VILNIUS SUMMIT AND WAR IN UKRAINE: ASSESSING U.S. POLICY TOWARDS EUROPE AND NATO,2023-06-22,hsfa00,House International Relations Committee,MCkrtqoYWfs,https://www.youtube.com/watch?v=MCkrtqoYWfs,The Vilnius Summit and War in Ukraine: Assessing U.S. Policy towards Europe and NATO,0.95,exact_date_title,116031,
118,56738,"RESPONDING TO ANTI-SEMITISM AND ANTI-ISRAEL BIAS IN THE UN, PALESTINIAN AUTHORITY, AND NGO COMMUNITY",2023-06-22,hsfa00,House International Relations Committee,Aa3t6WR-HE0,https://www.youtube.com/watch?v=Aa3t6WR-HE0,"Responding to Anti-Semitism & Anti-Israel Bias in the UN, Palestinian Authority, and NGO Community",0.88,fuzzy_title_exact_date,,
118,54080,EXAMINING THE FISCAL YEAR 2024 STATE AND FOREIGN OPERATIONS BUDGET REQUEST FOR AFRICA,2023-06-22,hsfa00,House International Relations Committee,SjtFNbnWYx8,https://www.youtube.com/watch?v=SjtFNbnWYx8,Examining the Fiscal Year 2024 State and Foreign Operations Budget Request for Africa,0.69,fuzzy_title_relaxed_date,,
118,56740,EXAMINING FISCAL YEAR 2024 BUDGET FOR SOUTH AND CENTRAL ASIAN AFFAIRS,2023-07-13,hsfa00,House International Relations Committee,paVxAgbCEfY,https://www.youtube.com/watch?v=paVxAgbCEfY,Examining Fiscal Year 2024 Budget for South and Central Asian Affairs,0.95,exact_date_title,,
118,53405,THE STATE DEPARTMENT'S CLIMATE AGENDA: A BUDGET OVERVIEW BY THE SPECIAL PRESIDENTIAL ENVOY FOR CLIMATE,2023-07-13,hsfa00,House International Relations Committee,5CYUjwpG3nM,https://www.youtube.com/watch?v=5CYUjwpG3nM,The State Dept’s Climate Agenda: A Budget Overview by the Special Presidential Envoy for Climate,0.87,fuzzy_title_exact_date,116032,
118,56739,THE DIRE STATE OF RELIGIOUS FREEDOM AROUND THE WORLD,2023-07-18,hsfa00,House International Relations Committee,PpTUpyWhgBI,https://www.youtube.com/watch?v=PpTUpyWhgBI,The Dire State of Religious Freedom Around the World,0.95,exact_date_title,,
118,53237,STABILITY AND SECURITY IN THE WESTERN. BALKANS: ASSESSING U.S. POLICY,2023-07-18,hsfa00,House International Relations Committee,Z0o4S6e5ZNc,https://www.youtube.com/watch?v=Z0o4S6e5ZNc,Stability and Security in the Western Balkans: Assessing U.S. Policy,0.95,exact_date_title,116233,
118,54166,ACHIEVING PEACE THROUGH STRENGTH IN THE INDO-PACIFIC: EXAMINING THE FISCAL YEAR 2024 BUDGET PRIORITIES,2023-07-18,hsfa00,House International Relations Committee,GDdy09E782I,https://www.youtube.com/watch?v=GDdy09E782I,Achieving Peace Through Strength in the Indo-Pacific: Examining the FY24 Budget Priorities,0.81,fuzzy_title_exact_date,115676,
118,53291,GREAT POWER COMPETITION IMPLICATIONS IN AFRICA: THE RUSSIAN FEDERATION AND ITS PROXIES,2023-07-18,hsfa00,House International Relations Committee,G11-Ym-7MH8,https://www.youtube.com/watch?v=G11-Ym-7MH8,Great Power Competition Implications in Africa: The Russian Federation and Its Proxies,0.95,exact_date_title,116242,
118,53244,MARKUP OF VARIOUS MEASURES,2023-07-26,hsfa00,House International Relations Committee,iL1jJ5UES70,https://www.youtube.com/watch?v=iL1jJ5UES70,Markup of Various Measures 7.26.23,0.7,fuzzy_title_exact_date,,
118,53406,A FAILURE TO PLAN: EXAMINING THE BIDEN ADMINISTRATION'S PREPARATION FOR THE AFGHANISTAN WITHDRAWAL,2023-07-27,hsfa00,House International Relations Committee,ulDVR61oE8E,https://www.youtube.com/watch?v=ulDVR61oE8E,A Failure to Plan: Examining the Biden Administration’s Preparation for the Afghanistan Withdrawal,0.95,exact_date_title,,
118,53768,COLOMBIA'S DESCENT TO SOCIALISM: ASSESSING GUSTAVO PETRO'S PRESIDENCY,2023-07-27,hsfa00,House International Relations Committee,Z695mFOImrE,https://www.youtube.com/watch?v=Z695mFOImrE,Colombia’s Descent to Socialism: Assessing Gustavo Petro’s Presidency,0.95,exact_date_title,116268,
118,53353,ILLICIT IT: BANKROLLING KIM JONG UN,2023-07-27,hsfa00,House International Relations Committee,tVJBdBjxIh4,https://www.youtube.com/watch?v=tVJBdBjxIh4,Illicit IT: Bankrolling Kim Jong Un,0.95,exact_date_title,116279,
118,54431,IRAN'S ESCALATING THREATS: ASSESSING U.S. POLICY TOWARD IRAN'S MALIGN ACTIVITIES,2023-09-14,hsfa00,House International Relations Committee,b6QUJWKxfVM,https://www.youtube.com/watch?v=b6QUJWKxfVM,Iran’s Escalating Threats: Assessing U.S. Policy Toward Iran’s Malign Activities,0.95,exact_date_title,,
118,56816,CHILDREN ARE NOT FOR SALE--GLOBAL EFFORTS TO ADDRESS CHILD TRAFFICKING,2023-09-14,hsfa00,House International Relations Committee,ZYo1PHRmMFg,https://www.youtube.com/watch?v=ZYo1PHRmMFg,Children Are Not For Sale – Global Efforts to Address Child Trafficking,0.95,exact_date_title,,
118,53723,EFFORTS TO ADDRESS RITUAL ABUSE AND SACRIFICE IN AFRICA,2023-09-19,hsfa00,House International Relations Committee,,,,0.0,no_match,116365,
118,56742,"NO INCENTIVES FOR TERRORISM: U.S. IMPLEMENTATION OF THE TAYLOR FORCE ACT AND EFFORTS TO STOP ""PAY TO SLAY""",2023-09-27,hsfa00,House International Relations Committee,l8aGOlJoD_8,https://www.youtube.com/watch?v=l8aGOlJoD_8,No Incentives for Terrorism: US Implementation of Taylor Force Act & Efforts to Stop ‘Pay to Slay’,0.84,fuzzy_title_exact_date,,
118,53674,EXAMINING THE CURRENT U.S.-SOUTH AFRICA BILATERAL RELATIONSHIP,2023-09-27,hsfa00,House International Relations Committee,9Qh7mmWPI9M,https://www.youtube.com/watch?v=9Qh7mmWPI9M,Examining the Current U.S.-South Africa Bilateral Relationship,0.95,exact_date_title,116405,
118,54780,COMMUNISM ON OUR DOORSTEP: THE THREAT OF CHINA'S MALIGN INFLUENCE IN LATIN AMERICA,2023-09-28,hsfa00,House International Relations Committee,yL_yzxgejLc,https://www.youtube.com/watch?v=yL_yzxgejLc,Communism on Our Doorstep: The Threat of China’s Malign Influence in Latin America,0.95,exact_date_title,,
118,53646,LASERS AND WATER CANNONS: EXPOSING THE. CHINESE COMMUNIST PARTY'S HARASSMENT IN THE. SOUTH CHINA SEA,2023-09-28,hsfa00,House International Relations Committee,roszjjXisQo,https://www.youtube.com/watch?v=roszjjXisQo,Lasers and Water Cannons: Exposing the Chinese Communist Party’s Harassment in the South China Sea,0.95,exact_date_title,116409,
118,53676,RECLAIMING CONGRESS'S ARTICLE I POWERS: COUNTERTERRORISM AUMF REFORM,2023-09-28,hsfa00,House International Relations Committee,qXHLzL9rPVk,https://www.youtube.com/watch?v=qXHLzL9rPVk,Reclaiming Congress’s Article I Powers: Counterterrorism AUMF Reform,0.95,exact_date_title,,
118,54081,MARKUP OF VARIOUS MEASURES,2023-10-19,hsfa00,House International Relations Committee,F0ZCkqNXijs,https://www.youtube.com/watch?v=F0ZCkqNXijs,Markup of Various Measures 10.19.23,0.85,substring_nearby_date,116486,
118,55694,THE GLOBAL ENGAGEMENT CENTER: HELPING OR HURTING U.S. FOREIGN POLICY,2023-10-25,hsfa00,House International Relations Committee,ABFDQwH6pxY,https://www.youtube.com/watch?v=ABFDQwH6pxY,The Global Engagement Center: Helping or Hurting U.S. Foreign Policy,0.95,exact_date_title,,
118,55693,THE U.S.-HONDURAS BILATERAL RELATIONSHIP: ANALYZING THE SOCIALIST GOVERNMENT OF PRESIDENT XIOMARA CASTRO DE ZELAYA,2023-10-25,hsfa00,House International Relations Committee,u4x_E3fcRso,https://www.youtube.com/watch?v=u4x_E3fcRso,The US-Honduras Relationship: Analyzing the Socialist Gov of President Xiomara Castro de Zelaya,0.8,fuzzy_title_exact_date,,
118,54165,MEMBER DAY,2023-11-03,hsfa00,House International Relations Committee,,,,0.0,no_match,,
118,54164,MARKUP OF VARIOUS MEASURES,2023-11-07,hsfa00,House International Relations Committee,yzuHHiP_Cgk,https://www.youtube.com/watch?v=yzuHHiP_Cgk,Markup of Various Measures 11.7.23,0.7,fuzzy_title_exact_date,116560,
118,56744,FRIEND AND ALLY: U.S. SUPPORT FOR ISRAEL AFTER HAMAS' BARBARIC ATTACK,2023-11-08,hsfa00,House International Relations Committee,o-NTBWGlZPc,https://www.youtube.com/watch?v=o-NTBWGlZPc,Friend and Ally: U.S. Support for Israel after Hamas’ Barbaric Attack,0.95,exact_date_title,,
118,55685,UNITED NATIONS' BIGOTRY TOWARDS ISRAEL: UNRWA ANTI-SEMITISM POISONS PALESTINIAN YOUTH,2023-11-08,hsfa00,House International Relations Committee,IIUC3aGMncc,https://www.youtube.com/watch?v=IIUC3aGMncc,United Nations’ Bigotry Towards Israel UNRWA Anti-semitism Poisons Palestinian Youth,0.95,exact_date_title,,
118,56745,GO-TO-ZERO: JOE BIDEN'S WITHDRAWAL ORDER AND THE TALIBAN TAKEOVER OF AFGHANISTAN,2023-11-14,hsfa00,House International Relations Committee,Vq83g7Rt2Ks,https://www.youtube.com/watch?v=Vq83g7Rt2Ks,Go-to-Zero: Joe Biden’s Withdrawal Order and the Taliban Takeover of Afghanistan,0.95,exact_date_title,,
118,54430,EXAMINING THE BIDEN ADMINISTRATION'S AFGHANISTAN POLICY SINCE THE U.S. WITHDRAWAL,2023-11-14,hsfa00,House International Relations Committee,IA2xUX3hmC8,https://www.youtube.com/watch?v=IA2xUX3hmC8,Examining the Biden Administration's Afghanistan Policy Since the U.S. Withdrawal,0.95,exact_date_title,116590,
118,54429,THE FUTURE OF NAGORNO-KARABAKH,2023-11-15,hsfa00,House International Relations Committee,6i0vH1EJz7s,https://www.youtube.com/watch?v=6i0vH1EJz7s,The Future of Nagorno-Karabakh,0.95,exact_date_title,,
118,54518,MARKUP OF VARIOUS MEASURES,2023-11-29,hsfa00,House International Relations Committee,EMUYvupK1To,https://www.youtube.com/watch?v=EMUYvupK1To,Markup of Various Measures,0.95,exact_date_title,116591,
118,55696,"ETHIOPIA: PROMISE OR PERILS, THE STATE OF U.S. POLICY",2023-11-30,hsfa00,House International Relations Committee,mcBM57a3xYs,https://www.youtube.com/watch?v=mcBM57a3xYs,"Ethiopia: Promise or Perils, the State of U.S. Policy",0.95,exact_date_title,,
118,54881,THE U.S. BORDER CRISIS AND THE AMERICAN SOLUTION TO AN INTERNATIONAL PROBLEM,2023-11-30,hsfa00,House International Relations Committee,wB7neVmHR34,https://www.youtube.com/watch?v=wB7neVmHR34,The U.S. Border Crisis and the American Solution to an International Problem,0.95,exact_date_title,,
118,54468,AN URGENT APPEAL TO LET BISHOP ALVAREZ GO,2023-11-30,hsfa00,House International Relations Committee,MsHZ36IhwFQ,https://www.youtube.com/watch?v=MsHZ36IhwFQ,An Urgent Appeal to Let Bishop Alvarez Go,0.95,exact_date_title,116604,
118,54428,THE FUTURE OF FREEDOM AND DEMOCRACY IN BELARUS,2023-12-05,hsfa00,House International Relations Committee,vUIRCn6eg70,https://www.youtube.com/watch?v=vUIRCn6eg70,The Future of Freedom and Democracy in Belarus,0.95,exact_date_title,116629,
118,56746,THE SAHEL IN CRISIS: EXAMINING U.S. POLICY OPTIONS,2023-12-05,hsfa00,House International Relations Committee,x3uFF2Zes8c,https://www.youtube.com/watch?v=x3uFF2Zes8c,The Sahel in Crisis: Examining U.S. Policy Options,0.95,exact_date_title,,
118,59622,ADDRESSING THE SCOURGE OF ANTI-SEMITISM IN EUROPE,2023-12-12,hsfa00,House International Relations Committee,eXHogxkPpTE,https://www.youtube.com/watch?v=eXHogxkPpTE,Addressing the Scourge of Anti-Semitism in Europe,0.95,exact_date_title,,
118,59483,"REVIEWING THE BUREAU OF INDUSTRY AND SECURITY, PART II: U.S. EXPORT CONTROLS IN AN ERA OF STRATEGIC COMPETITION",2023-12-12,hsfa00,House International Relations Committee,P2EnHMu6o24,https://www.youtube.com/watch?v=P2EnHMu6o24,Bureau of Industry & Security p2: US Export Controls in an Era of Strategic Competition,0.75,fuzzy_title_exact_date,,
118,56748,MARKUP OF VARIOUS MEASURES,2023-12-13,hsfa00,House International Relations Committee,BkqDHEQwEfs,https://www.youtube.com/watch?v=BkqDHEQwEfs,Markup of Various Measures 12.13.23,0.85,substring_nearby_date,,
118,56990,EXAMINING THE BIDEN ADMINISTRATION'S AFGHANISTAN POLICY SINCE THE U.S. WITHDRAWAL: PART II,2024-01-11,hsfa00,House International Relations Committee,6xpo_Boe30U,https://www.youtube.com/watch?v=6xpo_Boe30U,Examining the Biden Administration’s Afghanistan Policy Since the U.S. Withdrawal: Part II,0.95,exact_date_title,,
118,56931,PROTECTING EMERGING TECHNOLOGIES FOR PEACE AND STABILITY IN THE INDO- PACIFIC,2024-01-17,hsfa00,House International Relations Committee,ARH3S_9416o,https://www.youtube.com/watch?v=ARH3S_9416o,Protecting Emerging Technologies for Peace and Stability in the Indo-Pacific,0.95,exact_date_title,,
118,55922,EXAMINING THE FLOW OF U.S. MONEY INTO CHINA'S MILITARY MIGHT,2024-01-17,hsfa00,House International Relations Committee,GmnECodx1Ic,https://www.youtube.com/watch?v=GmnECodx1Ic,Examining the Flow of U.S. Money into China’s Military Might,0.95,exact_date_title,,
118,55925,THE MYTH OF THE NEW CUBAN ENTREPRENEURS: AN ANALYSIS OF THE BIDEN ADMINISTRATION'S CUBA POLICY,2024-01-18,hsfa00,House International Relations Committee,k_FauUE2F6I,https://www.youtube.com/watch?v=k_FauUE2F6I,The Myth of the New Cuban Entrepreneurs: An Analysis of the Biden Administration’s Cuba Policy,0.95,exact_date_title,,
118,56989,UNRWA EXPOSED: EXAMINING THE AGENCY'S MISSION AND FAILURES,2024-01-30,hsfa00,House International Relations Committee,Dc5iF8EmX0k,https://www.youtube.com/watch?v=Dc5iF8EmX0k,UNRWA Exposed: Examining the Agency’s Mission and Failures,0.95,exact_date_title,,
118,57457,THE FUTURE OF PEACEKEEPING AND THE INCREASING ROLE OF PRIVATE MILITARY COMPANIES IN AFRICA,2024-01-31,hsfa00,House International Relations Committee,gUFH8p9tjJY,https://www.youtube.com/watch?v=gUFH8p9tjJY,The Future of Peacekeeping and the Increasing Role of Private Military Companies in Africa,0.95,exact_date_title,,
118,54878,MARKUP OF VARIOUS MEASURES,2024-02-06,hsfa00,House International Relations Committee,htCGfgrvVBA,https://www.youtube.com/watch?v=htCGfgrvVBA,Markup of Various Measures 2.6.24,0.72,fuzzy_title_exact_date,,
118,56229,"IRAN'S PROXY IN YEMEN: THE HOUTHI THREAT TO MIDDLE EAST STABILITY, GLOBAL SHIPPING, AND U.S. SERVICE MEMBERS",2024-02-14,hsfa00,House International Relations Committee,78uBJ35e5vQ,https://www.youtube.com/watch?v=78uBJ35e5vQ,"Iran’s Proxy in Yemen: Houthi Threat to Middle East Stability, Global Shipping & US Servicemembers",0.77,fuzzy_title_exact_date,,
118,55921,AUKUS IMPLEMENTATION AND CHALLENGES TO INTERNATIONAL SECURITY AND ARMS CONTROL IN THE 21ST CENTURY,2024-02-14,hsfa00,House International Relations Committee,f9KHA66JtE0,https://www.youtube.com/watch?v=f9KHA66JtE0,AUKUS Implementation and Challenges to International Security and Arms Control in the 21st Century,0.95,exact_date_title,,
118,56991,THE FUTURE OF FREEDOM IN NIGERIA,2024-02-14,hsfa00,House International Relations Committee,VdLo69SWtbg,https://www.youtube.com/watch?v=VdLo69SWtbg,The Future of Freedom in Nigeria,0.95,exact_date_title,,
118,55924,BEHIND THE SCENES: HOW THE BIDEN ADMINISTRATION FAILED TO ENFORCE THE DOHA AGREEMENT,2024-02-15,hsfa00,House International Relations Committee,8W4u815BiuY,https://www.youtube.com/watch?v=8W4u815BiuY,Behind the Scenes: How the Biden Administration Failed to Enforce the Doha Agreement,0.95,exact_date_title,,
118,56231,THE AGENTS OF ANTISEMITISM IN LATIN AMERICA,2024-03-07,hsfa00,House International Relations Committee,O2EKwnhKf-w,https://www.youtube.com/watch?v=O2EKwnhKf-w,The Agents of Antisemitism in Latin America,0.95,exact_date_title,,
118,56230,GOING NUCLEAR ON ROSATOM: ENDING GLOBAL DEPENDENCE ON PUTIN'S NUCLEAR ENERGY SECTOR,2024-03-12,hsfa00,House International Relations Committee,hyclYnGpW7c,https://www.youtube.com/watch?v=hyclYnGpW7c,Going Nuclear on Rosatom: Ending Global Dependence on Putin’s Nuclear Energy Sector,0.95,exact_date_title,,
118,55810,AN ASSESSMENT OF THE BIDEN ADMINISTRATION'S WITHDRAWAL FROM AFGHANISTAN BY AMERICA'S GENERALS,2024-03-19,hsfa00,House International Relations Committee,QsomenTaRLE,https://www.youtube.com/watch?v=QsomenTaRLE,An Assessment of the Biden Administration’s Withdrawal from Afghanistan by America’s Generals,0.95,exact_date_title,,
118,57437,MARKUP OF VARIOUS MEASURES,2024-03-20,hsfa00,House International Relations Committee,eksA8LMHxdw,https://www.youtube.com/watch?v=eksA8LMHxdw,Markup of Various Measures 3.20.24,0.7,fuzzy_title_exact_date,,
118,59877,PAKISTAN AFTER THE ELECTIONS: EXAMINING THE FUTURE OF DEMOCRACY IN PAKISTAN AND THE U.S.-PAKISTAN RELATIONSHIP,2024-03-20,hsfa00,House International Relations Committee,0vvH1Rzd0jM,https://www.youtube.com/watch?v=0vvH1Rzd0jM,Pakistan After Elections: Examining the Future of Democracy in Pakistan & US-Pakistan Relationship,0.83,fuzzy_title_exact_date,,
118,56650,COUNTERING CHINA ON THE WORLD STAGE: EMPOWERING AMERICAN BUSINESSES AND DENYING CHINESE MILITARY OUR TECHNOLOGY,2024-03-21,hsfa00,House International Relations Committee,VeitSNhpILY,https://www.youtube.com/watch?v=VeitSNhpILY,Countering China: Empowering American Businesses and Denying the Chinese Military Our Technology,0.83,fuzzy_title_exact_date,,
118,56236,THE DESPOTIC DUO: RUSSO-IRANIAN COOPERATION AND THREATS TO U.S. INTERESTS,2024-04-17,hsfa00,House International Relations Committee,A0BA5hvKpi0,https://www.youtube.com/watch?v=A0BA5hvKpi0,The Despotic Duo: Russo-Iranian Cooperation and Threats to U.S. Interests,0.95,exact_date_title,,
118,56651,ANALYZING THE FISCAL YEAR 2025 STATE AND FOREIGN OPERATIONS BUDGET REQUEST FOR EUROPE,2024-06-26,hsfa00,House International Relations Committee,6-PDHtjTLl8,https://www.youtube.com/watch?v=6-PDHtjTLl8,Analyzing the Fiscal Year 25 State and Foreign Operations Budget Request for Europe,0.89,fuzzy_title_exact_date,,
118,56596,MANAGEMENT SUCCESSES AND FAILURES: ASSESSING THE U.S. AGENCY FOR GLOBAL MEDIA,2024-07-09,hsfa00,House International Relations Committee,d6Clo82PFLs,https://www.youtube.com/watch?v=d6Clo82PFLs,Management Successes and Failures: Assessing the U.S. Agency for Global Media,0.95,exact_date_title,,
118,56570,A LOOK AT U.S. POLICY IN GEORGIA AND MOLDOVA AHEAD OF THEIR 2024 ELECTIONS,2024-07-23,hsfa00,House International Relations Committee,DPTiMjopNvA,https://www.youtube.com/watch?v=DPTiMjopNvA,A Look at U.S. Policy in Georgia and Moldova Ahead of Their 2024 Elections,0.95,exact_date_title,,
118,60092,MISSED MILESTONES: EVALUATING THE LAST FOUR YEARS IN THE EAP REGION AND UNSEIZED OPPORTUNITIES UNDER PRESIDENT TRUMP,2025-02-25,hsfa00,House International Relations Committee,4UZAZPdJ9iE,https://www.youtube.com/watch?v=4UZAZPdJ9iE,Missed Milestones: Evaluating The Last 4 Years in EAP Region & Unseized Opportunities Under Trump,0.79,fuzzy_title_exact_date,,
118,60515,MARKUP OF VARIOUS MEASURES,2025-04-09,hsfa00,House International Relations Committee,9LehXplkqtQ,https://www.youtube.com/watch?v=9LehXplkqtQ,Markup of Various Measures 4.9.2025,0.85,substring_nearby_date,,
118,51118,ORGANIZATIONAL MEETING,2023-01-31,hsgo00,House Government Reform Committee,Byh6NQLDvAk,https://www.youtube.com/watch?v=Byh6NQLDvAk,Ranking Member Raskin's Opening Statement: 118th Organizational Meeting,0.83,substring_nearby_date,115267,
118,50896,"FEDERAL PANDEMIC SPENDING: A PRESCRIPTION FOR WASTE, FRAUD AND ABUSE",2023-02-01,hsgo00,House Government Reform Committee,,,,0.0,no_match,115266,
118,50897,ON THE FRONT LINES OF THE BORDER CRISIS: A HEARING WITH CHIEF PATROL AGENTS,2023-02-07,hsgo00,House Government Reform Committee,,,,0.0,no_match,115281,
118,50898,"PROTECTING SPEECH FROM GOVERNMENT INTERFERENCE AND SOCIAL MEDIA BIAS, PART I: TWITTER'S ROLE IN SUPPRESSING THE BIDEN LAPTOP STORY",2023-02-08,hsgo00,House Government Reform Committee,,,,0.0,no_match,115286,
118,51804,FULL COMMITTEE BUSINESS MEETING: MARK-UP OF H.R. 140 AND H.R. 1162,2023-02-28,hsgo00,House Government Reform Committee,,,,0.0,no_match,115379,
118,51473,ADVANCES IN AI: ARE WE READY FOR A TECH REVOLUTION?,2023-03-08,hsgo00,House Government Reform Committee,,,,0.0,no_match,115432,
118,51471,INVESTIGATING THE ORIGINS OF COVID-19,2023-03-08,hsgo00,House Government Reform Committee,,,,0.0,no_match,,
118,51472,FORCE MULTIPLIERS: EXAMINING THE NEED FOR ADDITIONAL RESOURCES TO DISRUPT TRANSNATIONAL CRIME AT THE BORDER AND BEYOND,2023-03-08,hsgo00,House Government Reform Committee,,,,0.0,no_match,115429,
118,51474,"BURNING THE MIDNIGHT OIL: WHY DEPLETING THE STRATEGIC PETROLEUM RESERVE IS NOT A SOLUTION TO AMERICA'S ENERGY PROBLEM, PART I",2023-03-08,hsgo00,House Government Reform Committee,,,,0.0,no_match,115431,
118,51630,INFLATION: A PREVENTABLE CRISIS,2023-03-09,hsgo00,House Government Reform Committee,,,,0.0,no_match,115453,
118,51631,"WASTE, FRAUD, AND ABUSE GO VIRAL: INSPECTORS GENERAL ON CURING THE DISEASE",2023-03-09,hsgo00,House Government Reform Committee,,,,0.0,no_match,115454,
118,51475,OVERSIGHT OF OUR NATION'S LARGEST EMPLOYER: REVIEWING THE U.S. OFFICE OF PERSONNEL MANAGEMENT,2023-03-09,hsgo00,House Government Reform Committee,,,,0.0,no_match,115452,
118,51632,ATF'S ASSAULT ON THE SECOND AMENDMENT: WHEN IS ENOUGH ENOUGH?,2023-03-23,hsgo00,House Government Reform Committee,BNNFneRw3rk,https://www.youtube.com/watch?v=BNNFneRw3rk,ATF’s Assault on the Second Amendment: When is Enough Enough?,0.95,exact_date_title,,
118,51668,UNPACKING THE WHITE HOUSE NATIONAL CYBERSECURITY STRATEGY,2023-03-23,hsgo00,House Government Reform Committee,,,,0.0,no_match,115535,
118,51718,FDA OVERSIGHT PART I: THE INFANT FORMULA SHORTAGE,2023-03-28,hsgo00,House Government Reform Committee,,,,0.0,no_match,115566,
118,51719,THE CONSEQUENCES OF SCHOOL CLOSURES: INTENDED AND UNINTENDED,2023-03-28,hsgo00,House Government Reform Committee,,,,0.0,no_match,115586,
118,51720,ENSURING FORCE READINESS: EXAMINING PROGRESSIVISM'S IMPACT ON AN ALL-VOLUNTEER MILITARY,2023-03-28,hsgo00,House Government Reform Committee,,,,0.0,no_match,115592,
118,51835,FULL COMMITTEE BUSINESS MEETING: MARK-UP OF H.J. RES. 42 DISAPPROVING THE ACTION OF THE DISTRICT OF COLUMBIA COUNCIL IN APPROVING THE COMPREHENSIVE POLICING AND JUSTICE REFORM AMENDMENT ACT OF 2022,2023-03-29,hsgo00,House Government Reform Committee,,,,0.0,no_match,,
118,51721,OVERDUE OVERSIGHT OF THE CAPITAL CITY: PART I,2023-03-29,hsgo00,House Government Reform Committee,,,,0.0,no_match,,
118,51722,LOGIN.GOV DOESN'T MEET THE STANDARD,2023-03-29,hsgo00,House Government Reform Committee,,,,0.0,no_match,115607,
118,51834,FUELING UNAFFORDABILITY: HOW THE BIDEN ADMINISTRATION'S POLICIES CATALYZED GLOBAL ENERGY SCARCITY AND COMPOUNDED INFLATION,2023-03-29,hsgo00,House Government Reform Committee,,,,0.0,no_match,115609,
118,51892,OVERSIGHT OF THE OFFICE OF REFUGEE RESETTLEMENT'S UNACCOMPANIED ALIEN CHILDREN PROGRAM,2023-04-18,hsgo00,House Government Reform Committee,,,,0.0,no_match,115743,
118,51891,INVESTIGATING THE ORIGINS OF COVID PART 2: CHINA AND THE AVAILABLE INTELLIGENCE,2023-04-18,hsgo00,House Government Reform Committee,,,,0.0,no_match,115744,
118,51893,"SPENDING ON EMPTY: HOW THE BIDEN ADMINISTRATION'S UNPRECEDENTED SPENDING INCREASED RISK OF WASTE, FRAUD, AND ABUSE AT THE DEPARTMENT OF ENERGY",2023-04-18,hsgo00,House Government Reform Committee,,,,0.0,no_match,115742,
118,51894,"THE BIDEN ADMINISTRATION'S DISASTROUS WITHDRAWAL FROM AFGHANISTAN, PART I: REVIEW BY THE INSPECTORS GENERAL",2023-04-19,hsgo00,House Government Reform Committee,,,,0.0,no_match,,
118,52121,"THE CONSEQUENCES OF SCHOOL CLOSURES, PART 2: THE PRESIDENT OF THE AMERICAN FEDERATION OF TEACHERS, MS. RANDI WEINGARTEN",2023-04-26,hsgo00,House Government Reform Committee,,,,0.0,no_match,115797,
118,52119,THE GOVERNMENT ACCOUNTABILITY OFFICE'S 2023 HIGH RISK LIST,2023-04-26,hsgo00,House Government Reform Committee,,,,0.0,no_match,115808,
118,52120,CHINA IN OUR BACKYARD: HOW CHINESE MONEY LAUNDERING ORGANIZATIONS ENRICH THE CARTELS,2023-04-26,hsgo00,House Government Reform Committee,,,,0.0,no_match,115810,
118,52161,"ESG PART I: AN EXAMINATION OF ENVIRONMENTAL, SOCIAL, AND GOVERNANCE PRACTICES WITH ATTORNEYS GENERAL",2023-05-10,hsgo00,House Government Reform Committee,,,,0.0,no_match,115886,
118,52162,RISKY BUSINESS: COSTLY INACTION ON FEDERAL LEGACY IT,2023-05-10,hsgo00,House Government Reform Committee,,,,0.0,no_match,115892,
118,52165,FDA OVERSIGHT PART II: RESPONSIBILITY FOR THE INFANT FORMULA SHORTAGE,2023-05-11,hsgo00,House Government Reform Committee,,,,0.0,no_match,115899,
118,52164,STRENGTHENING THE FLEET: CHALLENGES AND SOLUTIONS IN NAVAL SURFACE SHIP CONSTRUCTION,2023-05-11,hsgo00,House Government Reform Committee,,,,0.0,no_match,115900,
118,52163,"INVESTIGATING PANDEMIC IMMUNITY: ACQUIRED, THERAPEUTIC OR BOTH",2023-05-11,hsgo00,House Government Reform Committee,,,,0.0,no_match,115916,
118,52242,OVERDUE OVERSIGHT OF THE CAPITAL CITY: PART II,2023-05-16,hsgo00,House Government Reform Committee,,,,0.0,no_match,115944,
118,52244,TRACKING THE POSTAL SERVICE: AN UPDATE ON THE DELIVERING FOR AMERICA PLAN,2023-05-17,hsgo00,House Government Reform Committee,,,,0.0,no_match,115956,
118,52245,DRIVING BAD POLICY: EXAMINING EPA'S TAILPIPE EMISSIONS RULES AND THE REALITIES OF A RAPID ELECTRIC VEHICLE TRANSITION,2023-05-17,hsgo00,House Government Reform Committee,,,,0.0,no_match,115958,
118,52570,THE ROLE OF PHARMACY BENEFIT MANAGERS IN PRESCRIPTION DRUG MARKETS PART I: SELF-INTEREST OR HEALTHCARE?,2023-05-23,hsgo00,House Government Reform Committee,,,,0.0,no_match,116002,
118,52572,A FAILURE OF SUPERVISION: BANK FAILURES AND THE SAN FRANCISCO FEDERAL RESERVE,2023-05-24,hsgo00,House Government Reform Committee,,,,0.0,no_match,116014,
118,52571,CONSUMER CHOICE ON THE BACKBURNER: EXAMINING THE BIDEN ADMINISTRATION'S REGULATORY ASSAULT ON AMERICANS' GAS STOVES,2023-05-24,hsgo00,House Government Reform Committee,,,,0.0,no_match,116015,
118,52573,HELP WANTED: LAW ENFORCEMENT STAFFING CHALLENGES AT THE BORDER:,2023-06-06,hsgo00,House Government Reform Committee,,,,0.0,no_match,116055,
118,52639,DEATH BY A THOUSAND REGULATIONS: THE BIDEN ADMINISTRATION'S CAMPAIGN TO BURY AMERICA IN RED TAPE,2023-06-14,hsgo00,House Government Reform Committee,,,,0.0,no_match,116105,
118,52640,CLEARING THE AIR: EXAMINING THE ENVIRONMENTAL PROTECTION AGENCY'S PROPOSED EMISSIONS STANDARDS,2023-06-21,hsgo00,House Government Reform Committee,,,,0.0,no_match,116130,
118,52825,PLEASE LEAVE YOUR MESSAGE AT THE TONE: ADDRESSING POST-PANDEMIC BACKLOGS AND DELAYS AT FEDERAL AGENCIES,2023-06-21,hsgo00,House Government Reform Committee,,,,0.0,no_match,116131,
118,52826,USING CUTTING-EDGE TECHNOLOGIES. TO KEEP AMERICA SAFE,2023-06-22,hsgo00,House Government Reform Committee,,,,0.0,no_match,116144,
118,53002,INVESTIGATING THE PROXIMAL ORIGIN OF A COVER-UP,2023-07-11,hsgo00,House Government Reform Committee,,,,0.0,no_match,116185,
118,53367,FULL COMMITTEE BUSINESS MEETING: MARK-UP OF SEVERAL BILLS AND POSTAL-NAMING MEASURES,2023-07-12,hsgo00,House Government Reform Committee,,,,0.0,no_match,116082,
118,53003,BEYOND THE BUDGET: ADDRESSING FINANCIAL ACCOUNTABILITY IN THE DEPARTMENT OF DEFENSE,2023-07-13,hsgo00,House Government Reform Committee,,,,0.0,no_match,,
118,53004,CANCELLING CONSUMER CHOICE: EXAMINING THE BIDEN ADMINISTRATION'S REGULATORY ASSAULT ON AMERICANS' HOME APPLIANCES,2023-07-18,hsgo00,House Government Reform Committee,,,,0.0,no_match,116246,
118,53005,WHY EXPANDING MEDICAID TO DACA RECIPIENTS WILL EXACERBATE THE BORDER CRISIS,2023-07-18,hsgo00,House Government Reform Committee,,,,0.0,no_match,116247,
118,53006,HEARING WITH IRS WHISTLEBLOWERS ABOUT THE BIDEN CRIMINAL INVESTIGATION,2023-07-19,hsgo00,House Government Reform Committee,,,,0.0,no_match,116254,
118,53023,GETTING NOWHERE: DOD'S FAILURE TO REPLACE THE DEFENSE TRAVEL SYSTEM,2023-07-26,hsgo00,House Government Reform Committee,,,,0.0,no_match,116245,
118,53022,"UNIDENTIFIED ANOMALOUS PHENOMENA: IMPLICATIONS ON NATIONAL SECURITY, PUBLIC SAFETY, AND GOVERNMENT TRANSPARENCY",2023-07-26,hsgo00,House Government Reform Committee,,,,0.0,no_match,116282,
118,53026,HEMP IN THE MODERN WORLD: THE YEARSLONG WAIT FOR FDA ACTION,2023-07-27,hsgo00,House Government Reform Committee,,,,0.0,no_match,116289,
118,53024,OVERSIGHT AND REAUTHORIZATION OF THE OFFICE OF NATIONAL DRUG CONTROL POLICY,2023-07-27,hsgo00,House Government Reform Committee,,,,0.0,no_match,116288,
118,53025,BECAUSE I SAID SO: EXAMINING THE SCIENCE AND IMPACT OF COVID-19 VACCINE MANDATES,2023-07-27,hsgo00,House Government Reform Committee,,,,0.0,no_match,116287,
118,53368,WEATHERING THE STORM: OVERSIGHT OF THE FEDERAL RESPONSE AND RECOVERY EFFORTS IN SOUTHWESTERN FLORIDA FOLLOWING HURRICANE IAN,2023-08-10,hsgo00,House Government Reform Committee,,,,0.0,no_match,116300,
118,53370,A DANGEROUS STRATEGY: EXAMINING THE BIDEN ADMINISTRATION'S FAILURES ON IRAN,2023-09-13,hsgo00,House Government Reform Committee,,,,0.0,no_match,116350,
118,53369,UNSUITABLE LITIGATION: OVERSIGHT OF THIRD-PARTY LITIGATION FUNDING,2023-09-13,hsgo00,House Government Reform Committee,,,,0.0,no_match,116346,
118,53382,HOW ARE FEDERAL AGENCIES HARNESSING ARTIFICIAL INTELLIGENCE?,2023-09-14,hsgo00,House Government Reform Committee,,,,0.0,no_match,116358,
118,53380,OVERSIGHT OF FEDERAL AGENCIES' POST-PANDEMIC TELEWORK POLICIES,2023-09-14,hsgo00,House Government Reform Committee,,,,0.0,no_match,116359,
118,53383,THE INFLATION REDUCTION ACT: A YEAR IN REVIEW,2023-09-14,hsgo00,House Government Reform Committee,,,,0.0,no_match,116357,
118,53381,"OH DOCTOR, WHERE ART THOU? PANDEMIC EROSION OF THE DOCTOR-PATIENT RELATIONSHIP",2023-09-14,hsgo00,House Government Reform Committee,,,,0.0,no_match,116354,
118,53520,THE ROLE OF PHARMACY BENEFIT MANAGERS IN PRESCRIPTION DRUG MARKETS PART II: NOT WHAT THE DOCTOR ORDERED,2023-09-19,hsgo00,House Government Reform Committee,,,,0.0,no_match,116373,
118,53521,"BIDENOMICS: A PERFECT STORM OF SPENDING, DEBT, AND INFLATION",2023-09-19,hsgo00,House Government Reform Committee,,,,0.0,no_match,116372,
118,53720,"THE BASIS FOR AN IMPEACHMENT INQUIRY OF PRESIDENT JOSEPH R. BIDEN, JR.",2023-09-28,hsgo00,House Government Reform Committee,,,,0.0,no_match,116415,
118,54067,STRENGTHENING BIOSAFETY AND BIOSECURITY STANDARDS: PROTECTING AGAINST FUTURE PANDEMICS,2023-10-18,hsgo00,House Government Reform Committee,,,,0.0,no_match,116474,
118,54069,FAITH UNDER FIRE: AN EXAMINATION OF GLOBAL RELIGIOUS PERSECUTION,2023-10-25,hsgo00,House Government Reform Committee,,,,0.0,no_match,116508,
118,54070,"THE POWER OF APPRENTICESHIPS: FASTER, BETTER PATHS TO PROSPEROUS JOBS AND LESS WASTE IN HIGHER EDUCATION",2023-10-25,hsgo00,House Government Reform Committee,,,,0.0,no_match,116507,
118,54071,ADVANCES IN DEEPFAKE TECHNOLOGY,2023-11-08,hsgo00,House Government Reform Committee,,,,0.0,no_match,116559,
118,54310,SAFEGUARDING THE FEDERAL SOFTWARE SUPPLY CHAIN,2023-11-29,hsgo00,House Government Reform Committee,,,,0.0,no_match,,
118,54312,OVERSIGHT OF FEDERAL AGENCIES' POST-PANDEMIC TELEWORK POLICIES PART II,2023-11-29,hsgo00,House Government Reform Committee,,,,0.0,no_match,116607,
118,54313,DIGGING DEEPER: ENSURING SAFETY AND SECURITY IN THE CRITICAL MINERAL SUPPLY CHAIN,2023-11-30,hsgo00,House Government Reform Committee,,,,0.0,no_match,116611,
118,54311,THE IMPORTANCE OF PROTECTING FEMALE ATHLETICS AND TITLE IX,2023-12-05,hsgo00,House Government Reform Committee,,,,0.0,no_match,116641,
118,54392,WHITE HOUSE POLICY ON AI,2023-12-06,hsgo00,House Government Reform Committee,,,,0.0,no_match,116650,
118,54393,MEMBER DAY,2023-12-11,hsgo00,House Government Reform Committee,,,,0.0,no_match,116664,
118,54533,THE RISKS OF PROGRESSIVE IDEOLOGIES IN THE U.S. MILITARY,2024-01-11,hsgo00,House Government Reform Committee,,,,0.0,no_match,116730,
118,54570,TOWARD AN AI-READY WORKFORCE,2024-01-17,hsgo00,House Government Reform Committee,,,,0.0,no_match,116745,
118,54569,THE BIDEN ADMINISTRATION'S REGULATORY AND POLICYMAKING EFFORTS TO UNDERMINE U.S. IMMIGRATION LAW,2024-01-17,hsgo00,House Government Reform Committee,,,,0.0,no_match,116746,
118,54582,THE NEXT GENERATION: EMPOWERING AMERICAN NUCLEAR ENERGY,2024-01-18,hsgo00,House Government Reform Committee,,,,0.0,no_match,116751,
118,54768,AMERICA'S REPORT CARD: OVERSIGHT OF K-12 PUBLIC EDUCATION,2024-01-30,hsgo00,House Government Reform Committee,,,,0.0,no_match,,
118,54769,OVERSEEING THE DEPARTMENT OF HEALTH AND HUMAN SERVICES' COMPLIANCE WITH CONGRESS,2024-01-31,hsgo00,House Government Reform Committee,,,,0.0,no_match,116774,
118,54866,ASSESSING AMERICA'S VACCINE SAFETY SYSTEMS PART 1,2024-02-15,hsgo00,House Government Reform Committee,,,,0.0,no_match,,
118,54867,THE CONSEQUENCES OF CATCH AND RELEASE AT THE BORDER,2024-02-15,hsgo00,House Government Reform Committee,,,,0.0,no_match,,
118,55020,MADE IN CHINA: IS GSA COMPLYING WITH PURCHASING RESTRICTIONS?,2024-02-29,hsgo00,House Government Reform Committee,,,,0.0,no_match,,
118,55179,EXAMINING THE WHITE HOUSE'S ROLE IN PANDEMIC PREPAREDNESS AND RESPONSE,2024-03-06,hsgo00,House Government Reform Committee,,,,0.0,no_match,,
118,55181,ADDRESSING REAL HARM DONE BY DEEPFAKES,2024-03-12,hsgo00,House Government Reform Committee,,,,0.0,no_match,,
118,55180,THE POWER STRUGGLE: EXAMINING THE RELIABILITY AND SECURITY OF AMERICA'S ELECTRICAL GRID,2024-03-12,hsgo00,House Government Reform Committee,,,,0.0,no_match,,
118,55182,INFLUENCE PEDDLING: EXAMINING JOE BIDEN'S ABUSE OF PUBLIC OFFICE,2024-03-20,hsgo00,House Government Reform Committee,,,,0.0,no_match,,
118,55221,ACCOUNTABLE ASSISTANCE: REVIEWING CONTROLS TO PREVENT MISMANAGEMENT OF FOREIGN AID,2024-03-21,hsgo00,House Government Reform Committee,,,,0.0,no_match,,
118,55222,ASSESSING AMERICA'S VACCINE SAFETY SYSTEMS PART II,2024-03-21,hsgo00,House Government Reform Committee,,,,0.0,no_match,,
118,55220,WHITE HOUSE OVERREACH ON AI,2024-03-21,hsgo00,House Government Reform Committee,,,,0.0,no_match,,
118,55452,OVERSIGHT OF THE U.S. FOOD AND DRUG ADMINISTRATION,2024-04-11,hsgo00,House Government Reform Committee,,,,0.0,no_match,,
118,55453,HOW THE BORDER CRISIS IMPACTS PUBLIC SAFETY,2024-04-16,hsgo00,House Government Reform Committee,,,,0.0,no_match,,
118,55455,"DEFENDING AMERICA FROM THE CHINESE COMMUNIST PARTY'S POLITICAL WARFARE, PART I",2024-04-17,hsgo00,House Government Reform Committee,,,,0.0,no_match,,
118,55454,"ACADEMIC MALPRACTICE: EXAMINING THE RELATIONSHIP BETWEEN SCIENTIFIC JOURNALS, THE GOVERNMENT AND PEER REVIEW",2024-04-17,hsgo00,House Government Reform Committee,,,,0.0,no_match,,
118,55544,OVERSIGHT OF THE BIDEN ADMINISTRATION'S PAUSE ON LIQUIFIED NATURAL GAS EXPORTS,2024-04-18,hsgo00,House Government Reform Committee,,,,0.0,no_match,,
118,55545,DRILLING DOWN: OVERSIGHT OF THE CHALLENGES AND OPPORTUNITIES FACING U.S. ENERGY PRODUCTION,2024-04-23,hsgo00,House Government Reform Committee,,,,0.0,no_match,,
118,55546,A FOCUS ON MANAGEMENT: OVERSIGHT OF THE OFFICE OF MANAGEMENT AND BUDGET,2024-04-30,hsgo00,House Government Reform Committee,,,,0.0,no_match,,
118,55547,HEALTH OF THE COMMERCIAL REAL ESTATE MARKETS AND REMOVING REGULATORY HURDLES TO ENSURE CONTINUED STRENGTH,2024-04-30,hsgo00,House Government Reform Committee,,,,0.0,no_match,,
118,55548,A HEARING WITH THE PRESIDENT OF ECOHEALTH ALLIANCE DR. PETER DASZAK,2024-05-01,hsgo00,House Government Reform Committee,,,,0.0,no_match,,
118,55708,RED ALERT: COUNTERING THE CYBERTHREAT FROM CHINA,2024-05-15,hsgo00,House Government Reform Committee,,,,0.0,no_match,,
118,55709,INTRUDER ALERT: ASSESSING THE CCP'S ONGOING INFILTRATION OF U.S. MILITARY INSTALLATIONS,2024-05-16,hsgo00,House Government Reform Committee,,,,0.0,no_match,,
118,55710,OVERSEEING THE OVERSEERS: A HEARING WITH NIH DEPUTY DIRECTOR LAWRENCE TABAK,2024-05-16,hsgo00,House Government Reform Committee,,,,0.0,no_match,,
118,55828,A HEARING WITH THE NATIONAL INSTITUTE OF ALLERGY AND INFECTIOUS DISEASES SENIOR SCIENTIFIC ADVISOR DR. DAVID MORENS,2024-05-22,hsgo00,House Government Reform Committee,,,,0.0,no_match,,
118,55827,OVERSIGHT OF OUR NATION'S LARGEST EMPLOYER: REVIEWING THE U.S. OFFICE OF PERSONNEL MANAGEMENT PART II,2024-05-22,hsgo00,House Government Reform Committee,,,,0.0,no_match,,
118,55829,OVERSIGHT OF THE U.S. DEPARTMENT OF ENERGY,2024-05-23,hsgo00,House Government Reform Committee,,,,0.0,no_match,,
118,55830,A HEARING WITH DR. ANTHONY FAUCI,2024-06-03,hsgo00,House Government Reform Committee,,,,0.0,no_match,,
118,56063,ADDRESSING OVERSIGHT AND SAFETY CONCERNS IN THE DEPARTMENT OF DEFENSE'S V-22 OSPREY PROGRAM,2024-06-12,hsgo00,House Government Reform Committee,,,,0.0,no_match,,
118,56064,WHAT WE HAVE HERE IS A FAILURE TO COLLABORATE: REVIEW OF GAO'S ANNUAL DUPLICATION REPORT,2024-06-13,hsgo00,House Government Reform Committee,,,,0.0,no_match,,
118,56065,DEFENDING AMERICA FROM THE CHINESE COMMUNIST PARTY'S POLITICAL WARFARE PART ll,2024-06-26,hsgo00,House Government Reform Committee,,,,0.0,no_match,,
118,56066,SECURITY AT STAKE: AN EXAMINATION OF DOD'S STRUGGLING BACKGROUND CHECK SYSTEM,2024-06-26,hsgo00,House Government Reform Committee,,,,0.0,no_match,,
118,56320,STANDING UP FOR THE RULE OF LAW:,2024-06-27,hsgo00,House Government Reform Committee,,,,0.0,no_match,,
118,56321,CUTTING COMPETITION IN CONTRACTING:,2024-06-27,hsgo00,House Government Reform Committee,,,,0.0,no_match,,
118,56322,OVERSIGHT OF THE U.S. ENVIRONMENTAL PROTECTION AGENCY,2024-07-10,hsgo00,House Government Reform Committee,,,,0.0,no_match,,
118,56323,OVERSIGHT OF THE U.S. SECRET SERVICE AND THE ATTEMPTED ASSASSINATION OF PRESIDENT DONALD J. TRUMP,2024-07-22,hsgo00,House Government Reform Committee,,,,0.0,no_match,,
118,56566,OVERSIGHT OF THE COUNCIL OF THE INSPECTORS GENERAL ON INTEGRITY AND EFFICIENCY,2024-07-23,hsgo00,House Government Reform Committee,,,,0.0,no_match,,
118,56324,THE ROLE OF PHARMACY BENEFITS MANAGERS IN PRESCRIPTION DRUG MARKETS PART III: TRANSPARENCY AND ACCOUNTABILITY,2024-07-23,hsgo00,House Government Reform Committee,,,,0.0,no_match,,
118,56567,WASTEFUL SPENDING AND INEFFICIENCIES: EXAMINING DOD PLATFORM PERFORMANCE AND COSTS,2024-07-24,hsgo00,House Government Reform Committee,,,,0.0,no_match,,
118,56568,ENHANCING CYBERSECURITY BY ELIMINATING INCONSISTENT REGULATIONS INCONSISTENT REGULATIONS,2024-07-25,hsgo00,House Government Reform Committee,,,,0.0,no_match,,
118,56883,ASSESSING THE FEDERAL GOVERNMENT'S RESPONSE TO THE 2023 MAUI WILDFIRES,2024-09-04,hsgo00,House Government Reform Committee,,,,0.0,no_match,,
118,56885,A HEARING WITH FORMER NEW YORK GOVERNOR ANDREW CUOMO,2024-09-10,hsgo00,House Government Reform Committee,,,,0.0,no_match,,
118,56884,WHERE DO WE GO FROM HERE? EXAMINING A PATH FORWARD TO ASSESS AGENCIES' EFFORTS TO PREVENT IMPROPER PAYMENTS AND FRAUD,2024-09-10,hsgo00,House Government Reform Committee,,,,0.0,no_match,,
118,56886,A LEGACY OF INCOMPETENCE: CONSEQUENCES OF THE BIDEN-HARRIS ADMINISTRATION'S POLICY FAILURES,2024-09-19,hsgo00,House Government Reform Committee,,,,0.0,no_match,,
118,56887,"DEFENDING AMERICA FROM THE CHINESE COMMUNIST PARTY'S POLITICAL WARFARE, PART III",2024-09-24,hsgo00,House Government Reform Committee,,,,0.0,no_match,,
118,56965,TRACKING PROGRESS: EXAMINING THE DEPARTMENT OF DEFENSE'S FINANCIAL MANAGEMENT PRACTICES,2024-09-24,hsgo00,House Government Reform Committee,,,,0.0,no_match,,
118,56967,THE BORDER CRISIS: THE COST OF CHAOS,2024-09-25,hsgo00,House Government Reform Committee,,,,0.0,no_match,,
118,56966,KITCHEN TABLE ECONOMICS: HOW FAILED BIDEN-HARRIS POLICIES CONTINUE TO HURT CONSUMERS,2024-09-25,hsgo00,House Government Reform Committee,,,,0.0,no_match,,
118,57440,UNIDENTIFIED ANOMALOUS PHENOMENA: EXPOSING THE TRUTH,2024-11-13,hsgo00,House Government Reform Committee,,,,0.0,no_match,,
118,57441,PREPARING FOR THE NEXT PANDEMIC: LESSONS LEARNED AND THE PATH FORWARD,2024-11-14,hsgo00,House Government Reform Committee,,,,0.0,no_match,,
118,57442,OVERSIGHT OF THE FEDERAL EMERGENCY MANAGEMENT AGENCY,2024-11-19,hsgo00,House Government Reform Committee,,,,0.0,no_match,,
118,57718,EXPOSING THE TRUTH ON LNG: HOW THE ADMINISTRATION PLAYED POLITICS WITH AMERICA'S ENERGY FUTURE,2024-12-04,hsgo00,House Government Reform Committee,,,,0.0,no_match,,
118,57719,OVERSIGHT OF THE U.S. CENSUS BUREAU,2024-12-05,hsgo00,House Government Reform Committee,,,,0.0,no_match,,
118,57720,OVERSIGHT OF THE U.S. POSTAL SERVICE,2024-12-10,hsgo00,House Government Reform Committee,,,,0.0,no_match,,
118,52439,ORGANIZATIONAL MEETING,2023-02-02,hsha00,Committee on House Administration,,,,0.0,no_match,115274,
118,52991,THE LOOKING AHEAD SERIES: THE ARCHITECT OF THE CAPITOL'S STRATEGIC PLAN FOR THE 118TH CONGRESS,2023-02-09,hsha00,Committee on House Administration,,,,0.0,no_match,115282,
118,53181,PART 1: COMMITTEE FUNDING FOR THE 118TH CONGRESS,2023-02-28,hsha00,Committee on House Administration,,,,0.0,no_match,115340,
118,52651,BUSINESS MEETING TO ADOPT THE OVERSIGHT AND AUTHORIZATION PLAN FOR THE 118TH CONGRESS,2023-02-28,hsha00,Committee on House Administration,,,,0.0,no_match,115339,
118,53701,PART 2: COMMITTEE FUNDING FOR THE 118TH CONGRESS,2023-03-01,hsha00,Committee on House Administration,,,,0.0,no_match,115341,
118,53911,MEMBER DAY,2023-03-08,hsha00,Committee on House Administration,,,,0.0,no_match,115399,
118,53952,"MARKUP OF H. RES.------, PROVIDING FOR THE EXPENSES OF CERTAIN COMMITTEES OF THE HOUSE OF REPRESENTATIVES IN THE ONE HUNDRED EIGHTEENTH CONGRESS",2023-03-08,hsha00,Committee on House Administration,,,,0.0,no_match,115404,
118,53984,BUSINESS MEETING,2023-03-09,hsha00,Committee on House Administration,,,,0.0,no_match,115457,
118,54105,2022 MIDTERMS LOOK BACK SERIES: SUCCESSES IN THE 2022 MIDTERM ELECTIONS,2023-03-10,hsha00,Committee on House Administration,,,,0.0,no_match,115458,
118,54267,Looking Ahead Series: Office Of The Attending Physician,2023-03-23,hsha00,Committee on House Administration,,,,0.0,no_match,115488,
118,53884,2022 MIDTERMS LOOK BACK SERIES: ELECTION OBSERVER ACCESS,2023-03-23,hsha00,Committee on House Administration,,,,0.0,no_match,115487,
118,54467,"2022 MIDTERMS LOOK BACK SERIES: GOVERNMENT VOTER SUPPRESSION IN LUZERNE COUNTY, PENNSYLVANIA",2023-03-28,hsha00,Committee on House Administration,,,,0.0,no_match,115536,
118,54501,LOOKING AHEAD SERIES: HOUSE SERGEANT AT ARMS' STRATEGIC PLAN FOR THE 118TH CONGRESS,2023-04-18,hsha00,Committee on House Administration,,,,0.0,no_match,115621,
118,54549,THE PATH TOWARD A MORE MODERN AND EFFECTIVE CONGRESSIONAL RESEARCH SERVICE,2023-04-26,hsha00,Committee on House Administration,,,,0.0,no_match,115624,
118,54572,. AMERICAN CONFIDENCE IN ELECTIONS: STATE TOOLS TO PROMOTE VOTER CONFIDENCE,2023-04-27,hsha00,Committee on House Administration,,,,0.0,no_match,115778,
118,56213,AMERICAN CONFIDENCE IN ELECTIONS: PROTECTING POLITICAL SPEECH,2023-05-11,hsha00,Committee on House Administration,,,,0.0,no_match,,
118,56269,AMERICAN CONFIDENCE IN ELECTIONS: PROTECTING POLITICAL SPEECH,2023-05-11,hsha00,Committee on House Administration,,,,0.0,no_match,,
118,54610,LOOKING AHEAD SERIES: OVERSIGHT OF THE UNITED STATES CAPITOL POLICE,2023-05-16,hsha00,Committee on House Administration,,,,0.0,no_match,115649,
118,54611,ORGANIZATIONAL MEETING,2023-05-24,hsha00,Committee on House Administration,,,,0.0,no_match,,
118,54669,AMERICAN CONFIDENCE IN ELECTIONS: ENSURING EVERY ELIGIBLE AMERICAN HAS THE OPPORTUNITY TO VOTE AND FOR THEIR VOTE TO COUNT ACCORDING TO LAW,2023-05-24,hsha00,Committee on House Administration,,,,0.0,no_match,116010,
118,54723,OVERSIGHT OF THE OFFICE OF CONGRESSIONAL ETHICS,2023-06-13,hsha00,Committee on House Administration,,,,0.0,no_match,116071,
118,54726,"AMERICAN CONFIDENCE IN ELECTIONS: THE ROLE OF THE ELECTION ASSISTANCE COMMISSION IN FREE, FAIR, AND SECURE ELECTIONS",2023-06-14,hsha00,Committee on House Administration,,,,0.0,no_match,116024,
118,56507,"MARKUP OF H.R. 4563, AMERICAN CONFIDENCE IN ELECTIONS ACT",2023-07-13,hsha00,Committee on House Administration,,,,0.0,no_match,116227,
118,54734,OVERSIGHT OF THE U.S. CAPITOL POLICE OFFICE OF INSPECTOR GENERAL,2023-07-19,hsha00,Committee on House Administration,,,,0.0,no_match,116248,
118,56409,"OVERSIGHT OF THE UNITED STATES CAPITOL SECURITY: ASSESSING SECURITY FAILURES ON JANUARY 6, 2021",2023-09-19,hsha00,Committee on House Administration,,,,0.0,no_match,116368,
118,55914,LEGISLATIVE BRANCH ADVANCEMENT: GAO MODERNIZATION,2023-09-27,hsha00,Committee on House Administration,,,,0.0,no_match,116332,
118,55240,"MARKUP OF COMMITTEE RESOLUTIONS 118-22, 118-23,1118-24, 118-21, H.R. 3196, H.RES. 458, H.R. 4474, H.R. 4460, H.R. 5734, and H.RES.------",2023-09-28,hsha00,Committee on House Administration,,,,0.0,no_match,116398,
118,55980,"MARKUP OF H.R. 4460, H.R. 4396, H.R. 4316, H.R. 3162, H.R. 3229, H.R. 6513, H.R. 4555, AND H.R. 6493",2023-11-30,hsha00,Committee on House Administration,,,,0.0,no_match,116619,
118,54358,LOOKING AHEAD SERIES: OVERSIGHT OF THE SMITHSONIAN INSTITUTION,2023-12-12,hsha00,Committee on House Administration,,,,0.0,no_match,116621,
118,54784,ARTIFICIAL INTELLIGENCE (AI): INNOVATIONS WITHIN THE LEGISLATIVE BRANCH,2024-01-30,hsha00,Committee on House Administration,,,,0.0,no_match,116707,
118,55012,"MARKUP OF H.R. 7319, END ZUCKERBUCKS ACT OF 2024; H.R. 7321, ELECTRONIC FILING OF ELECTIONEERING COMMUNICATIONS REPORTS ACT; AND H.R. 4486, HIRING PREFERENCE FOR VETERANS AND AMERICANS WITH DISABILITIES ACT",2024-02-14,hsha00,Committee on House Administration,,,,0.0,no_match,,
118,55095,"THREE YEARS LATER: ASSESSING THE LAW ENFORCEMENT RESPONSE TO MULTIPLE PIPE BOMBS ON JANUARY 6, 2021",2024-03-12,hsha00,Committee on House Administration,,,,0.0,no_match,116959,
118,55248,LEGISLATIVE PROPOSALS TO SUPPORT MODERNIZING THE CONGRESSIONAL RESEARCH SERVICES AND THE USE OF FEDERAL DATA,2024-03-20,hsha00,Committee on House Administration,,,,0.0,no_match,116991,
118,55270,SAFETY ON CAPITOL HILL: DC CRIME'S IMPACT ON CONGRESSIONAL OPERATIONS AND VISITORS,2024-03-21,hsha00,Committee on House Administration,,,,0.0,no_match,117006,
118,55720,MARKUP OF H.R. 7593 AND H.R. 7592,2024-04-11,hsha00,Committee on House Administration,,,,0.0,no_match,117100,
118,55798,THREE YEARS LATER: D.C. NATIONAL GUARD WHISTLEBLOWERS SPEAK OUT ON JANUARY 6 DELAY,2024-04-17,hsha00,Committee on House Administration,,,,0.0,no_match,117118,
118,56082,OVERSIGHT OF OFFICE OF THE CLERK,2024-05-08,hsha00,Committee on House Administration,,,,0.0,no_match,117248,
118,56237,AMERICAN CONFIDENCE IN ELECTIONS: PREVENTING NONCITIZEN VOTING AND OTHER FOREIGN INTERFERENCE,2024-05-16,hsha00,Committee on House Administration,,,,0.0,no_match,117312,
118,55771,"MARKUP OF H.R. 8281, H.R. 8399, H.R. 7640, H.R. 4544, and H.R. 4317",2024-05-23,hsha00,Committee on House Administration,,,,0.0,no_match,116864,
118,56573,"THE U.S. COPYRIGHT OFFICE: CUSTOMERS, COMMUNITIES, AND MODERNIZATION EF- FORTS",2024-06-26,hsha00,Committee on House Administration,,,,0.0,no_match,117427,
118,56607,OVERSIGHT OF THE LIBRARY OF CONGRESS,2024-07-10,hsha00,Committee on House Administration,,,,0.0,no_match,117499,
118,56595,CONGRESS IN A POST-CHEVRON WORLD,2024-07-23,hsha00,Committee on House Administration,,,,0.0,no_match,117531,
118,56756,"MARKUP OF H.R. 9488, H.R. 7764, H.R. 6394, H.R. 6969, H.R. 9489, H.R. 9487, and H.R. 6242",2024-09-11,hsha00,Committee on House Administration,,,,0.0,no_match,117643,
118,56705,AMERICAN CONFIDENCE IN ELECTIONS: LOOKING AHEAD TO THE 2024 GENERAL ELECTION,2024-09-11,hsha00,Committee on House Administration,,,,0.0,no_match,,
118,56814,CONTINUITY OF CONGRESS: PREPARING FOR THE FUTURE BY LEARNING FROM THE PAST,2024-09-18,hsha00,Committee on House Administration,,,,0.0,no_match,,
118,57808,AMERICAN CONFIDENCE IN ELECTIONS: PROHIBITING FOREIGN INTERFERENCE,2024-12-18,hsha00,Committee on House Administration,,,,0.0,no_match,,
118,51887,EVERY STATE IS A BORDER STATE: EXAMINING SECRETARY MAYORKAS' BORDER CRISIS,2023-02-28,hshm00,House Homeland Security (Select) Committee,,,,0.0,no_match,115369,
118,51888,CONFRONTING THREATS POSED BY THE CHINESE COMMUNIST PARTY TO THE U.S. HOMELAND,2023-03-09,hshm00,House Homeland Security (Select) Committee,,,,0.0,no_match,115455,
118,52122,FAILURE BY DESIGN: EXAMINING SECRETARY MAYORKAS' BORDER CRISIS,2023-03-15,hshm00,House Homeland Security (Select) Committee,,,,0.0,no_match,115476,
118,52386,SECURING AMERICA'S MARITIME BORDER: CHALLENGES AND SOLUTIONS FOR U.S. NATIONAL SECURITY,2023-03-23,hshm00,House Homeland Security (Select) Committee,,,,0.0,no_match,115532,
118,52262,CISA 2025: THE STATE OF AMERICAN CYBERSECURITY FROM A STAKEHOLDER PERSPECTIVE,2023-03-23,hshm00,House Homeland Security (Select) Committee,,,,0.0,no_match,115516,
118,52888,"BIDEN'S GROWING BORDER CRISIS: DEATH, DRUGS, AND DISORDER ON THE NORTHERN BORDER",2023-03-28,hshm00,House Homeland Security (Select) Committee,,,,0.0,no_match,115595,
118,52889,THE HOMELAND SECURITY COST OF THE BIDEN ADMINISTRATION'S CATASTROPHIC WITHDRAWAL FROM AFGHANISTAN,2023-04-18,hshm00,House Homeland Security (Select) Committee,,,,0.0,no_match,115745,
118,52831,A REVIEW OF THE FISCAL YEAR 2024 BUDGET REQUEST FOR THE DEPARTMENT OF HOMELAND SECURITY,2023-04-19,hshm00,House Homeland Security (Select) Committee,,,,0.0,no_match,,
118,52983,CISA 2025: THE STATE OF AMERICAN CYBERSECURITY FROM CISA'S PERSPECTIVE,2023-04-27,hshm00,House Homeland Security (Select) Committee,,,,0.0,no_match,115820,
118,53047,EVALUATING HIGH-RISK SECURITY VULNERABILITIES AT OUR NATION'S PORTS,2023-05-10,hshm00,House Homeland Security (Select) Committee,,,,0.0,no_match,115887,
118,54079,CENSORSHIP LAUNDERING: HOW THE U.S. DEPARTMENT OF HOMELAND SECURITY ENABLES THE SILENCING OF DISSENT,2023-05-11,hshm00,House Homeland Security (Select) Committee,,,,0.0,no_match,115901,
118,53781,"""MOSTLY PEACEFUL"": COUNTERING LEFT-WING ORGANIZED VIOLENCE",2023-05-16,hshm00,House Homeland Security (Select) Committee,,,,0.0,no_match,115946,
118,54104,PROTECTING THE HOMELAND: AN EXAMINATION OF FEDERAL EFFORTS TO SUPPORT STATE AND LOCAL LAW ENFORCEMENT,2023-05-16,hshm00,House Homeland Security (Select) Committee,,,,0.0,no_match,115927,
118,54073,A SECURITY SPRINT: ASSESSING THE U.S. HOMELAND'S VULNERABILITIES TO CHINESE COMMUNIST PARTY AGGRESSION,2023-05-23,hshm00,House Homeland Security (Select) Committee,,,,0.0,no_match,115907,
118,53978,EXAMINING DHS'S FAILURE TO PREPARE FOR THE TERMINATION OF TITLE 42,2023-06-06,hshm00,House Homeland Security (Select) Committee,,,,0.0,no_match,115908,
118,53960,TRANSNATIONAL CRIMINAL ORGANIZATIONS: THE MENACING THREAT TO THE U.S. HOMELAND,2023-06-07,hshm00,House Homeland Security (Select) Committee,,,,0.0,no_match,116069,
118,54093,"OPEN BORDERS, CLOSED CASE: SECRETARY MAYORKAS' DERELICTION OF DUTY ON THE BORDER CRISIS",2023-06-14,hshm00,House Homeland Security (Select) Committee,,,,0.0,no_match,116092,
118,53947,COUNTERING THREATS POSED BY NATION-STATE ACTORS IN LATIN AMERICA TO U.S. HOMELAND SECURITY,2023-06-21,hshm00,House Homeland Security (Select) Committee,,,,0.0,no_match,116118,
118,54126,GROWING THE NATIONAL CYBERSECURITY TALENT PIPELINE,2023-06-22,hshm00,House Homeland Security (Select) Committee,,,,0.0,no_match,115910,
118,54203,AN EXAMINATION OF TSA'S FISCAL YEAR 2024 BUDGET AND PRIORITIES,2023-06-22,hshm00,House Homeland Security (Select) Committee,,,,0.0,no_match,116145,
118,54231,PROTECTING THE U.S. HOMELAND: FIGHTING THE FLOW OF FENTANYL FROM THE SOUTHWEST BORDER,2023-07-12,hshm00,House Homeland Security (Select) Committee,,,,0.0,no_match,116198,
118,54300,THE FUTURE OF FEMA: AGENCY PERSPECTIVES WITH ADMINISTRATOR CRISWELL,2023-07-13,hshm00,House Homeland Security (Select) Committee,,,,0.0,no_match,115909,
118,54320,STRATEGIC COMPETITION IN THE ARCTIC,2023-07-18,hshm00,House Homeland Security (Select) Committee,,,,0.0,no_match,116243,
118,54482,BIDEN AND MAYORKAS' OPEN BORDER: ADVANCING CARTEL CRIME IN AMERICA,2023-07-19,hshm00,House Homeland Security (Select) Committee,,,,0.0,no_match,116182,
118,54678,SECURITY AND SAFETY IN A POST-9/11 WORLD,2023-09-12,hshm00,House Homeland Security (Select) Committee,,,,0.0,no_match,116328,
118,54715,AN UNBEARABLE PRICE: THE DEVASTATING HUMAN COSTS OF THE BIDEN-MAYORKAS BORDER CRISIS,2023-09-13,hshm00,House Homeland Security (Select) Committee,,,,0.0,no_match,116329,
118,54816,EVALUATING CISA'S FEDERAL CIVILIAN EXECUTIVE BRANCH CYBERSECURITY PROGRAMS,2023-09-19,hshm00,House Homeland Security (Select) Committee,,,,0.0,no_match,116382,
118,54895,THE FINANCIAL COSTS OF MAYORKAS' OPEN BORDER,2023-09-20,hshm00,House Homeland Security (Select) Committee,,,,0.0,no_match,116364,
118,54955,THE FUTURE OF HOMELAND SECURITY: ADDRESSING THE RISE OF TERRORISM IN AFRICA,2023-09-27,hshm00,House Homeland Security (Select) Committee,,,,0.0,no_match,116390,
118,55018,PROJECTING PRESENCE AND POWER IN THE INDO-PACIFIC: AN EXAMINATION OF THE UNITED STATES COAST GUARD'S CONTRIBUTIONS TO MARITIME SECURITY,2023-09-28,hshm00,House Homeland Security (Select) Committee,,,,0.0,no_match,116417,
118,56220,EXPLOITATION AND ENFORCEMENT: EVALUATING THE DEPARTMENT OF HOMELAND SECURITY'S EFFORTS TO COUNTER UYGHUR FORCED LABOR,2023-10-19,hshm00,House Homeland Security (Select) Committee,,,,0.0,no_match,116488,
118,56142,THE ROLE OF TECHNOLOGY IN AVIATION SECURITY,2023-10-19,hshm00,House Homeland Security (Select) Committee,,,,0.0,no_match,116480,
118,56341,EVALUATING FEDERAL CYBERSECURITY GOVERNANCE,2023-10-25,hshm00,House Homeland Security (Select) Committee,,,,0.0,no_match,116455,
118,56311,AN EXAMINATION OF THE IRANIAN REGIME'S THREATS TO HOMELAND SECURITY,2023-10-25,hshm00,House Homeland Security (Select) Committee,,,,0.0,no_match,116472,
118,56370,THE BROKEN PATH: HOW TRANSNATIONAL CRIMINAL ORGANIZATIONS PROFIT FROM HUMAN TRAFFICKING AT THE SOUTHWEST BORDER,2023-11-14,hshm00,House Homeland Security (Select) Committee,,,,0.0,no_match,,
118,56460,WORLDWIDE THREATS TO THE HOMELAND,2023-11-15,hshm00,House Homeland Security (Select) Committee,,,,0.0,no_match,116570,
118,56494,"EMERGENCY PREPAREDNESS: EXAMINING FEDERAL, STATE, AND LOCAL COORDINATION IN COASTAL COMMUNITIES",2023-11-28,hshm00,House Homeland Security (Select) Committee,,,,0.0,no_match,116597,
118,56517,THE HIGH NORTH: HOW U.S. ARCTIC STRATEGY IMPACTS HOMELAND SECURITY,2023-11-29,hshm00,House Homeland Security (Select) Committee,,,,0.0,no_match,116601,
118,56715,IDENTITY MANAGEMENT INNOVATION: LOOKING BEYOND REAL ID,2023-12-05,hshm00,House Homeland Security (Select) Committee,,,,0.0,no_match,116640,
118,56593,PROTECTING OUR PREPAREDNESS: ASSESSING THE IMPACT OF THE BORDER CRISIS ON EMERGENCY MANAGEMENT,2023-12-05,hshm00,House Homeland Security (Select) Committee,,,,0.0,no_match,116643,
118,56733,MEMBER DAY,2023-12-06,hshm00,House Homeland Security (Select) Committee,,,,0.0,no_match,116646,
118,56783,CONSIDERING DHS'S AND CISA'S ROLE IN SECURING ARTIFICIAL INTELLIGENCE,2023-12-12,hshm00,House Homeland Security (Select) Committee,,,,0.0,no_match,,
118,56827,FROM FESTIVE CHEER TO RETAIL FEAR: ADDRESSING ORGANIZED RETAIL CRIME,2023-12-12,hshm00,House Homeland Security (Select) Committee,,,,0.0,no_match,116661,
118,56910,CENSORSHIP LAUNDERING PART II: PREVENTING THE DEPARTMENT OF HOMELAND SECURITY'S SILENCING OF DISSENT,2023-12-13,hshm00,House Homeland Security (Select) Committee,,,,0.0,no_match,116663,
118,57059,HAVOC IN THE HEARTLAND: HOW SECRETARY MAYORKAS' FAILED LEADERSHIP HAS IMPACTED THE STATES,2024-01-10,hshm00,House Homeland Security (Select) Committee,,,,0.0,no_match,,
118,57069,EXPLOITATION AND ENFORCEMENT PART II: IMPROVING ENFORCEMENT IN COUNTERING UYGHUR FORCED LABOR,2024-01-11,hshm00,House Homeland Security (Select) Committee,,,,0.0,no_match,,
118,57094,SAFEGUARDING DISSIDENT VOICES: ADDRESSING TRANSNATIONAL REPRESSION THREATS TO HOMELAND SECURITY,2024-01-17,hshm00,House Homeland Security (Select) Committee,,,,0.0,no_match,,
118,57220,VOICES FOR THE VICTIMS: THE HEART- BREAKING REALITY OF THE MAYORKAS BORDER CRISIS,2024-01-18,hshm00,House Homeland Security (Select) Committee,,,,0.0,no_match,,
118,57219,SECURING OPERATIONAL TECHNOLOGY: A DEEP DIVE INTO THE WATER SECTOR,2024-02-06,hshm00,House Homeland Security (Select) Committee,,,,0.0,no_match,,
118,57374,EXAMINING FIRE HAZARDS: LITHIUM-ION BATTERIES AND OTHER THREATS TO FIRE SAFETY,2024-02-15,hshm00,House Homeland Security (Select) Committee,,,,0.0,no_match,,
118,57402,PORT CYBERSECURITY: THE INSIDIOUS THREAT TO U.S. MARITIME PORTS,2024-02-29,hshm00,House Homeland Security (Select) Committee,,,,0.0,no_match,,
118,57419,ORGANIZATIONAL OVERSIGHT: EXAMINING TSA'S POST-MODERNIZATION EFFORTS,2024-03-12,hshm00,House Homeland Security (Select) Committee,,,,0.0,no_match,,
118,57450,EXAMINING THE CURRENT STATUS OF IRAN'S AXIS OF RESISTANCE AND THE IMPLICATIONS FOR HOMELAND SECURITY AND U.S. INTERESTS,2024-03-20,hshm00,House Homeland Security (Select) Committee,,,,0.0,no_match,,
118,57574,SECURING OUR NATION FROM WMDs: A REVIEW OF THE DEPARTMENT OF HOMELAND SECURITY'S COUNTERING WEAPONS OF MASS DESTRUCTION OFFICE,2024-03-20,hshm00,House Homeland Security (Select) Committee,,,,0.0,no_match,,
118,57673,"EXAMINING CBP ONE: FUNCTIONS, FEATURES, EXPANSION, AND RISKS",2024-03-21,hshm00,House Homeland Security (Select) Committee,,,,0.0,no_match,,
118,57752,A REVIEW OF THE FISCAL YEAR 2025 BUDGET REQUEST FOR THE DEPARTMENT OF HOMELAND SECURITY,2024-04-16,hshm00,House Homeland Security (Select) Committee,,,,0.0,no_match,,
118,57946,SURVEYING CIRCIA: SECTOR PERSPECTIVES ON THE NOTICE OF PROPOSED RULEMAKING,2024-05-01,hshm00,House Homeland Security (Select) Committee,,,,0.0,no_match,,
118,58069,BUILDING THE FLEET: ASSESSING THE DE- PARTMENT OF HOMELAND SECURITY'S ROLE IN THE UNITED STATES COAST GUARD'S ACQUISITIONS PROCESS,2024-05-07,hshm00,House Homeland Security (Select) Committee,,,,0.0,no_match,,
118,58217,SILENT WEAPONS: EXAMINING FOREIGN ANOMALOUS HEALTH INCIDENTS TARGETING AMERICANS IN THE HOMELAND AND ABROAD,2024-05-08,hshm00,House Homeland Security (Select) Committee,,,,0.0,no_match,,
118,58379,AN EXAMINATION OF THE TRANSPORTATION SECURITY ADMINISTRATION'S FISCAL YEAR 2025 BUDGET,2024-05-15,hshm00,House Homeland Security (Select) Committee,,,,0.0,no_match,,
118,58257,STANDING STRONG ON THE THIN BLUE LINE: HOW CONGRESS CAN SUPPORT STATE AND LOCAL LAW ENFORCEMENT,2024-05-15,hshm00,House Homeland Security (Select) Committee,,,,0.0,no_match,,
118,58651,SECURITY RISK: THE UNPRECEDENTED SURGE IN CHINESE ILLEGAL IMMIGRATION,2024-05-16,hshm00,House Homeland Security (Select) Committee,,,,0.0,no_match,,
118,58456,UNMANNED AERIAL SYSTEMS AND EMERGENCY RESPONSE: THE IMPACT OF DRONES AND OTHER EMERGING TECHNOLOGY ON U.S. LAW ENFORCEMENT,2024-05-16,hshm00,House Homeland Security (Select) Committee,,,,0.0,no_match,,
118,58784,ADVANCING INNOVATION (AI): HARNESSING ARTIFICIAL INTELLIGENCE TO DEFEND AND SECURE THE HOMELAND,2024-05-22,hshm00,House Homeland Security (Select) Committee,,,,0.0,no_match,,
118,58845,STAKEHOLDER PERSPECTIVES ON OSHA'S PROPOSED RULE TO UPDATE THE FIRE BRIGADES STANDARD,2024-06-04,hshm00,House Homeland Security (Select) Committee,,,,0.0,no_match,,
118,58918,COMBATING THE GREY ZONE: EXAMINING CHINESE THREATS TO THE MARITIME DOMAIN,2024-06-04,hshm00,House Homeland Security (Select) Committee,,,,0.0,no_match,,
118,58996,A CASCADE OF SECURITY FAILURES: ASSESSING MICROSOFT CORPORATION'S CYBERSECURITY SHORTFALLS AND THE IMPLICATIONS FOR HOMELAND SECURITY,2024-06-13,hshm00,House Homeland Security (Select) Committee,,,,0.0,no_match,,
118,59458,PERSISTENT CHALLENGES: OVERSIGHT OF THE DEPARTMENT OF HOMELAND SECURITY'S OFFICE OF INTELLIGENCE AND ANALYSIS,2024-06-26,hshm00,House Homeland Security (Select) Committee,,,,0.0,no_match,,
118,59423,"FINDING 500,000: ADDRESSING AMERICA'S CYBER WORKFORCE GAP",2024-06-26,hshm00,House Homeland Security (Select) Committee,,,,0.0,no_match,,
118,59596,SECTOR DOWN: ENSURING CRITICAL INFRASTRUCTURE RESILIENCE,2024-06-27,hshm00,House Homeland Security (Select) Committee,,,,0.0,no_match,,
118,59681,SMART INVESTMENTS: TECHNOLOGY'S ROLE IN A MULTI-LAYERED BORDER SECURITY STRATEGY,2024-07-09,hshm00,House Homeland Security (Select) Committee,,,,0.0,no_match,,
118,59635,PROTECTING THE HOMELAND_EXAMINING TSA'S RELATIONSHIPS WITH U.S. ADVERSARIES,2024-07-09,hshm00,House Homeland Security (Select) Committee,,,,0.0,no_match,,
118,59794,EXAMINING THE ASSASSINATION ATTEMPT OF JULY 13,2024-07-23,hshm00,House Homeland Security (Select) Committee,,,,0.0,no_match,,
118,59846,FROM DRUG INTERDICTIONS IN THE CARIBBEAN TO NATIONAL SECURITY PATROLS IN THE ARCTIC: EXAMINING U.S. COAST GUARD'S ROLE IN SECURING THE HOMELAND,2024-07-24,hshm00,House Homeland Security (Select) Committee,,,,0.0,no_match,,
118,59863,A COUNTRY WITHOUT BORDERS: HOW BIDEN-HARRIS' OPEN-BORDERS POLICIES HAVE UNDERMINED OUR SAFETY AND SECURITY,2024-09-18,hshm00,House Homeland Security (Select) Committee,,,,0.0,no_match,,
118,59910,BEYOND THE BORDER: TERRORISM AND HOMELAND SECURITY CONSEQUENCES OF ILLEGAL IMMIGRATION,2024-09-19,hshm00,House Homeland Security (Select) Committee,,,,0.0,no_match,,
118,60030,AN OUTAGE STRIKES: ASSESSING THE GLOB- AL IMPACT OF CROWDSTRIKE'S FAULTY SOFTWARE UPDATE,2024-09-24,hshm00,House Homeland Security (Select) Committee,,,,0.0,no_match,,
118,59982,THE FUTURE OF FAMS: EVALUATING THE FEDERAL AIR MARSHAL MISSION,2024-09-24,hshm00,House Homeland Security (Select) Committee,,,,0.0,no_match,,
118,60159,"TRAFFICKED, EXPLOITED, AND MISSING: MIGRANT CHILDREN VICTIMS OF THE BIDEN-HARRIS ADMINISTRATION",2024-11-19,hshm00,House Homeland Security (Select) Committee,,,,0.0,no_match,,
118,60114,IMPACTS OF EMERGENCY AUTHORITY CYBERSECURITY REGULATIONS ON THE TRANSPORTATION SECTOR,2024-11-19,hshm00,House Homeland Security (Select) Committee,,,,0.0,no_match,,
118,60205,DESIGN VS. DEFAULT: ANALYZING SHIFTS IN CYBERSECURITY,2024-12-05,hshm00,House Homeland Security (Select) Committee,,,,0.0,no_match,,
118,60350,SAFEGUARDING THE HOMELAND FROM UNMANNED AERIAL SYSTEMS,2024-12-10,hshm00,House Homeland Security (Select) Committee,,,,0.0,no_match,117754,
118,60303,GIVEN THE GREEN LIGHT: OPEN-BORDER POLICIES AND THREATS TO LAW ENFORCE- MENT,2024-12-10,hshm00,House Homeland Security (Select) Committee,,,,0.0,no_match,,
118,60456,EXAMINING THE POLAR SECURITY CUTTER: AN UPDATE ON COAST GUARD ACQUISITIONS,2024-12-18,hshm00,House Homeland Security (Select) Committee,,,,0.0,no_match,,
118,51279,"AMERICAN ENERGY EXPANSION: STRENGTHENING ECONOMIC, ENVIRONMENTAL, AND NATIONAL SECURITY",2023-01-31,hsif00,House Energy and Commerce Committee,7yUZTBmUnas,https://www.youtube.com/watch?v=7yUZTBmUnas,"American Energy Expansion: Strengthening Economic, Environmental, and National Security",0.95,exact_date_title,,
118,51563,"LIVES WORTH LIVING: ADDRESSING THE FENTANYL CRISIS, PROTECTING CRITICAL LIFELINES, AND COMBATING DISCRIMINATION AGAINST THOSE WITH DISABILITIES",2023-02-01,hsif00,House Energy and Commerce Committee,,,,0.0,no_match,115361,
118,51706,ECONOMIC DANGER ZONE: HOW AMERICA COMPETES TO WIN THE FUTURE VERSUS CHINA,2023-02-01,hsif00,House Energy and Commerce Committee,9eunTWy_3nc,https://www.youtube.com/watch?v=9eunTWy_3nc,Economic Danger Zone: How America Competes to Win the Future Versus China,0.95,exact_date_title,115346,
118,52000,CHALLENGES AND OPPORTUNITIES TO INVESTIGATING THE ORIGINS OF PANDEMICS AND OTHER BIOLOGICAL EVENTS,2023-02-01,hsif00,House Energy and Commerce Committee,cIF0y2D1_cQ,https://www.youtube.com/watch?v=cIF0y2D1_cQ,Challenges and Opportunities to Investigating the Origins of Pandemics and Other Biological Events,0.95,exact_date_title,115347,
118,52102,LAUNCHING INTO THE STATE OF THE SATELLITE MARKETPLACE,2023-02-02,hsif00,House Energy and Commerce Committee,p6EBJbj7oOA,https://www.youtube.com/watch?v=p6EBJbj7oOA,Launching Into the State of the Satellite Marketplace,0.95,exact_date_title,115336,
118,52299,"UNLEASHING AMERICAN ENERGY, LOWERING ENERGY COSTS, AND STRENGTHENING SUPPLY CHAINS",2023-02-07,hsif00,House Energy and Commerce Committee,ssggmDW2xLI,https://www.youtube.com/watch?v=ssggmDW2xLI,"Unleashing American Energy, Lowering Energy Costs, and Strengthening Supply Chains",0.95,exact_date_title,115306,
118,52838,LIFTOFF: UNLEASHING INNOVATION IN SATELLITE COMMUNICATIONS TECHNOLOGIES,2023-02-08,hsif00,House Energy and Commerce Committee,MNH0qdVr02w,https://www.youtube.com/watch?v=MNH0qdVr02w,Unleashing Innovation in Satellite Communications,0.72,fuzzy_title_exact_date,115337,
118,53027,PRESIDENT BIDEN'S BORDER CRISIS IS A PUBLIC HEALTH CRISIS,2023-02-15,hsif00,House Energy and Commerce Committee,,,,0.0,no_match,115348,
118,53144,AMERICAN ENERGY EXPANSION: IMPROVING LOCAL ECONOMIES AND COMMUNITIES' WAY OF LIFE,2023-02-16,hsif00,House Energy and Commerce Committee,,,,0.0,no_match,115349,
118,53285,PROMOTING U.S. INNOVATION AND INDIVIDUAL LIBERTY THROUGH A NATIONAL STANDARD FOR DATA PRIVACY,2023-03-01,hsif00,House Energy and Commerce Committee,P1juM0lprw4,https://www.youtube.com/watch?v=P1juM0lprw4,Promoting U.S. Innovation and Individual Liberty through a National Standard for Data Privacy,0.95,exact_date_title,115376,
118,53393,DEFENDING AMERICA'S WIRELESS LEADERSHIP,2023-03-10,hsif00,House Energy and Commerce Committee,0J1DdL39d20,https://www.youtube.com/watch?v=0J1DdL39d20,Defending America’s Wireless Leadership: Communications and Technology Subcommittee Hearing,0.83,substring_nearby_date,115463,
118,53839,TIKTOK: HOW CONGRESS CAN SAFEGUARD AMERICAN DATA PRIVACY AND PROTECT CHILDREN FROM ONLINE HARMS,2023-03-23,hsif00,House Energy and Commerce Committee,Q4PAmW0PHdU,https://www.youtube.com/watch?v=Q4PAmW0PHdU,TikTok: How Congress Can Safeguard American Data Privacy and Protect Children from Online Harms,0.95,exact_date_title,115519,
118,54066,PRESERVING FREE SPEECH AND REINING IN BIG TECH CENSORSHIP,2023-03-28,hsif00,House Energy and Commerce Committee,,,,0.0,no_match,115561,
118,53961,GOVERNMENT RESPONSE TO EAST PALESTINE: ENSURING SAFETY AND TRANSPARENCY FOR THE COMMUNITY,2023-03-28,hsif00,House Energy and Commerce Committee,5Fx2GLe0Kjo,https://www.youtube.com/watch?v=5Fx2GLe0Kjo,Government Response to East Palestine: Ensuring Safety and Transparency for the Community,0.95,exact_date_title,,
118,54163,LOWERING UNAFFORDABLE COSTS: EXAMINING TRANSPARENCY AND COMPETITION IN HEALTHCARE,2023-03-28,hsif00,House Energy and Commerce Committee,AFKyplYDlxY,https://www.youtube.com/watch?v=AFKyplYDlxY,Lowering Unaffordable Costs: Examining Transparency and Competition in Health Care,0.84,fuzzy_title_exact_date,,
118,54641,FOLLOW THE MONEY: OVERSIGHT OF PRESIDENT BIDEN'S MASSIVE SPENDING SPREE,2023-03-29,hsif00,House Energy and Commerce Committee,,,,0.0,no_match,115521,
118,54361,FISCAL YEAR 2024 DEPARTMENT OF HEALTH AND HUMAN SERVICES BUDGET,2023-03-29,hsif00,House Energy and Commerce Committee,XQIcTGDxnis,https://www.youtube.com/watch?v=XQIcTGDxnis,Fiscal Year 2024 Department of Health and Human Services Budget,0.95,exact_date_title,115628,
118,54500,TAKING THE BUZZER BEATER TO THE BANK: PROTECTING COLLEGE ATHLETES' NIL DEALMAKING RIGHTS,2023-03-29,hsif00,House Energy and Commerce Committee,7q1VQBSzEwg,https://www.youtube.com/watch?v=7q1VQBSzEwg,Taking the Buzzer Beater to the Bank: Protecting College Athletes' NIL Dealmaking Rights,0.95,exact_date_title,115579,
118,54663,REAUTHORIZATION OF THE ANIMAL DRUG USER FEE PROGRAMS,2023-03-30,hsif00,House Energy and Commerce Committee,fu58Zpi-5Io,https://www.youtube.com/watch?v=fu58Zpi-5Io,Reauthorization of the Animal Drug User Fee Programs,0.95,exact_date_title,115630,
118,54689,FISCAL YEAR 2024 FEDERAL TRADE COMMISSION BUDGET,2023-04-18,hsif00,House Energy and Commerce Committee,SkU9Qq0EWZc,https://www.youtube.com/watch?v=SkU9Qq0EWZc,Fiscal Year 2024 Federal Trade Commission Budget,0.95,exact_date_title,115716,
118,54888,"INSIGHTS FROM THE HHS INSPECTOR GENERAL ON OVERSIGHT OF UNACCOMPANIED MINORS, GRANT MANAGEMENT, AND CMS",2023-04-18,hsif00,House Energy and Commerce Committee,IWPoTjGuGO8,https://www.youtube.com/watch?v=IWPoTjGuGO8,"Insights from the HHS Inspector General on Oversight of Unaccompanied Minors, Grant Management & CMS",0.88,fuzzy_title_exact_date,,
118,54899,AMERICAN NUCLEAR ENERGY EXPANSION: POWERING A CLEAN AND SECURE FUTURE,2023-04-18,hsif00,House Energy and Commerce Committee,hNyRHBCwmbw,https://www.youtube.com/watch?v=hNyRHBCwmbw,American Nuclear Energy Expansion: Powering a Clean and Secure Future,0.95,exact_date_title,,
118,55100,EXAMINING EXISTING FEDERAL PROGRAMS TO BUILD A STRONGER HEALTH WORKFORCE AND IMPROVE PRIMARY CARE,2023-04-19,hsif00,House Energy and Commerce Committee,ZGL-eIlSG1o,https://www.youtube.com/watch?v=ZGL-eIlSG1o,Examining Existing Federal Programs to Build a Stronger Health Workforce and Improve Primary Care,0.95,exact_date_title,115759,
118,55203,BREAKING BARRIERS: STREAMLINING PERMITTING TO EXPEDITE BROADBAND DEPLOYMENT,2023-04-19,hsif00,House Energy and Commerce Committee,bhjn6pHHx7I,https://www.youtube.com/watch?v=bhjn6pHHx7I,Breaking Barriers: Streamlining Permitting to Expedite Broadband Deployment,0.95,exact_date_title,115750,
118,55269,WHO IS SELLING YOUR DATA: A CRITICAL EXAMINATION OF THE ROLE OF DATA BROKERS IN THE DIGITAL ECONOMY,2023-04-19,hsif00,House Energy and Commerce Committee,wOwqMCLVDZc,https://www.youtube.com/watch?v=wOwqMCLVDZc,Who is Selling Your Data: A Critical Examination of the Role of Data Brokers in the Digital Economy,0.95,exact_date_title,,
118,55477,"EXPOSING THE ENVIRONMENTAL, HUMAN RIGHTS, AND NATIONAL SECURITY RISKS OF THE BIDEN ADMINISTRATION'S RUSH TO GREEN POLICIES",2023-04-26,hsif00,House Energy and Commerce Committee,,,,0.0,no_match,,
118,55326,LOWERING UNAFFORDABLE COSTS: LEGISLATIVE SOLUTIONS TO INCREASE TRANSPARENCY AND COMPETITION IN HEALTHCARE,2023-04-26,hsif00,House Energy and Commerce Committee,nG2QqIu7lmc,https://www.youtube.com/watch?v=nG2QqIu7lmc,Lowering Unaffordable Costs: Solutions to Increase Transparency and Competition in Health Care,0.79,fuzzy_title_exact_date,115801,
118,55663,THE BIOSAFETY OF RISKY RESEARCH: EXAMINING IF SCIENCE IS OUTPACING POLICY AND SAFETY,2023-04-27,hsif00,House Energy and Commerce Committee,QHOW7EDCvLU,https://www.youtube.com/watch?v=QHOW7EDCvLU,Biosafety And Risky Research: Examining If Science Is Outpacing Policy And Safety,0.83,fuzzy_title_exact_date,115835,
118,55613,ADDRESSING AMERICA'S DATA PRIVACY SHORTFALLS: HOW A NATIONAL STANDARD FILLS GAPS TO PROTECT AMERICANS' PERSONAL INFORMATION,2023-04-27,hsif00,House Energy and Commerce Committee,ozkn6FUSqlg,https://www.youtube.com/watch?v=ozkn6FUSqlg,Addressing U.S. Data Privacy Shortfalls: How A National Standard Fills Gaps To Protect Americans'...,0.76,fuzzy_title_exact_date,,
118,55668,ANTIMICROBIAL RESISTANCE: EXAMINING AN EMERGING PUBLIC HEALTH THREAT,2023-04-28,hsif00,House Energy and Commerce Committee,,,,0.0,no_match,,
118,55732,THE FISCAL YEAR 2024 ENVIRONMENTAL PROTECTION AGENCY BUDGET,2023-05-10,hsif00,House Energy and Commerce Committee,FFVnxEdu4u4,https://www.youtube.com/watch?v=FFVnxEdu4u4,President Biden's Fiscal Year 2024 Environmental Protection Agency Budget Request,0.71,fuzzy_title_exact_date,,
118,55847,PREPARING FOR AND RESPONDING TO FUTURE PUBLIC HEALTH SECURITY THREATS,2023-05-11,hsif00,House Energy and Commerce Committee,fP9zo3pJGT4,https://www.youtube.com/watch?v=fP9zo3pJGT4,Preparing for and Responding to Future Public Health Security Threats,0.95,exact_date_title,,
118,55967,EXAMINING THE ROOT CAUSES OF DRUG SHORTAGES: CHALLENGES IN PHARMA- CEUTICAL DRUG SUPPLY CHAINS,2023-05-11,hsif00,House Energy and Commerce Committee,QJVpncq8alc,https://www.youtube.com/watch?v=QJVpncq8alc,Examining the Root Causes of Drug Shortages: Challenges in Pharmaceutical Drug Supply Chains,0.81,fuzzy_title_exact_date,,
118,56055,PROTECTING CRITICAL INFRASTRUCTURE FROM CYBER ATTACKS: EXAMINING EXPERTISE OF SECTOR-SPECIFIC AGENCIES,2023-05-16,hsif00,House Energy and Commerce Committee,suHfPBrjmd0,https://www.youtube.com/watch?v=suHfPBrjmd0,Protecting Critical Infrastructure from Cyberattacks: Examining Expertise of Sector Specific...,0.78,fuzzy_title_exact_date,,
118,56125,GROWING THE DOMESTIC ENERGY SECTOR SUPPLY CHAIN AND MANUFACTURING BASE: ARE FEDERAL EFFORTS WORKING?,2023-05-23,hsif00,House Energy and Commerce Committee,5a1JxQKtTOM,https://www.youtube.com/watch?v=5a1JxQKtTOM,Growing the Domestic Energy Sector Supply Chain and Manufacturing Base...,0.73,fuzzy_title_exact_date,,
118,56073,OVERSIGHT AND REAUTHORIZATION OF THE NATIONAL TELECOMMUNICATIONS AND IN- FORMATION ADMINISTRATION,2023-05-23,hsif00,House Energy and Commerce Committee,ZTVcQi980fk,https://www.youtube.com/watch?v=ZTVcQi980fk,Oversight and Reauthorization of the National Telecommunications and Information Administration,0.87,fuzzy_title_exact_date,116004,
118,56340,CLEAN POWER PLAN 2.0: EPA'S LATEST ATTACK ON AMERICA'S ELECTRIC RELIABILITY,2023-06-06,hsif00,House Energy and Commerce Committee,,,,0.0,no_match,,
118,56528,LOOKING BACK BEFORE MOVING FORWARD: ASSESSING CDC'S FAILURES IN FULFILLING ITS MISSION,2023-06-07,hsif00,House Energy and Commerce Committee,,,,0.0,no_match,,
118,56505,BUILDING BLOCKCHAINS: EXPLORING WEB 3 AND OTHER APPLICATIONS FOR DISTRIBUTED LEDGER TECHNOLOGIES,2023-06-07,hsif00,House Energy and Commerce Committee,D_E6P9Wt_Ac,https://www.youtube.com/watch?v=D_E6P9Wt_Ac,Building Blockchains: Exploring Web3 and Other Applications for Distributed Ledger Technologies,0.88,fuzzy_title_exact_date,,
118,56571,ADDRESSING THE OPIOID CRISIS: EXAMINING THE SUPPORT ACT 5 YEARS LATER,2023-06-09,hsif00,House Energy and Commerce Committee,,,,0.0,no_match,,
118,56718,LEGISLATIVE SOLUTIONS TO BOLSTER PREPAREDNESS AND RESPONSE FOR ALL HAZARDS AND PUBLIC HEALTH SECURITY THREATS,2023-06-13,hsif00,House Energy and Commerce Committee,K8R7sdvyRvk,https://www.youtube.com/watch?v=K8R7sdvyRvk,Legislative Solutions to Bolster Preparedness & Response for All Hazards & Public Health Security...,0.82,fuzzy_title_exact_date,116116,
118,56592,OVERSIGHT OF FERC: ADHERING TO A MISSION OF AFFORDABLE AND RELIABLE ENERGY FOR AMERICA,2023-06-13,hsif00,House Energy and Commerce Committee,BfwcU6Mttls,https://www.youtube.com/watch?v=BfwcU6Mttls,Oversight Of FERC: Adhering To A Mission Of Affordable And Reliable Energy For America,0.95,exact_date_title,,
118,57131,EXAMINING PROPOSALS THAT PROVIDE ACCESS TO CARE FOR PATIENTS AND SUPPORT RESEARCH FOR RARE DISEASES,2023-06-14,hsif00,House Energy and Commerce Committee,aVFBahTj9BE,https://www.youtube.com/watch?v=aVFBahTj9BE,Examining Proposals that Provide Access to Care for Patients and Support Research for Rare Diseases,0.95,exact_date_title,116121,
118,56866,OVERSIGHT OF NRC: ENSURING EFFICIENT AND PREDICTABLE NUCLEAR SAFETY REGULATION FOR A PROSPEROUS AMERICA,2023-06-14,hsif00,House Energy and Commerce Committee,8xC-wOTaLk4,https://www.youtube.com/watch?v=8xC-wOTaLk4,NRC Oversight: Ensuring Efficient And Predictable Nuclear Safety Regulation For A Prosperous America,0.89,fuzzy_title_exact_date,116103,
118,57185,ENHANCING AMERICA'S GRID SECURITY AND RESILIENCE,2023-06-16,hsif00,House Energy and Commerce Committee,0DK0PvSTZX4,https://www.youtube.com/watch?v=0DK0PvSTZX4,"Field Hearing in Moore County, NC: ""Enhancing America's Grid Security and Resilience""",0.73,fuzzy_title_exact_date,,
118,57494,OVERSIGHT OF THE FEDERAL COMMUNICATIONS COMMISSION,2023-06-21,hsif00,House Energy and Commerce Committee,Z8xQ9WRFFug,https://www.youtube.com/watch?v=Z8xQ9WRFFug,Oversight of the Federal Communications Commission Hearing,0.83,fuzzy_title_exact_date,,
118,57378,RESPONDING TO AMERICA'S OVERDOSE CRISIS: AN EXAMINATION OF LEGISLATION TO BUILD UPON THE SUPPORT ACT,2023-06-21,hsif00,House Energy and Commerce Committee,R8bYi4UhREA,https://www.youtube.com/watch?v=R8bYi4UhREA,Responding to America’s Overdose Crisis: An Examination of Legislation to Build Upon the SUPPORT Act,0.95,exact_date_title,116156,
118,57578,MICROVAST AND MORE: OVERSIGHT OF PRESIDENT BIDEN'S ENERGY SPENDING SPREE,2023-06-21,hsif00,House Energy and Commerce Committee,,,,0.0,no_match,,
118,58105,MACRA CHECKUP: ASSESSING IMPLEMENTATION AND CHALLENGES THAT REMAIN FOR PATIENTS AND DOCTORS,2023-06-22,hsif00,House Energy and Commerce Committee,HhCqZpvJRcs,https://www.youtube.com/watch?v=HhCqZpvJRcs,MACRA Checkup: Assessing Implementation and Challenges that Remain for Patients and Doctors?,0.95,exact_date_title,116147,
118,57716,DRIVING AFFORDABILITY: PRESERVING PEOPLE'S FREEDOM TO BUY AFFORDABLE VEHICLES AND FUEL,2023-06-22,hsif00,House Energy and Commerce Committee,lihF5NxBKQk,https://www.youtube.com/watch?v=lihF5NxBKQk,Driving Affordability: Preserving People’s Freedom to Buy Affordable Vehicles and Fuel,0.95,exact_date_title,,
118,60499,"INNOVATION SAVES LIVES: EVALUATING MEDICARE COVERAGE PATHWAYS FOR INNOVATIVE DRUGS, MEDICAL DEVICES, AND TECHNOLOGY",2023-07-18,hsif00,House Energy and Commerce Committee,KZJD6Cjrm7I,https://www.youtube.com/watch?v=KZJD6Cjrm7I,"Innovation Saves Lives: Evaluating Medicare Coverage for Innovative Drugs, Medical Devices and Tech",0.83,fuzzy_title_exact_date,116264,
118,60201,"AMERICAN NUCLEAR ENERGY EXPANSION: UPDATING POLICIES FOR EFFICIENT, PREDICTABLE LICENSING AND DEPLOYMENT",2023-07-18,hsif00,House Energy and Commerce Committee,_xMaGNxhE58,https://www.youtube.com/watch?v=_xMaGNxhE58,"American Nuclear Energy: Updating Policies for Efficient, Predictable Licensing & Deployment",0.83,fuzzy_title_exact_date,116255,
118,55083,LEGISLATION TO PROTECT AMERICAN DATA AND NATIONAL SECURITY FROM FOREIGN ADVERSARIES,2024-03-07,hsif00,House Energy and Commerce Committee,,,,0.0,no_match,116945,
118,51127,UNLEASHING AMERICA'S ENERGY AND MINERAL POTENTIAL,2023-02-08,hsii00,House Public Lands Committee,,,,0.0,no_match,115287,
118,51158,OVERSIGHT HEARING ON DEPENDENCE ON FOREIGN ADVERSARIES: AMERICA'S CRITICAL MINERALS CRISIS,2023-02-09,hsii00,House Public Lands Committee,,,,0.0,no_match,115298,
118,51182,FEDERAL ENERGY PRODUCTION SUPPORTS LOCAL COMMUNITIES,2023-02-13,hsii00,House Public Lands Committee,,,,0.0,no_match,115344,
118,51411,"Legislative hearing on the following bills: H.R. _____ (Westerman), “Transparency and Production of American Energy Act of 2023”; and H.R. 209 (Stauber), “Permitting for Mining Needs Act of 2023”",2023-02-28,hsii00,House Public Lands Committee,,,,0.0,no_match,115368,
118,51381,"H.R.__, ``BUILDING UNITED STATES INFRASTRUCTURE THROUGH LIMITED DELAYS AND EFFICIENT REVIEWS ACT OF 2023""",2023-02-28,hsii00,House Public Lands Committee,,,,0.0,no_match,115377,
118,51429,UNLOCKING INDIAN COUNTRY'S ECONOMIC POTENTIAL,2023-03-01,hsii00,House Public Lands Committee,,,,0.0,no_match,115374,
118,51479,PROMOTING CONSERVATION WITH A PURPOSE ON AMERICA'S FEDERAL LANDS AND FORESTS,2023-03-08,hsii00,House Public Lands Committee,,,,0.0,no_match,115449,
118,51504,OVERSIGHT HEARING ON BENEFITS AND ACCESS: THE NECESSITY FOR MULTIPLE USE OF WATER RESOURCES,2023-03-08,hsii00,House Public Lands Committee,,,,0.0,no_match,115450,
118,51679,"H.R. 200, ""Forest Information Reform (FIR) Act""; H.R. 1473, ""Targeting and Offsetting Existing Illegal Contaminants Act""; H.R. 1567, ""Accurately Counting Risk Elimination Solutions (ACRES) Act""; and H.R. 1586, ""Forest Protection and Wildland Firefighter Safety Act of 2023""",2023-03-23,hsii00,House Public Lands Committee,,,,0.0,no_match,115529,
118,51683,"LEGISLATIVE HEARING ON H.R. 764, TO REQUIRE THE SECRETARY OF THE INTERIOR TO REISSUE REGULATIONS REMOVING THE GRAY WOLF FROM THE LIST OF ENDANGERED AND THREATENED WILDLIFE UNDERTHE ENDANGERED SPECIES ACT OF 1973, ``TRUST THE SCIENCE ACT''; H.R. 886, TO AMEND THE SAVE OUR SEAS 2.0 ACT TO IMPROVE THE ADMINISTRATION OF THE MARINE DEBRIS FOUNDATION, TO AMEND THE MARINE DEBRIS ACT TO IMPROVE THE ADMINISTRATION OF THE MARINE DEBRIS PROGRAM OF THE NATIONAL OCEANIC AND ATMOSPHERIC ADMINISTRATION, AND FOR OTHER PURPOSES, ``SAVE OUR SEAS 2.0 AMENDMENTS ACT''; H.R. 1245, TO DIRECT THE SECRETARY OF THE INTERIOR TO REISSUE A FINAL RULE RELATING TO REMOVING THE GREATER YELLOWSTONE ECOSYSTEM POPULATION OF GRIZZLY BEARS FROM THE FEDERAL LIST OF ENDANGERED AND THREATENED WILDLIFE, AND FOR OTHER PURPOSES, ``GRIZZLY BEAR STATE MANAGEMENT ACT OF 2023''; AND H.R. 1419, TO DIRECT THE SECRETARY OF THE INTERIOR TO ISSUE A NEW RULE REMOVING THE NORTHERN CONTINENTAL DIVIDE ECOSYSTEM POPULATION OF GRIZZLY BEARS FROM THE FEDERAL LIST OF ENDANGERED AND THREATENED WILDLIFE, ``COMPREHENSIVE GRIZZLY BEAR MANAGEMENT ACT OF 2023''",2023-03-23,hsii00,House Public Lands Committee,,,,0.0,no_match,115633,
118,51692,"LEGISLATIVE HEARING ON H.R. 1246, TO AUTHORIZE LEASES OF UP TO 99 YEARS FOR LAND HELD IN TRUST FOR FEDERALLY RECOGNIZED INDIAN TRIBES; AND H.R. 1532, TO AUTHORIZE ANY INDIAN TRIBE TO LEASE, SELL, CONVEY, WARRANT, OR OTHERWISE TRANSFER REAL PROPERTY TO WHICH THAT INDIAN TRIBE HOLDS FEE TITLE WITHOUT THE CONSENT OF THE FEDERAL GOVERNMENT, AND FOR OTHER PURPOSES",2023-03-24,hsii00,House Public Lands Committee,,,,0.0,no_match,115538,
118,51753,"H.R. 930, H.R. 1319, H.R. 1380, H.R. 1527, H.R. 1576, H.R. 1614, H.R. 1642, AND H.R. 1667",2023-03-28,hsii00,House Public Lands Committee,,,,0.0,no_match,115629,
118,51754,OVERSIGHT HEARING ON WHY WE NEED TO STORE MORE WATER AND WHAT'S STOPPING US,2023-03-28,hsii00,House Public Lands Committee,,,,0.0,no_match,115524,
118,51763,OVERSIGHT HEARING ON ``CHALLENGES AND OPPORTUNITIES FOR IMPROVING HEALTH-CARE DELIVERY IN TRIBAL COMMUNITIES'',2023-03-29,hsii00,House Public Lands Committee,,,,0.0,no_match,115600,
118,51883,"LEGISLATIVE FIELD HEARING ON H.R. 215, TO PROVIDE LONG-TERM WATER SUPPLY AND REGULATORY RELIABILITY TO DROUGHT-STRICKEN CALIFORNIA, AND FOR OTHER PURPOSES, ""WATER FOR CALIFORNIA ACT""; AND H.R. 872, TO AMEND THE ENDANGERED SPECIES ACT OF 1973 TO VEST IN THE SECRETARY OF THE INTERIOR FUNCTIONS UNDER THAT ACT WITH RESPECT TO SPECIES OF FISH THAT SPAWN IN FRESH OR ESTUARINE WATERS AND MIGRATE TO OCEAN WATERS AND SPECIES OF FISH THAT SPAWN IN OCEAN WATERS AND MIGRATE TO FRESH OR ESTUARINE WATERS, AND FOR OTHER PURPOSES, ""FISH ACT""",2023-04-11,hsii00,House Public Lands Committee,,,,0.0,no_match,115646,
118,51897,"LEGISLATIVE HEARING ON H.J. RES. 29, PROVIDING FOR CONGRESSIONAL DISAPPROVAL UNDER CHAPTER 8 OF TITLE 5, UNITED STATES CODE, OF THE RULE SUBMITTED BY THE UNITED STATES FISH AND WILDLIFE SERVICE RELATING TO ""ENDANGERED AND THREATENED WILDLIFE AND PLANTS; LESSER PRAIRIE-CHICKEN; THREATENED STATUS WITH SECTION 4(D) RULE FOR THE NORTHERN DISTINCT POPULATION SEGMENT AND ENDANGERED STATUS FOR THE SOUTHERN DISTINCT POPULATION SEGMENT""; H.J. RES. 46, PROVIDING FOR CONGRESSIONAL DISAPPROVAL UNDER CHAPTER 8 OF TITLE 5, UNITED STATES CODE, OF THE RULE SUBMITTED BY THE NATIONAL MARINE FISHERIES SERVICE RELATING TO ""ENDANGERED AND THREATENED WILDLIFE AND PLANTS; REGULATIONS FOR LISTING ENDANGERED AND THREATENED SPECIES AND DESIGNATING CRITICAL HABITAT""; H.J. RES. 49, PROVIDING FOR CONGRESSIONAL DISAPPROVAL UNDER CHAPTER 8 OF TITLE 5, UNITED STATES CODE, OF THE RULE SUBMITTED BY THE UNITED STATES FISH AND WILDLIFE SERVICE RELATING TO ""ENDANGERED AND THREATENED WILDLIFE AND PLANTS; ENDANGERED SPECIES STATUS FOR NORTHERN LONG-EARED BAT""; AND H.R. 1213, TO AMEND THE CONSOLIDATED APPROPRIATIONS ACT, 2023 BY REPEALING CERTAIN PROVISIONS RELATING TO NORTH ATLANTIC RIGHT WHALES, ""RESCUE WHALES ACT OF 2023""",2023-04-18,hsii00,House Public Lands Committee,,,,0.0,no_match,115638,
118,51886,OVERSIGHT HEARING ON EXAMINING THE IMPLEMENTATION OF THE GREAT AMERICAN OUTDOORS ACT AND THE GROWING NATIONAL PARK SERVICE DEFERRED MAINTENANCE BACKLOG,2023-04-18,hsii00,House Public Lands Committee,,,,0.0,no_match,115637,
118,51912,EXAMINING THE PRESIDENT'S FISCAL YEAR 2024 BUDGET REQUEST FOR THE DEPARTMENT OF THE INTERIOR,2023-04-19,hsii00,House Public Lands Committee,,,,0.0,no_match,115642,
118,52149,"OVERSIGHT HEARING ON EXAMINING THE PRESIDENT'S FY 2024 BUDGET REQUEST FOR THE BUREAU OF OCEAN ENERGY MANAGEMENT, THE BUREAU OF SAFETY AND ENVIRONMENTAL ENFORCEMENT, AND THE U.S. GEOLOGICAL SURVEY",2023-04-26,hsii00,House Public Lands Committee,,,,0.0,no_match,115640,
118,52160,OVERSIGHT HEARING ON EXAMINING THE PRESIDENT'S FISCAL YEAR 2024 BUDGET REQUEST FOR THE U.S. FOREST SERVICE,2023-04-26,hsii00,House Public Lands Committee,,,,0.0,no_match,115654,
118,52263,OVERSIGHT HEARING ON EXAMINING THE MINERAL WEALTH OF NORTHERN MINNESOTA,2023-05-02,hsii00,House Public Lands Committee,,,,0.0,no_match,115849,
118,52286,"LEGISLATIVE HEARING ON H.R. 524, TO AMEND THE COASTAL BARRIER RESOURCES ACT TO CREATE AN EXEMPTION FOR CERTAIN SHORELINE BORROW SITES; H.R. 615, TO PROHIBIT THE SECRETARY OF THE INTERIOR AND THE SECRETARY OF AGRICULTURE FROM PROHIBITING THE USE OF LEAD AMMUNITION OR TACKLE ON CERTAIN FEDERAL LAND OR WATER UNDER THE JURISDICTION OF THE SECRETARY OF THE INTERIOR AND THE SECRETARY OF AGRICULTURE, AND FOR OTHER PURPOSES, ""PROTECTING ACCESS FOR HUNTERS AND ANGLERS ACT OF 2023""; H.R. 2689, TO IMPROVE THE SERVICE DELIVERY OF AGENCIES AND PUBLIC PERCEPTION OF AGENCY INTERACTIONS, AND FOR OTHER PURPOSES, ""TRUST IN GOVERNMENT ACT OF 2023""; AND H.R. 2872, TO AMEND THE PERMANENT ELECTRONIC DUCK STAMP ACT OF 2013 TO ALLOW STATES TO ISSUE ELECTRONIC STAMPS UNDER SUCH ACT, AND FOR OTHER PURPOSES",2023-05-10,hsii00,House Public Lands Committee,,,,0.0,no_match,115945,
118,52270,"H.R. 2989, ""SAVE OUR SEQUOIAS ACT""",2023-05-10,hsii00,House Public Lands Committee,,,,0.0,no_match,115639,
118,52321,OVERSIGHT HEARING ON THE BIDEN ADMINISTRATION'S EXECUTIVE OVERREACH AND ITS IMPACT ON AMERICAN ENERGY INDEPENDENCE,2023-05-11,hsii00,House Public Lands Committee,,,,0.0,no_match,115879,
118,52324,OVERSIGHT HEARING ON EXAMINING THE PRESIDENT'S FISCAL YEAR 2024 BUDGET REQUEST FOR THE INDIAN HEALTH SERVICE,2023-05-11,hsii00,House Public Lands Committee,,,,0.0,no_match,115877,
118,52298,"LEGISLATIVE HEARING ON H. CON. RES. 34, EXPRESSING DISAPPROVAL OF THE WITHDRAWAL BY THE SECRETARY OF THE INTERIOR OF APPROXIMATELY 225,504 ACRES OF NATIONAL FOREST SYSTEM LANDS IN COOK, LAKE, AND SAINT LOUIS COUNTIES, MINNESOTA FROM DISPOSITION UNDER THE UNITED STATES MINERAL AND GEOTHERMAL LEASING LAWS; AND H.R. 3195, TO RESCIND PUBLIC LAND ORDER 7917, TO REINSTATE MINERAL LEASES AND PERMITS IN THE SUPERIOR NATIONAL FOREST, TO ENSURE TIMELY REVIEW OF MINE PLANS OF OPERATIONS, AND FOR OTHER PURPOSES, ""SUPERIOR NATIONAL FOREST RESTORATION ACT""",2023-05-11,hsii00,House Public Lands Committee,,,,0.0,no_match,115888,
118,52350,OVERSIGHT HEARING ON PRESERVING U.S. INTERESTS IN THE INDO-PACIFIC: EXAMINING HOW U.S. ENGAGEMENT COUNTERS CHINESE INFLUENCE IN THE REGION,2023-05-16,hsii00,House Public Lands Committee,,,,0.0,no_match,115878,
118,52338,"OVERSIGHT HEARING ON EXAMINING THE CHALLENGES FACING FOREST MANAGEMENT, WILDFIRE SUPPRESSION, AND WILDLAND FIREFIGHTERS AHEAD OF THE 2023 WILDFIRE YEAR",2023-05-16,hsii00,House Public Lands Committee,,,,0.0,no_match,115876,
118,52325,OVERSIGHT HEARING ON EXAMINING THE PRESIDENT'S FY 2024 BUDGET REQUEST FOR THE BUREAU OF LAND MANAGEMENT AND THE OFFICE OF SURFACE MINING RECLAMATION AND ENFORCEMENT,2023-05-16,hsii00,House Public Lands Committee,,,,0.0,no_match,115930,
118,52400,"OVERSIGHT HEARING ON EXAMINING THE PRESIDENT'S FISCAL YEAR 2024 BUDGET PROPOSAL FOR THE U.S. BUREAU OF RECLAMATION, U.S. FISH AND WILDLIFE SERVICE, NATIONAL OCEANIC AND ATMOSPHERIC ADMINISTRATION, AND THE POWER MARKETING ADMINISTRATIONS",2023-05-23,hsii00,House Public Lands Committee,,,,0.0,no_match,116000,
118,52385,H.R. 188; H.R. 934; H.R. 1450; H.R. 1726; H.R. 3389; H.R. 3396; H.R. 3499; H.R. 3522; AND H.R.,2023-05-23,hsii00,House Public Lands Committee,,,,0.0,no_match,115955,
118,52418,OVERSIGHT HEARING ON EXAMINING THE BIDEN ADMINISTRATION'S EFFORTS TO LIMIT ACCESS TO PUBLIC LANDS,2023-05-24,hsii00,House Public Lands Committee,,,,0.0,no_match,115965,
118,52440,OVERSIGHT HEARING ON EXAMINING THE PRESIDENT'S FISCAL YEAR 2024 BUDGET REQUEST FOR THE BUREAU OF INDIAN AFFAIRS AND OFFICE OF INSULAR AFFAIRS,2023-05-25,hsii00,House Public Lands Committee,,,,0.0,no_match,115957,
118,52520,OVERSIGHT HEARING ON EXAMINING THE IMPACTS OF THE NATIONAL OCEANIC AND ATMOSPHERIC ADMINISTRATION'S PROPOSED CHANGES TO THE NORTH ATLANTIC RIGHT WHALE VESSEL STRIKE REDUCTION RULE,2023-06-06,hsii00,House Public Lands Committee,,,,0.0,no_match,116041,
118,52515,OVERSIGHT HEARING ON EXAMINING ON-GOING CYBERSECURITY THREATS WITHIN THE DEPARTMENT OF THE INTERIOR AND THE NEXUS TO STATE-SPONSORED CYBER ACTORS,2023-06-07,hsii00,House Public Lands Committee,,,,0.0,no_match,115966,
118,52513,"LEGISLATIVE HEARING ON H.R. 630, TO AMEND THE INDIAN HEALTH CARE IMPROVEMENT ACT TO ESTABLISH AN URBAN INDIAN ORGANIZATION CONFER POLICY FOR THE DEPARTMENT OF HEALTH AND HUMAN SERVICES, ``URBAN INDIAN HEALTH CONFER ACT''; H.R. 1240, TO TRANSFER ADMINISTRATIVE JURISDICTION OF CERTAIN FEDERAL LANDS FROM THE ARMY CORPS OF ENGINEERS TO THE BUREAU OF INDIAN AFFAIRS, TO TAKE SUCH LANDS INTO TRUST FOR THE WINNEBAGO TRIBE OF NEBRASKA, AND FOR OTHER PURPOSES, ``WINNEBAGO LAND TRANSFER ACT OF 2023''; H.R. 1722, TO AMEND THE GRAND RONDE RESERVATION ACT, AND FOR OTHER PURPOSES, ``GRAND RONDE RESERVATION ACT AMENDMENT OF 2023''; H.R. 2461, TO RATIFY A TREATY BETWEEN THE SAN JUAN SOUTHERN PAIUTE TRIBE AND THE NAVAJO NATION, TO PROVIDE FOR THE CREATION OF A RESERVATION FOR THE SAN JUAN SOUTHERN PAIUTE TRIBE, AND FOR OTHER PURPOSES, ``SAN JUAN SOUTHERN PAIUTE TRIBAL HOMELANDS ACT OF 2023''; H.R. 2839, TO AMEND THE SILETZ RESERVATION ACT TO ADDRESS THE HUNTING, FISHING, TRAPPING, AND ANIMAL GATHERING RIGHTS OF THE CONFEDERATED TRIBES OF SILETZ INDIANS, AND FOR OTHER PURPOSES; AND H.R. 3371, TO DIRECT THE SECRETARY OF THE INTERIOR TO COMPLETE ALL ACTIONS NECESSARY FOR CERTAIN LAND TO BE HELD IN RESTRICTED FEE STATUS BY THE OGLALA SIOUX TRIBE AND CHEYENNE RIVER SIOUX TRIBE, AND FOR OTHER PURPOSES, ``WOUNDED KNEE MASSACRE MEMORIAL AND SACRED SITE ACT''",2023-06-07,hsii00,House Public Lands Committee,,,,0.0,no_match,116040,
118,52523,"LEGISLATIVE HEARING ON H.R. 2685, TO REQUIRE THE SECRETARY OF ENERGY TO PROVIDE TECHNOLOGY GRANTS TO STRENGTHEN DOMESTIC MINING EDUCATION, AND FOR OTHER PURPOSES, ""MINING SCHOOLS ACT OF 2023""; H.R. 3883, TO NULLIFY PUBLIC LAND ORDER NO. 7921, WITHDRAWING CERTAIN LAND IN THE RAILROAD VALLEY OF NYE COUNTY, NEVADA, FROM MINERAL ENTRY; AND H.R., TO AMEND THE SURFACE MINING CONTROL AND RECLAMATION ACT OF 1977 TO AUTHORIZE PARTNERSHIPS BETWEEN STATES AND NONGOVERNMENTAL ENTITIES FOR THE PURPOSE OF RECLAIMING AND RESTORING LAND AND WATER RESOURCES ADVERSELY AFFECTED BY COAL MINING ACTIVITIES BEFORE AUGUST 3, 1977, AND FOR OTHER PURPOSES, ""COMMUNITY RECLAMATION PARTNERSHIPS ACT""",2023-06-14,hsii00,House Public Lands Committee,,,,0.0,no_match,115975,
118,52525,"LEGISLATIVE HEARING ON H.R. 1607, TO CLARIFY JURISDICTION WITH RESPECT TO CERTAIN BUREAU OF RECLAMATION PUMPED STORAGE DEVELOPMENT, AND FOR OTHER PURPOSES; H.R. 3027, TO REAUTHORIZE FUNDING FOR THE RECLAMATION CLIMATE CHANGE AND WATER PROGRAM, ""RECLAMATION CLIMATE CHANGE AND WATER PROGRAM REAUTHORIZATION ACT OF 2023""; AND H.R. 3675, TO AMEND THE WATER INFRASTRUCTURE IMPROVEMENTS FOR THE NATION ACT TO EXTEND CERTAIN CONTRACT PREPAYMENT AUTHORITY, ""WESTERN WATER ACCELERATED REVENUE REPAYMENT ACT""",2023-06-14,hsii00,House Public Lands Committee,,,,0.0,no_match,116079,
118,52524,OVERSIGHT HEARING ON HOW THE COMPACTS OF FREE ASSOCIATION SUPPORT U.S. INTERESTS AND COUNTER THE PRC'S INFLUENCE,2023-06-14,hsii00,House Public Lands Committee,,,,0.0,no_match,116098,
118,52531,"LEGISLATIVE HEARING ON H.R. 3397, TO REQUIRE THE DIRECTOR OF THE BUREAU OF. LAND MANAGEMENT TO WITHDRAW A RULE OF THE BUREAU OF LAND MANAGEMENT RELATING TO CONSERVATION AND LANDSCAPE HEALTH",2023-06-15,hsii00,House Public Lands Committee,qJtOYf2og4Y,https://www.youtube.com/watch?v=qJtOYf2og4Y,"Rep. Melanie Stansbury Remarks: Legislative Hearing on H.R. 3397 | June 15, 2023",0.65,description_bills,116036,
118,52650,EXAMINING THE COUNCIL ON ENVIRONMENTAL QUALITY FISCAL YEAR 2024 BUDGET REQUEST AND RELATED POLICY MATTERS,2023-06-22,hsii00,House Public Lands Committee,,,,0.0,no_match,115970,
118,52649,"LEGISLATIVE HEARING ON H.R. 2997, TO DIRECT THE SECRETARY OF THE INTERIOR TO CONVEY TO MESA COUNTY, COLORADO, CERTAIN FEDERAL LAND IN COLORADO, AND FOR OTHER PURPOSES, ""CLIFTON OPPORTUNITIES NOW FOR VIBRANT ECONOMIC YIELDS (CONVEY) ACT""; H.R. 3025, TO PROVIDE FOR NO NET INCREASE IN THE TOTAL ACREAGE OF FEDERAL LAND IN THE VIRGIN ISLANDS NATIONAL PARK ON ST. JOHN, UNITED STATES VIRGIN ISLANDS; H.R. 3049, TO PROVIDE FOR THE EXCHANGE OF CERTAIN FEDERAL LAND AND STATE LAND IN THE STATE OF UTAH, ""UTAH SCHOOL AND INSTITUTIONAL TRUST LANDS ADMINISTRATION EXCHANGE ACT OF 2023""; H.R. 3250, TO RECOGNIZE THE MARGARET WOODBURY STRONG MUSEUM IN ROCHESTER, NEW YORK, ""NATIONAL MUSEUM OF PLAY RECOGNITION ACT""; AND H.R. 4141, TO PROVIDE THAT CERTAIN COMMUNICATIONS PROJECTS ARE NOT SUBJECT TO REQUIREMENTS TO PREPARE CERTAIN ENVIRONMENTAL OR HISTORICAL PRESERVATION REVIEWS, AND FOR OTHER PURPOSES",2023-06-22,hsii00,House Public Lands Committee,,,,0.0,no_match,116149,
118,52863,"OVERSIGHT FIELD HEARING ON THE NORTHWEST AT RISK: THE ENVIRONMENTALIST'S EFFORT TO DESTROY NAVIGATION, TRANSPORTATION, AND ACCESS TO RELIABLE POWER",2023-06-26,hsii00,House Public Lands Committee,,,,0.0,no_match,116167,
118,52931,OVERSIGHT HEARING ON EXAMINING THE BIDEN ADMINISTRATION'S RECORD ON FEDERAL COAL LEASING,2023-07-12,hsii00,House Public Lands Committee,,,,0.0,no_match,116134,
118,52930,"LEGISLATIVE HEARING ON H.R. 929, TO TAKE CERTAIN LAND IN THE STATE OF WASHINGTON INTO TRUST FOR THE BENEFIT OF THE PUYALLUP TRIBE OF THE PUYALLUP RESERVATION, AND FOR OTHER PURPOSES, ""PUYALLUP TRIBE OF INDIANS LAND INTO TRUST CONFIRMATION ACT OF 2023""; H.R. 2882, TO REAUTHORIZE THE MORRIS K. UDALL AND STEWART L. UDALL TRUST FUND, AND FOR OTHER PURPOSES, ""UDALL FOUNDATION REAUTHORIZATION ACT OF 2023""; AND H.R. 3579, TO REQUIRE THE BUREAU OF INDIAN AFFAIRS TO PROCESS AND COMPLETE ALL MORTGAGE PACKAGES ASSOCIATED WITH RESIDENTIAL AND BUSINESS MORTGAGES ON INDIAN LAND BY CERTAIN DEADLINES, AND FOR OTHER PURPOSES, ""TRIBAL TRUST LAND HOMEOWNERSHIP ACT OF 2023""",2023-07-12,hsii00,House Public Lands Committee,,,,0.0,no_match,116195,
118,52952,"LEGISLATIVE HEARING ON H.R. 4374, TO NULLIFY PUBLIC LAND ORDER NO. 7923, WITHDRAWING CERTAIN LAND IN SAN JUAN COUNTY, NEW MEXICO, FROM MINERAL ENTRY, ""ENERGY OPPORTUNITIES FOR ALL ACT""",2023-07-13,hsii00,House Public Lands Committee,,,,0.0,no_match,116135,
118,52953,H.R. 386; H.R. 1318; H.R. 2717; H.R. 3448; AND H.R. 4377,2023-07-13,hsii00,House Public Lands Committee,,,,0.0,no_match,116172,
118,52975,OVERSIGHT HEARING ON THE BIDEN ADMINISTRATION'S PROPOSED COMPACT OF FREE ASSOCIATION AMENDMENTS ACT OF 2023,2023-07-18,hsii00,House Public Lands Committee,,,,0.0,no_match,116217,
118,52976,OVERSIGHT HEARING ON ESA AT 50: THE DESTRUCTIVE COST OF THE ESA,2023-07-18,hsii00,House Public Lands Committee,,,,0.0,no_match,116150,
118,52989,"LEGISLATIVE HEARING ON DISCUSSION DRAFT OF H.R., TO PROMOTE AND ENHANCE OUTDOOR RECREATION OPPORTUNITIES FOR MEMBERS OF THE ARMED FORCES AND VETERANS ON FEDERAL RECREATIONAL LANDS, ""MILITARY AND VETERANS IN PARKS (MVP) ACT""; H.R. 1786, TO DIRECT THE SECRETARY OF VETERANS AFFAIRS TO SUBMIT TO CONGRESS A REPORT ON THE WARRIOR TRAINING ADVANCEMENT COURSE, TO DIRECT THE SECRETARY OF THE INTERIOR TO ADMINISTER A PILOT PROGRAM TO EMPLOY VETERANS IN POSITIONS THAT RELATE TO CONSERVATION AND RESOURCE MANAGEMENT ACTIVITIES OF THE DEPARTMENT OF THE INTERIOR, AND FOR OTHER PURPOSES, ""GET REWARDING OUTDOOR WORK FOR OUR VETERANS ACT, OR (GROW) ACT; H.R. 1829, TO REQUIRE THE SECRETARY OF AGRICULTURE TO CONVEY THE PLEASANT VALLEY RANGER DISTRICT ADMINISTRATIVE SITE TO GILA COUNTY, ARIZONA; AND H.R. 2468, TO REQUIRE THE SECRETARY OF THE INTERIOR TO CONVEY TO THE STATE OF UTAH CERTAIN FEDERAL LAND UNDER THE ADMINISTRATIVE JURISDICTION OF THE BUREAU OF LAND MANAGEMENT WITHIN THE BOUNDARIES OF CAMP WILLIAMS, UTAH, AND FOR OTHER PURPOSES, ""MOUNTAIN VIEW CORRIDOR COMPLETION ACT""",2023-07-20,hsii00,House Public Lands Committee,,,,0.0,no_match,116216,
118,52990,OVERSIGHT FIELD HEARING ON SECURING SUPPLY CHAINS: ACCESS TO CRITICAL MINERALS IN THE AMERICAN SOUTHWEST,2023-07-21,hsii00,House Public Lands Committee,,,,0.0,no_match,116215,
118,53076,OVERSIGHT HEARING ON SAFEGUARDING AMERICAN JOBS AND ECONOMIC GROWTH: EXAMINING THE FUTURE OF THE OFFSHORE LEASING PROGRAM,2023-07-27,hsii00,House Public Lands Committee,,,,0.0,no_match,116214,
118,53077,"LEGISLATIVE HEARING ON H.R., TO AMEND THE INDIAN HEALTH CARE IMPROVEMENT ACT TO IMPROVE THE RECRUITMENT AND RETENTION OF EMPLOYEES IN THE INDIAN HEALTH SERVICE, RESTORE ACCOUNTABILITY IN THE INDIAN HEALTH SERVICE, IMPROVE HEALTH SERVICES, AND FOR OTHER PURPOSES, ""RESTORING ACCOUNTABILITY IN THE INDIAN HEALTH SERVICE ACT OF 2023""",2023-07-27,hsii00,House Public Lands Committee,,,,0.0,no_match,116219,
118,53095,OVERSIGHT HEARING ON EXAMINING BARRIERS TO ACCESS: ONGOING VISITOR. EXPERIENCE ISSUES AT AMERICA'S NATIONAL PARKS,2023-07-27,hsii00,House Public Lands Committee,,,,0.0,no_match,116218,
118,53096,"LEGISLATIVE HEARING ON H.R. 1437, TO AUTHORIZE LIVESTOCK PRODUCERS AND THEIR EMPLOYEES TO TAKE BLACK VULTURES IN ORDER TO PREVENT DEATH, INJURY, OR DESTRUCTION TO LIVESTOCK, AND FOR OTHER PURPOSES, ""BLACK VULTURE RELIEF ACT OF 2023""; H.R. 1792, TO AMEND THE SOUTH PACIFIC TUNA ACT OF 1988, AND FOR OTHER PURPOSES, ""SOUTH PACIFIC TUNA TREATY ACT OF 2023""; H.R. 2950, TO AUTHORIZE THE SECRETARY OF THE INTERIOR, THROUGH THE COASTAL PROGRAM OF THE UNITED STATES FISH AND WILDLIFE SERVICE, TO WORK WITH WILLING PARTNERS AND PROVIDE SUPPORT TO EFFORTS TO ASSESS, PROTECT, RESTORE, AND ENHANCE IMPORTANT COASTAL LANDSCAPES THAT PROVIDE FISH AND WILDLIFE HABITAT ON WHICH CERTAIN FEDERAL TRUST SPECIES DEPEND, AND FOR OTHER PURPOSES, ""COASTAL HABITAT CONSERVATION ACT OF 2023""; H.R. 2982, TO ESTABLISH THE NEW YORK-NEW JERSEY WATERSHED RESTORATION PROGRAM, AND FOR OTHER PURPOSES, ""NEW YORK-NEW JERSEY WATERSHED PROTECTION ACT""; H.R. 4051, TO DIRECT THE SECRETARY OF COMMERCE TO ESTABLISH A TASK FORCE REGARDING SHARK DEPREDATION, AND FOR OTHER PURPOSES, ""SUPPORTING THE HEALTH OF AQUATIC SYSTEMS THROUGH RESEARCH KNOWLEDGE AND ENHANCED DIALOGUE ACT (SHARKED) ACT""; H.R. 4094, TO AMEND THE CENTRAL UTAH PROJECT COMPLETION ACT TO AUTHORIZE EXPENDITURES FOR THE CONDUCT OF CERTAIN WATER CONSERVATION MEASURES IN THE GREAT SALT LAKE BASIN, AND FOR OTHER PURPOSES, ""GREAT SALT LAKE STEWARDSHIP ACT""; H.R. 4587, TO PROVIDE THAT THE ADMINISTRATOR OF THE NATIONAL OCEANIC AND ATMOSPHERIC ADMINISTRATION SHALL NOT ISSUE AN INTERIM OR FINAL RULE THAT INCLUDES AN AREA CLOSURE IN THE SOUTH ATLANTIC FOR SPECIES MANAGED UNDER THE SNAPPER-GROUPER FISHERY MANAGEMENT PLAN UNTIL THE SOUTH ATLANTIC GREAT RED SNAPPER COUNT STUDY IS COMPLETE AND THE DATA RELATED TO THAT STUDY IS INTEGRATED INTO THE STOCK ASSESSMENT, ""RED SNAPPER ACT""; AND H.R. 4596, TO REAUTHORIZE THE BUREAU OF RECLAMATION TO PROVIDE COST-SHARED FUNDING TO IMPLEMENT THE ENDANGERED AND THREATENED FISH RECOVERY PROGRAMS FOR THE UPPER COLORADO AND SAN JUAN RIVER BASINS, ""UPPER COLORADO AND SAN JUAN RIVER BASINS ENDANGERED FISH RECOVERY PROGRAMS REAUTHORIZATION ACT OF 2023""",2023-07-27,hsii00,House Public Lands Committee,,,,0.0,no_match,116244,
118,53143,OVERSIGHT FIELD HEARING ON CONSERVATION IN A CROWN JEWEL: A DISCUSSION ABOUT WILDFIRES AND FOREST MANAGEMENT,2023-08-11,hsii00,House Public Lands Committee,,,,0.0,no_match,116302,
118,53236,OVERSIGHT FIELD HEARING ON PEACE THROUGH STRENGTH: THE STRATEGIC IMPORTANCE OF THE PACIFIC ISLANDS TO U.S.-LED GLOBAL SECURITY,2023-08-24,hsii00,House Public Lands Committee,,,,0.0,no_match,116304,
118,53407,OVERSIGHT HEARING ON EXAMINING THE METHODOLOGY AND STRUCTURE OF THE U.S. GEOLOGICAL SURVEY'S CRITICAL MINERALS LIST,2023-09-13,hsii00,House Public Lands Committee,,,,0.0,no_match,116321,
118,53402,OVERSIGHT HEARING ON EXAMINING SYSTEMIC GOVERNMENT OVERREACH AT CEQ,2023-09-14,hsii00,House Public Lands Committee,,,,0.0,no_match,116361,
118,53498,"LEGISLATIVE HEARING ON H.R. 1657, TO PROVIDE FOR A LAND EXCHANGE IN THE CHIPPEWA NATIONAL FOREST, MINNESOTA, AND FOR OTHER PURPOSES, ""LAKE WINNIBIGOSHISH LAND EXCHANGE ACT OF 2023""; H.R. 3107, TO DIRECT THE SECRETARY OF THE INTERIOR TO ESTABLISH THE FEDERAL INTERAGENCY COUNCIL ON OUTDOOR RECREATION, ""IMPROVING OUTDOOR RECREATION COORDINATION ACT""; H.R. 3200, TO REQUIRE THE SECRETARY OF AGRICULTURE AND THE SECRETARY OF THE INTERIOR TO CARRY OUT CERTAIN ACTIVITIES TO ENHANCE RECREATIONAL OPPORTUNITIES FOR GATEWAY COMMUNITIES, TO AMEND THE FEDERAL LANDS RECREATION ENHANCEMENT ACT TO PROVIDE FOR THE ESTABLISHMENT OF A DIGITAL NATIONAL PARKS AND FEDERAL RECREATIONAL LANDS PASS, AND FOR OTHER PURPOSES, ""GATEWAY COMMUNITY AND RECREATION ENHANCEMENT ACT; AND H.R. 4984,TO AMEND THE DISTRICT OF COLUMBIA STADIUM ACT OF 1957 TO PROVIDE FOR THE TRANSFER OF ADMINISTRATIVE JURISDICTION OVER THE ROBERT F. KENNEDY MEMORIAL STADIUM CAMPUS TO THE ADMINISTRATOR OF GENERAL SERVICES AND THE LEASING OF THE CAMPUS TO THE DISTRICT OF COLUMBIA FOR PURPOSES WHICH INCLUDE COMMERCIAL AND RESIDENTIAL DEVELOPMENT, AND FOR OTHER PURPOSES, ""D.C. ROBERT F. KENNEDY MEMORIAL STADIUM CAMPUS REVITALIZATION ACT""",2023-09-19,hsii00,House Public Lands Committee,,,,0.0,no_match,116326,
118,53497,OVERSIGHT HEARING ON EXAMINING THE BIDEN ADMINISTRATION'S MISMANAGEMENT OF THE FEDERAL ONSHORE OIL AND GAS PROGRAM,2023-09-19,hsii00,House Public Lands Committee,,,,0.0,no_match,116322,
118,53499,OVERSIGHT HEARING ON EXAMINING BARRIERS TO ACCESS IN FEDERAL WATERS: A CLOSER LOOK AT THE MARINE SANCTUARY AND MONUMENT SYSTEM,2023-09-19,hsii00,House Public Lands Committee,,,,0.0,no_match,116363,
118,53626,OVERSIGHT HEARING ON DESTROYING AMERICA'S BEST IDEA: EXAMINING THE BIDEN ADMINISTRATION'S USE OF NATIONAL PARK SERVICE LANDS FOR MIGRANT CAMPS,2023-09-27,hsii00,House Public Lands Committee,,,,0.0,no_match,116399,
118,53642,"LEGISLATIVE HEARING ON H.R. 1121, TO PROHIBIT A MORATORIUM ON THE USE OF HYDRAULIC FRACTURING, ""PROTECTING AMERICAN ENERGY PRODUCTION ACT""; AND H.R. 5616, TO REQUIRE THE SECRETARY OF THE INTERIOR TO CONDUCT CERTAIN OFFSHORE LEASE SALES, ""BRINGING RELIABLE INVESTMENT INTO DOMESTIC GULF ENERGY PRODUCTION ACT OF 2023"" or ""BRIDGE PRODUCTION ACT OF 2023""",2023-09-28,hsii00,House Public Lands Committee,,,,0.0,no_match,116323,
118,53643,OVERSIGHT HEARING ON TRIBAL AUTONOMY AND ENERGY DEVELOPMENT: IMPLEMENTATION OF THE INDIAN TRIBAL ENERGY DEVELOPMENT AND SELF-DETERMINATION ACT,2023-09-28,hsii00,House Public Lands Committee,,,,0.0,no_match,116420,
118,53644,"LEGISLATIVE HEARING ON H.R. 2437, TO REVISE THE BOUNDARIES OF A UNIT OF THE JOHN H. CHAFEE COASTAL BARRIER RESOURCES SYSTEM IN TOPSAIL, NORTH CAROLINA, AND FOR OTHER PURPOSES; H.R. 3415, TO DIRECT THE SECRETARY OF THE INTERIOR TO CONVEY TO THE MIDVALE IRRIGATION DISTRICT THE PILOT BUTTE POWER PLANT IN THE STATE OF WYOMING, AND FOR OTHER PURPOSES, ""PILOT BUTTE POWER PLANT CONVEYANCE ACT""; H.R. 4385, TO EXTEND AUTHORIZATION OF THE RECLAMATION STATES EMERGENCY DROUGHT RELIEF ACT OF 1991, ""DROUGHT PREPAREDNESS ACT""; AND H.R. 5490, TO AMEND THE COASTAL BARRIER RESOURCES ACT TO EXPAND THE JOHN H. CHAFEE COASTAL BARRIER RESOURCES SYSTEM, AND FOR OTHER PURPOSES, ""BOLSTERING ECOSYSTEMS AGAINST COASTAL HARM ACT"", OR ""BEACH ACT""",2023-09-28,hsii00,House Public Lands Committee,,,,0.0,no_match,116318,
118,53811,OVERSIGHT HEARING ON EXAMINING THE BIDEN ADMINISTRATION'S UNPRECEDENTED. OBSTRUCTION OF THE BOEM OFFSHORE LEASING PROGRAM,2023-10-18,hsii00,House Public Lands Committee,,,,0.0,no_match,116435,
118,53812,"OVERSIGHT HEARING ON SECURING OUR BORDER, SAVING OUR NATIONAL PARKS",2023-10-18,hsii00,House Public Lands Committee,,,,0.0,no_match,116456,
118,53813,"LEGISLATIVE HEARING ON H.R. 4389, TO AMEND THE NEOTROPICAL MIGRATORY BIRD CONSERVATION ACT TO MAKE IMPROVEMENTS TO THAT ACT, AND FOR OTHER PURPOSES, ""MIGRATORY BIRDS OF THE AMERICAS CONSERVATION ENHANCEMENTS ACT OF 2023""; H.R. 4770, TO REAUTHORIZE THE CHESAPEAKE BAY OFFICE OF THE NATIONAL OCEANIC AND ATMOSPHERIC ADMINISTRATION, AND FOR OTHER PURPOSES, ""CHESAPEAKE BAY SCIENCE, EDUCATION, AND ECOSYSTEM ENHANCEMENT ACT OF 2023""; AND H.R. 5009, TO REAUTHORIZE WILDLIFE HABITAT AND CONSERVATION PROGRAMS, AND FOR OTHERPURPOSES, ""WILDLIFE INNOVATION AND LONGEVITY DRIVER REAUTHORIZATION ACT"" or ""WILD ACT""",2023-10-18,hsii00,House Public Lands Committee,,,,0.0,no_match,116440,
118,53873,"H.R. 1727; H.R. 5283; DISCUSSION DRAFT OF H.R.___, ""TRASHED BORDER ACT""; AND DISCUSSION DRAFT OF H.R. ___,""ENSURING BORDER ACCESS AND PROTECTION ON FEDERAL LAND ACT""",2023-10-19,hsii00,House Public Lands Committee,,,,0.0,no_match,116434,
118,53882,"DISCUSSION DRAFT ON H.J. RES. ____, ‘‘COMPACT OF FREE ASSOCIATION AMENDMENTS ACT OF 2023’’",2023-10-19,hsii00,House Public Lands Committee,,,,0.0,no_match,116439,
118,53921,"H.R. 1449, H.R. 2855, H.R. 6009, AND H.R. 6011",2023-10-25,hsii00,House Public Lands Committee,,,,0.0,no_match,116436,
118,53922,"H.R. 520, H.R. 2990, H.R. 5103, H.R. 5504, H.R. 5509, H.R. 5874, AND H.R. 6008",2023-10-25,hsii00,House Public Lands Committee,,,,0.0,no_match,116441,
118,54098,MEMBER DAY HEARING,2023-11-02,hsii00,House Public Lands Committee,,,,0.0,no_match,116437,
118,54102,"LEGISLATIVE HEARING ON H.R. 4235, TO DIRECT THE SECRETARY OF AGRICULTURE AND THE SECRETARY OF THE INTERIOR TO ESTABLISH A WILDFIRE TECHNOLOGY TESTBED PILOT PROGRAM, AND FOR OTHER PURPOSES, ""WILDFIRE TECHNOLOGY DEMONSTRATION, EVALUATION, MODERNIZATION, AND OPTIMIZATION ACT"" OR ""WILDFIRE TECHNOLOGY DEMO ACT""; H.R. 4353, TO AMEND PUBLIC LAW 91-378 TO AUTHORIZE ACTIVITIES RELATING TO CIVILIAN CONSERVATION CENTERS, AND FOR OTHER PURPOSES, ""CIVILIAN CONSERVATION CENTER ENHANCEMENT ACT OF 2023""; H.R. 4717, TO AMEND THE HEALTHY FORESTS RESTORATION ACT OF 2003 WITH RESPECT TO THIRD-PARTY CONTRACTS FOR WILDFIRE HAZARD FUEL REMOVAL, TO AMEND THE NATIONAL FOREST MANAGEMENT ACT WITH RESPECT TO THE THRESHOLD FOR ADVERTISED TIMBER SALES, AND FOR OTHER PURPOSES, ""LOCALLY LED RESTORATION ACT OF 2023""; H.R. 5582, TO PROVIDE FOR WHITE OAK RESTORATION, AND FOR OTHER PURPOSES, ""WHITE OAK RESILIENCE ACT""; H.R. 5665, TO REQUIRE A COMPREHENSIVE ASSESSMENT OF CERTAIN FEDERAL TRAILS, CAMPSITES, BOAT DOCKS, AND OUTDOOR RECREATION FACILITIES TO DETERMINE THE ACCESSIBILITY OPTIONS FOR INDIVIDUALS WITH DISABILITIES, AND FOR OTHER PURPOSES, ""PROMOTING ACCESSIBILITY ON FEDERAL LANDS ACT OF 2023""; H.R. 6070, TO AMEND THE MILITARY LANDS WITHDRAWAL ACT OF 1999 TO CLARIFY THE AUTHORITY OF DEPARTMENT OF DEFENSE TO CONDUCT CERTAIN MILITARY ACTIVITIES AT THE NEVADA TEST AND TRAINING RANGE, AND FOR OTHER PURPOSES; AND DISCUSSION DRAFT OF H.R., TO ESTABLISH DEMONSTRATION PROJECTS TO SUPPORT THE DEVELOPMENT AND COMMERCIALIZATION OF BIOCHAR AND A COMPETITIVE GRANT PROGRAM TO CARRY OUT RESEARCH AND DEVELOPMENT WITH RESPECT TO BIOCHAR, ""BIOCHAR INNOVATIONS AND OPPORTUNITIES FOREST CONSERVATION, HEALTH, AND ADVANCEMENTS IN RESEARCH ACT"" OR ""BIOCHAR ACT""",2023-11-14,hsii00,House Public Lands Committee,,,,0.0,no_match,116529,
118,54100,EXAMINING THE BIDEN ADMINISTRATION'S ABANDONED MINE LANDS AND ACTIVE MINING PROGRAMS,2023-11-14,hsii00,House Public Lands Committee,,,,0.0,no_match,116532,
118,54101,OVERSIGHT HEARING ON OPPORTUNITIES AND CHALLENGES FOR IMPROVING PUBLIC SAFETY IN TRIBAL COMMUNITIES,2023-11-14,hsii00,House Public Lands Committee,,,,0.0,no_match,116535,
118,54103,"LEGISLATIVE HEARING ON H.R. 4219, TO ESTABLISH THE SOUTHWESTERN POWER ADMINISTRATION FUND, AND FOR OTHER PURPOSES, "" SOUTHWESTERN POWER ADMINISTRATION FUND ESTABLISHMENT ACT""; H.R. 5770, TO REAUTHORIZE CERTAIN UNITED STATES GEOLOGICAL SURVEY WATER DATA ENHANCEMENT PROGRAMS, ""WATER DATA IMPROVEMENT ACT""; H.R. 6107, TO AMEND THE OMNIBUS PUBLIC LAND MANAGEMENT ACT OF 2009 TO AUTHORIZE CERTAIN EXTRAORDINARY OPERATION AND MAINTENANCE WORK FOR URBAN CANALS OF CONCERN, ""URBAN CANAL MODERNIZATION ACT""; AND H.R. 6127, TO PROVIDE FOR THE STANDARDIZATION, CONSOLIDATION, AND PUBLICATION OF DATA RELATING TO PUBLIC OUTDOOR RECREATIONAL USE OF FEDERAL WATERWAYS AMONG FEDERAL LAND AND WATER MANAGEMENT AGENCIES, AND FOR OTHER PURPOSES, ""MODERNIZING ACCESS TO OUR PUBLIC WATERS ACT"", OR ""MAPWATERS ACT""",2023-11-14,hsii00,House Public Lands Committee,,,,0.0,no_match,116531,
118,54199,"H.R. 6285, ""ALASKA'S RIGHT TO PRODUCE ACT OF 2023""",2023-11-29,hsii00,House Public Lands Committee,,,,0.0,no_match,116533,
118,54200,"LEGISLATIVE HEARING ON H.R., TO IMPROVE RECREATION OPPORTUNITIES ON, AND FACILITATE GREATER ACCESS TO, FEDERAL PUBLIC LAND, AND FOR OTHER PURPOSES, ""EXPANDING PUBLIC LANDS OUTDOOR RECREATION EXPERIENCES ACT"" OR ""EXPLORE ACT""",2023-11-30,hsii00,House Public Lands Committee,,,,0.0,no_match,116530,
118,55666,"LEGISLATIVE HEARING ON H.R. 4524, TO AMEND THE INDIAN LAW ENFORCEMENT REFORM ACT TO PROVIDE FOR ADVANCEMENTS IN PUBLIC SAFETY SERVICES TO INDIAN COMMUNITIES, AND FOR OTHER PURPOSES, ""PARITY FOR TRIBAL LAW ENFORCEMENT ACT""; H.R. 4748, TO PROVIDE FOR THE RECOGNITION OF CERTAIN ALASKA NATIVE COMMUNITIES AND THE SETTLEMENT OF CERTAIN CLAIMS UNDER THE ALASKA NATIVE CLAIMS SETTLEMENT ACT, AND FOR OTHER PURPOSES, ""UNRECOGNIZED SOUTHEAST ALASKA NATIVE COMMUNITIES RECOGNITION AND COMPENSATION ACT""; H.R. 6368, TO ASSIST TRIBAL GOVERNMENTS IN THE MANAGEMENT OF BUFFALO AND BUFFALO HABITAT AND THE REESTABLISHMENT OF BUFFALO ON INDIAN LAND, ""INDIAN BUFFALO MANAGEMENT ACT""; AND H.R. 6443, TO TAKE CERTAIN LAND IN THE STATE OF CALIFORNIA INTO TRUST FOR THE BENEFIT OF THE JAMUL INDIAN VILLAGE OF CALIFORNIA TRIBE, AND FOR OTHER PURPOSES, ""JAMUL INDIAN VILLAGE LAND TRANSFER ACT""",2023-12-05,hsii00,House Public Lands Committee,,,,0.0,no_match,116631,
118,54285,EXAMINING OPPORTUNITIES TO PROMOTE AND ENHANCE TRIBAL FOREST MANAGEMENT,2023-12-05,hsii00,House Public Lands Committee,,,,0.0,no_match,116627,
118,54286,OVERSIGHT HEARING ON LIMITING ACCESS AND DAMAGING GATEWAY ECONOMIES: EXAMINING THE NATIONAL PARKS AIR TOUR MANAGEMENT PROGRAM,2023-12-05,hsii00,House Public Lands Committee,,,,0.0,no_match,116617,
118,54448,OVERSIGHT HEARING ON THE MINERAL SUPPLY CHAIN AND THE NEW SPACE RACE,2023-12-12,hsii00,House Public Lands Committee,,,,0.0,no_match,116618,
118,54449,LEFT IN THE DARK: EXAMINING THE BIDEN ADMINISTRATION'S EFFORTS TO ELIMINATE THE PACIFIC NORTHWEST'S CLEAN ENERGY PRODUCTION,2023-12-12,hsii00,House Public Lands Committee,,,,0.0,no_match,116632,
118,54447,"H.R. 5482, H.R. 6474, AND H.R. 6481",2023-12-12,hsii00,House Public Lands Committee,,,,0.0,no_match,116633,
118,54552,OVERSIGHT HEARING ON NATIONAL PARK SERVICE'S DEFERRED MAINTENANCE BACKLOG: PERSPECTIVES FROM THE GOVERNMENT ACCOUNTABILITY OFFICE AND THE INSPECTOR GENERAL,2024-01-10,hsii00,House Public Lands Committee,,,,0.0,no_match,116691,
118,54553,"OVERSIGHT HEARING ON EXAMINING THE BIDEN ADMINISTRATION'S LIMITS ON ACCESS TO THE OCS: IMPACTS ON CONSUMERS, STATES, AND OPERATORS",2024-01-11,hsii00,House Public Lands Committee,,,,0.0,no_match,116688,
118,54612,H.R. 6062 AND H.R. 6273,2024-01-18,hsii00,House Public Lands Committee,,,,0.0,no_match,116694,
118,54614,"H.R. 897, H.R. 3925, H.R. 5441, AND H.R. 6235",2024-01-18,hsii00,House Public Lands Committee,,,,0.0,no_match,116685,
118,54613,OVERSIGHT HEARING ON REPORTING FOR DUTY: EXAMINING THE IMPACTS OF THE DEPARTMENT OF THE INTERIOR'S REMOTE AND TELEWORK POLICIES,2024-01-18,hsii00,House Public Lands Committee,,,,0.0,no_match,116536,
118,54708,OVERSIGHT HEARING ON EXAMINING THE OPPORTUNITIES AND CHALLENGES OF LAND CONSOLIDATION IN INDIAN COUNTRY,2024-01-30,hsii00,House Public Lands Committee,,,,0.0,no_match,116695,
118,54709,"LEGISLATIVE HEARING ON H.R. 2925, TO AMEND THE OMNIBUS BUDGET RECONCILI- ATION ACT OF 1993 TO PROVIDE FOR SECU- RITY OF TENURE FOR USE OF MINING CLAIMS FOR ANCILLARY ACTIVITIES, AND FOR OTHER PURPOSES, ""MINING REGU- LATORY CLARITY ACT OF 2023""; H.R. 6862, TO AMEND THE FAST ACT TO INCLUDE CERTAIN MINERAL PRODUCTION ACTIVI- TIES AS A COVERED PROJECT, AND FOR OTHER PURPOSES; H.R. 7003, TO AMEND THE NATIONAL LANDSLIDE PREPAREDNESS ACT TO REAUTHORIZE SUCH ACT, ""NATIONAL LANDSLIDE PREPAREDNESS ACT REAUTHORIZATION ACT OF 2024""; AND H.R. 7004, TO AMEND THE MINERAL LEASING ACT TO AMEND REFERENCES OF GILSONITE TO ASPHALTITE",2024-01-31,hsii00,House Public Lands Committee,,,,0.0,no_match,116689,
118,54710,"LEGISLATIVE HEARING ON H.R. 674, TO CODIFY THE AUTHORITY OF THE SECRETARY OF AGRICULTURE AND THE SECRETARY OF THE INTERIOR TO CONDUCT CERTAIN LANDSCAPE-SCALE FOREST RESTORATION PROJECTS, AND FOR OTHER PURPOSES, ""ROOT AND STEM PROJECT AUTHORIZATION ACT OF 2023""; H.R. 4297, TO AMEND THE JOHN D. DINGELL, JR. CONSERVATION, MANAGEMENT, AND RECREATION ACT TO ALLOW FOR ADDITIONAL ENTITIES TO BE ELIGIBLE TO COMPLETE THE MAINTENANCE WORK ON BOLTS DITCH AND THE BOLTS DITCH HEADGATE WITHIN THE HOLY CROSS WILDERNESS, COLORADO, ""BOLTS DITCH ACT""; H.R. 5443, TO ESTABLISH A POLICY REGARDING APPRAISAL AND VALUATION SERVICES FOR REAL PROPERTY FOR A TRANSACTION OVER WHICH THE SECRETARY OF THE INTERIOR HAS JURISDICTION, AND FOR OTHER PURPOSES, ""ACCELERATING APPRAISALS AND CONSERVATION EFFORTS ACT"" OR ""AACE ACT""; H.R. 6994, TO REQUIRE THE REOPENING OF COVERED RECREATION SITES CLOSED DUE TO A NATURAL DISASTER, AND FOR OTHER PURPOSES, ""RESTORING OUR UNOPENED TRAILS FOR ENJOYMENT AND SAFETY ACT"" OR ""ROUTES ACT""; AND H.R. 7072, TO REQUIRE THE SECRETARY OF AGRICULTURE TO CONVEY CERTAIN NATIONAL FOREST SYSTEM LAND IN THE CHEQUAMEGON-NICOLET NATIONAL FOREST TO TONY'S WABENO REDI-MIX, LLC, AND FOR OTHER PURPOSES, ""WABENO ECONOMIC DEVELOPMENT ACT OF 2024""",2024-01-31,hsii00,House Public Lands Committee,,,,0.0,no_match,116692,
118,54783,OVERSIGHT FIELD HEARING ON BIDEN'S BORDER CRISIS: THE CONSEQUENCES OF FAILING TO SECURE FEDERAL BORDER LANDS,2024-02-08,hsii00,House Public Lands Committee,,,,0.0,no_match,,
118,54896,"H.R. 3119, H.R. 6784, H.R. 6854, AND H.R. 7157",2024-02-14,hsii00,House Public Lands Committee,,,,0.0,no_match,116787,
118,54897,OVERSIGHT HEARING ON ECONOMIC DIVERSIFICATION TO CREATE PROSPEROUS. TRIBAL ECONOMIES,2024-02-15,hsii00,House Public Lands Committee,,,,0.0,no_match,116784,
118,54898,OVERSIGHT HEARING ON BIDENOMICS & LAND MANAGEMENT: THE MISGUIDED NATIONAL STRATEGY TO DEVELOP ENVIRONMENTAL ECONOMIC DECISIONS,2024-02-15,hsii00,House Public Lands Committee,,,,0.0,no_match,116785,
118,55061,OVERSIGHT HEARING ON ADVANCING TRIBAL SELF-DETERMINATION: EXAMINING. BUREAU OF INDIAN AFFAIRS' 638 CONTRACTING,2024-03-06,hsii00,House Public Lands Committee,,,,0.0,no_match,116884,
118,55060,"LEGISLATIVE HEARING ON H.R. 6482, TO AMEND THE GEOTHERMAL STEAM ACT OF 1970 TO PROMOTE TIMELY EXPLORATION FOR GEOTHERMAL RESOURCES UNDER GEOTHERMAL LEASES, AND FOR OTHER PURPOSES, ""ENHANCING GEOTHERMAL PRODUCTION ON FEDERAL LANDS ACT""; H.R. 7370, TO AMEND THE GEOTHERMAL STEAM ACT OF 1970 TO ESTABLISH A DEADLINE FOR PROCESSING APPLICATIONS RELATED TO GEOTHERMAL LEASING, ""GEOTHERMAL ENERGY OPPORTUNITY (GEO) ACT""; H.R. 7375, TO AMEND THE MINERAL LEASING ACT TO IMPROVE THE ASSESSMENT OF EXPRESSION OF INTEREST FEES, AND FOR OTHER PURPOSES; H.R. 7377, TO AMEND THE FEDERAL OIL AND GAS ROYALTY MANAGEMENT ACT OF 1982 TO IMPROVE THE MANAGEMENT OF ROYALTIES FROM OIL AND GAS LEASES, AND FOR OTHER PURPOSES, ""ROYALTY RESILIENCY ACT""; H.R. 7409, TO AMEND THE GEOTHERMAL STEAM ACT OF 1970 TO WAIVE THE REQUIREMENT FOR A FEDERAL DRILLING PERMIT FOR CERTAIN ACTIVITIES, TO EXEMPT CERTAIN ACTIVITIES FROM THE REQUIREMENTS OF THE NATIONAL ENVIRONMENTAL POLICY ACT OF 1969, AND FOR OTHER PURPOSES, ""HARNESSING ENERGY AT THERMAL SOURCES (HEATS) ACT""; AND H.R. 7422, TO AMEND THE GEOTHERMAL STEAM ACT OF 1970 TO PROVIDE COST-RECOVERY AUTHORITY FOR THE DEPARTMENT OF THE INTERIOR, ""GEOTHERMAL COST-RECOVERY AUTHORITY ACT OF 2024""",2024-03-06,hsii00,House Public Lands Committee,,,,0.0,no_match,,
118,55062,"H.R. 7408, ""AMERICA'S WILDLIFE HABITAT CONSERVATION ACT""",2024-03-06,hsii00,House Public Lands Committee,,,,0.0,no_match,116892,
118,55079,"LEGISLATIVE HEARING ON H.R. 1584, TO ESTABLISH PLUM ISLAND, NEW YORK, AS A NATIONAL MONUMENT, ""PLUM ISLAND NATIONAL MONUMENT ACT""; H.R. 1647, TO REDESIGNATE THE SALEM MARITIME NATIONAL HISTORIC SITE AS THE ""SALEM MARITIME NATIONAL HISTORICAL PARK"", AND FOR THE PURPOSES, ""SALEM MARITIME NATIONAL HISTORICAL PARK REDESIGNATION AND BOUNDARY STUDY ACT""; H.R. 3047, TO REQUIRE THE SECRETARY OF AGRICULTURE TO CONVEY CERTAIN LANDS WITHIN THE APACHE-SITGREAVES NATIONAL FOREST, AND FOR OTHER PURPOSES, ""APACHE COUNTY AND NAVAJO COUNTY CONVEYANCE ACT OF 2023""; H.R. 3173, TO PROVIDE FOR TRANSFER OF OWNERSHIP OF CERTAIN FEDERAL LANDS IN NORTHERN NEVADA, TO AUTHORIZE THE DISPOSAL OF CERTAIN FEDERAL LANDS IN NORTHERN NEVADA FOR ECONOMIC DEVELOPMENT, TO PROMOTE CONSERVATION IN NORTHERN NEVADA, AND FOR OTHER PURPOSES, ""NORTHERN NEVADA ECONOMIC DEVELOPMENT AND CONSERVATION ACT OF 2023""; H.R. 6852, TO DESIGNATE HOLCOMBE RUCKER PARK, IN HARLEM, NEW YORK, AS A NATIONAL COMMEMORATIVE SITE, AND FOR OTHER PURPOSES, ""HOLCOMBE RUCKER PARK LANDMARK ACT""; AND H.R. 7332, TO REQUIRE THE SECRETARY OF THE INTERIOR AND THE SECRETARY OF AGRICULTURE TO CONVEY CERTAIN FEDERAL LAND TO THE STATE OF UTAH FOR INCLUSION IN CERTAIN STATE PARKS, AND FOR OTHER PURPOSES, ""UTAH STATE PARKS ADJUSTMENT ACT""",2024-03-07,hsii00,House Public Lands Committee,,,,0.0,no_match,,
118,55080,OVERSIGHT HEARING ON MONETIZING NATURE AND LOCKING UP PUBLIC LAND: THE IMPLICATIONS OF BIDEN'S STRATEGY FOR NATURAL CAPITAL ACCOUNTING,2024-03-07,hsii00,House Public Lands Committee,,,,0.0,no_match,116880,
118,55273,OVERSIGHT HEARING ON ADVANCING TRIBAL SELF-DETERMINATION: EXAMINING. THE OPPORTUNITIES AND CHALLENGES OF THE 477 PROGRAM,2024-03-20,hsii00,House Public Lands Committee,,,,0.0,no_match,116885,
118,55272,"H.R. 5015, H.R. 5499, H.R. 6085, H.R. 6209, H.R. 6547, AND H.R. 7006",2024-03-20,hsii00,House Public Lands Committee,GP-HToUXmx8,https://www.youtube.com/watch?v=GP-HToUXmx8,"Full Committee Markup | April 16, 2024",0.43,description_bills,,
118,55271,OVERSIGHT HEARING ON ASSESSING DOMESTIC OFFSHORE ENERGY RESERVES AND ENSURING U.S. ENERGY DOMINANCE,2024-03-20,hsii00,House Public Lands Committee,,,,0.0,no_match,,
118,55274,"LEGISLATIVE HEARING ON H.R. 1395, TO AMEND THE WATER INFRASTRUCTURE IMPROVEMENTS FOR THE NATION ACT TO REAUTHORIZE DELAWARE RIVER BASIN CONSERVATION PROGRAMS, AND FOR OTHER PURPOSES, ""DELAWARE RIVER BASIN CONSERVATION REAUTHORIZATION ACT OF 2023""; H.R. 5487, TO REQUIRE THE SECRETARY OF COMMERCE TO ESTABLISH AND CARRY OUT A GRANT PROGRAM TO CONSERVE, RESTORE, AND MANAGE KELP FOREST ECOSYSTEMS, AND FOR OTHER PURPOSES, ""HELP OUR KELP ACT""; H.R. 6814, TO REQUIRE THE UNDER SECRETARY OF COMMERCE FOR OCEANS AND ATMOSPHERE TO ASSESS CERTAIN OFFSHORE OIL AND GAS PLATFORMS AND PIPELINES FOR POTENTIAL USE AS ARTIFICIAL REEFS, AND FOR OTHER PURPOSES, ""MARINE FISHERIES HABITAT PROTECTION ACT""; AND H.R. 7020, TO DIRECT THE ADMINISTRATOR OF THE NATIONAL OCEANIC AND ATMOSPHERIC ADMINISTRATION TO CONDUCT HIGH- RESOLUTION MAPPING OF THE LAKEBEDS OF THE GREAT LAKES, AND FOR OTHER PURPOSES, ""GREAT LAKES MAPPING ACT""",2024-03-21,hsii00,House Public Lands Committee,,,,0.0,no_match,116893,
118,55380,OVERSIGHT HEARING ON BIDEN'S BORDER CRISIS: EXAMINING THE IMPACTS OF INTERNATIONAL CARTELS TARGETING INDIAN COUNTRY,2024-04-10,hsii00,House Public Lands Committee,,,,0.0,no_match,117025,
118,55381,OVERSIGHT HEARING ON THE NATIONAL WILDLIFE REFUGE SYSTEM AT RISK: IMPACTS OF THE U.S. FISH AND WILDLIFE SERVICE'S PROPOSED BIDEH RULE,2024-04-10,hsii00,House Public Lands Committee,,,,0.0,no_match,,
118,55382,OVERSIGHT HEARING ON ENERGIZING THE TERRITORIES: PROMOTING AFFORDABLE AND RELIABLE ENERGY SOURCES FOR THE U.S. INSULAR AREAS,2024-04-11,hsii00,House Public Lands Committee,,,,0.0,no_match,117031,
118,55446,"LEGISLATIVE HEARING ON DISCUSSION DRAFT OF H.R., TO EXPEDITE UNDER THE NATIONAL ENVIRONMENTAL POLICY ACT OF 1969 AND IMPROVE FOREST MANAGEMENT ACTIVITIES ON NATIONAL FOREST SYSTEM LANDS, ON PUBLIC LANDS UNDER THE JURISDICTION OF THE BUREAU OF LAND MANAGEMENT, AND ON TRIBAL LANDS TO RETURN RESILIENCE TO OVERGROWN, FIRE-PRONE FORESTED LANDS, AND FOR OTHER PURPOSES",2024-04-17,hsii00,House Public Lands Committee,,,,0.0,no_match,,
118,55447,OVERSIGHT HEARING ON ASSESSING SOLUTIONS TO SECURE AMERICA'S OFFSHORE ENERGY FUTURE,2024-04-18,hsii00,House Public Lands Committee,,,,0.0,no_match,,
118,55494,OVERSIGHT HEARING ON EMPOWERING LOCAL VOICES AND STOPPING FEDERAL. OVERREACH TO IMPROVE THE MANAGEMENT OF UTAH'S PUBLIC LANDS,2024-04-22,hsii00,House Public Lands Committee,,,,0.0,no_match,,
118,55585,"LEGISLATIVE HEARING ON H.R. 2687, TO AMEND THE ALASKA NATIVE CLAIMS SETTLEMENT ACT TO EXCLUDE CERTAIN PAYMENTS TO AGED, BLIND, OR DISABLED ALASKA NATIVES OR DESCENDANTS OF ALASKA NATIVES FROM BEING USED TO DETERMINE ELIGIBILITY FOR CERTAIN PROGRAMS, AND FOR OTHER PURPOSES; AND H.R. 7516, TO AMEND THE INDIAN HEALTH CARE IMPROVEMENT ACT TO ADDRESS LIABILITY FOR PAYMENT OF CHARGES OR COSTS ASSOCIATED WITH PROVISION OF PURCHASED/REFERRED CARE SERVICES, AND FOR OTHER PURPOSES, ""PURCHASED AND REFERRED CARE IMPROVEMENT ACT OF 2024""",2024-04-30,hsii00,House Public Lands Committee,,,,0.0,no_match,,
118,55586,OVERSIGHT HEARING ON EXAMINING THE INFLUENCE OF EXTREME ENVIRONMENTAL ACTIVIST GROUPS IN THE DEPARTMENT. OF THE INTERIOR,2024-04-30,hsii00,House Public Lands Committee,,,,0.0,no_match,,
118,55587,OVERSIGHT HEARING ON EXAMINING THE PRESIDENT'S FY 2025 BUDGET REQUEST FOR THE DEPARTMENT OF THE INTERIOR,2024-05-01,hsii00,House Public Lands Committee,,,,0.0,no_match,,
118,55588,OVERSIGHT FIELD HEARING ON HOW MANY WOLVES ARE ENOUGH? EXAMINING THE NEED TO DELIST THE GRAY WOLF,2024-05-03,hsii00,House Public Lands Committee,,,,0.0,no_match,,
118,55647,"OVERSIGHT HEARING ON EXAMINING THE PRESIDENT'S FY 2025 BUDGET REQUEST FOR THE BUREAU OF INDIAN AFFAIRS, INDIAN HEALTH SERVICE, AND OFFICE OF INSULAR AFFAIRS",2024-05-08,hsii00,House Public Lands Committee,,,,0.0,no_match,,
118,55687,"OVERSIGHT FIELD HEARING ON IMPROVING ACCESS AND OPPORTUNITIES FOR HUNTING, FISHING, AND OUTDOOR RECREATION ON AMERICA'S FEDERAL LANDS",2024-05-13,hsii00,House Public Lands Committee,,,,0.0,no_match,,
118,55688,OVERSIGHT HEARING ON EXAMINING THE PRESIDENT'S FY 2025 BUDGET REQUEST FOR THE BUREAU OF LAND MANAGEMENT AND NATIONAL PARK SERVICE,2024-05-15,hsii00,House Public Lands Committee,,,,0.0,no_match,,
118,55690,"OVERSIGHT HEARING ON EXAMINING THE PRESIDENT'S FY 2025 BUDGET PROPOSAL FOR THE U.S. BUREAU OF RECLAMATION, U.S. FISH AND WILDLIFE SERVICE, NATIONAL OCEANIC AND ATMOSPHERIC ADMINISTRA- TION, AND THE POWER MARKETING ADMINISTRATIONS",2024-05-16,hsii00,House Public Lands Committee,,,,0.0,no_match,,
118,55689,OVERSIGHT HEARING ON EXAMINING THE COUNCIL ON ENVIRONMENTAL QUALITY FISCAL YEAR 2025 BUDGET REQUEST AND RELATED POLICY MATTERS,2024-05-16,hsii00,House Public Lands Committee,,,,0.0,no_match,,
118,55752,"H.R. 7776, H.R. 7872, H.R. 7938, and H.R. 8263",2024-05-22,hsii00,House Public Lands Committee,,,,0.0,no_match_deduped,,
118,55751,OVERSIGHT HEARING ON EXAMINING THE PRESIDENT'S FY 2025 BUDGET REQUEST FOR THE UNITED STATES GEOLOGICAL SURVEY AND THE OFFICE OF SURFACE MINING RECLAMATION AND ENFORCEMENT,2024-05-22,hsii00,House Public Lands Committee,,,,0.0,no_match,,
118,55753,"OVERSIGHT HEARING ON EXAMINING THE PRESIDENT'S FY 2025 BUDGET REQUEST FOR THE BUREAU OF OCEAN ENERGY MANAGEMENT, THE BUREAU OF SAFETY AND ENVIRONMENTAL ENFORCEMENT, AND THE OFFICE OF NATURAL RESOURCES REVENUE",2024-05-23,hsii00,House Public Lands Committee,,,,0.0,no_match,,
118,55913,OVERSIGHT HEARING ON BIDEN'S BORDER CRISIS: EXAMINING EFFORTS TO COMBAT INTERNATIONAL CRIMINAL CARTELS AND STOP ILLEGAL DRUG TRAFFICKING TARGETING INDIAN COUNTRY,2024-06-04,hsii00,House Public Lands Committee,,,,0.0,no_match,,
118,55912,"H.R. 6395, H.R. 8446, AND H.R. 8450",2024-06-04,hsii00,House Public Lands Committee,mDf_WKunxTg,https://www.youtube.com/watch?v=mDf_WKunxTg,"Full Committee Markup | June 12, 2024",0.55,description_bills,,
118,55911,OVERSIGHT HEARING ON EXAMINING THE PRESIDENT'S FY 2025 BUDGET REQUEST FOR THE U.S. FOREST SERVICE,2024-06-04,hsii00,House Public Lands Committee,,,,0.0,no_match,,
118,55974,"DESTROYING AMERICA'S BEST IDEA: BIDEN'S BORDER CRISIS, DESECRATING NATIONAL PARK LANDS AND DAMAGING COMMUNITIES",2024-06-13,hsii00,House Public Lands Committee,,,,0.0,no_match,,
118,55973,OVERSIGHT HEARING ON EXAMINING GAO'S FINDINGS TO ADDRESS DATA GAPS AND IMPROVE DATA COLLECTION IN THE TERRITORIES,2024-06-13,hsii00,House Public Lands Committee,,,,0.0,no_match,,
118,56170,"LEGISLATIVE HEARING ON H.R. 1208, TO AMEND THE ACT OF JUNE 18, 1934, TO REAFFIRM THE AUTHORITY OF THE SECRETARY OF THE INTERIOR TO TAKE LAND INTO TRUST FOR INDIAN TRIBES, AND FOR OTHER PURPOSES; AND H.R. 6180, TO REAFFIRM THE APPLICABILITY OF THE INDIAN REORGANIZATION ACT TO THE POARCHBAND OF CREEK INDIANS, AND FOR OTHER PURPOSES, ""POARCH BAND OF CREEK INDIANS LANDS ACT""",2024-06-26,hsii00,House Public Lands Committee,,,,0.0,no_match,,
118,56169,"LEGISLATIVE HEARING ON H.R. 6841, TO AMEND THE COASTAL ZONE MANAGEMENT ACT OF 1972 TO ALLOW THE SECRETARY OF COMMERCE TO ESTABLISH A COASTAL AND ESTUARINE RESILIENCE AND RESTORA- TION PROGRAM, AND FOR OTHER PUR- POSES; H.R. 7925, TO PROVIDE FOR THE STANDARDIZATION, PUBLICATION, AND ACCESSIBILITY OF DATA RELATING TO PUBLIC OUTDOOR RECREATIONAL USE OF FEDERAL WATERWAYS, AND FOR OTHER PURPOSES, ""MODERNIZING ACCESS TO OUR PUBLIC OCEANS ACT""; H.R. 8704, TO RE- QUIRE THE SECRETARY OF COMMERCE TO ESTABLISH A GRANT PROGRAM TO FOSTER ENHANCED COEXISTENCE BETWEEN OCEAN USERS AND NORTH ATLANTIC RIGHT WHALES AND OTHER LARGE CETACEAN SPECIES; AND H.R. 8705, TO REQUIRE THE ADMINISTRATOR OF THE NATIONAL OCE- ANIC AND ATMOSPHERIC ADMINISTRATION TO REFORM THE MARINE RECREATIONAL INFORMATION PROGRAM OF THE NA- TIONAL MARINE FISHERIES SERVICE, AND FOR OTHER PURPOSES, ""FISHERIES DATA MODERNIZATION AND ACCURACY ACT OF 2024""",2024-06-27,hsii00,House Public Lands Committee,,,,0.0,no_match,,
118,56168,"LEGISLATIVE HEARING ON H.R. 390, TO AMEND THE HUDSON RIVER VALLEY NATIONAL HERITAGE AREA ACT OF 1996 (PUBLIC LAW 104-333; 54 U.S.C. 320101 NOTE) TO INCLUDE ALL OF SARATOGA AND WASHINGTON COUNTIES IN THE BOUNDARIES OF THE HUDSON RIVER VALLEY NATIONAL HERITAGE AREA, ""MAURICE D. HINCHEY HUDSON RIVER VALLEY NATIONAL HERITAGE AREA ENHANCEMENT ACT""; H.R. 3971, TO DESIGNATE THE FLATSIDE-BETHUNE WILDERNESS IN THE OUACHITA NATIONAL FOREST, AND FOR OTHER PURPOSES, ""FLATSIDE WILDERNESS ADDITIONS ACT""; H.R. 6826, TO DESIGNATE THE VISITOR AND EDUCATION CENTER AT FORT MCHENRY NATIONAL MONUMENT AND HISTORIC SHRINE AS THE PAUL S. SARBANES VISITOR AND EDUCATION CENTER; H.R. 6843, TO EXPAND THE BOUNDARIES OF THE ATCHAFALAYA NATIONAL HERITAGE AREA TO INCLUDE LAFOURCHE PARISH, LOUISIANA; H.R. 8206, TO ENSURE THAT BIG CYPRESS NATIONAL PRESERVE MAY NOT BE DESIGNATED AS WILDERNESS OR AS A COMPONENT OF THE NATIONAL WILDERNESS PRESERVATION SYSTEM, AND FOR OTHER PURPOSES; AND H.R. 8219, TO REQUIRE THE SECRETARY OF THE INTERIOR TO CONDUCT A STUDY TO ASSESS THE SUITABILITY AND FEASIBILITY OF DESIGNATING CERTAIN LAND AS THE LAHAINA NATIONAL HERITAGE AREA, AND FOR OTHER PURPOSES, ""LAHAINA NATIONAL HERITAGE AREA ACT""",2024-06-27,hsii00,House Public Lands Committee,,,,0.0,no_match,,
118,56223,"H.R. 7544, H.R. 8308, H.R. 8811, and Discussion Draft of H.R.____ ""ESA Amendments Act of 2024""",2024-07-09,hsii00,House Public Lands Committee,,,,0.0,no_match,,
118,56224,"H.R. 3283, H.R. 3299, H.R. 5401, H.R. 6012, H.R. 7976, AND H.R. 8012",2024-07-09,hsii00,House Public Lands Committee,,,,0.0,no_match,,
118,56358,"DISCUSSION DRAFT OF H.R. ____, ‘‘CORE ACT’’; H.R. 7053, H.R. 8665, AND H.R. 8954",2024-07-23,hsii00,House Public Lands Committee,,,,0.0,no_match,,
118,56360,"LEGISLATIVE HEARING ON H.R. 1304, RIO SAN JOSE AND RIO JEMEZ WATER SETTLEMENTS ACT OF 2023; H.R. 3977, NAVAJO-GALLUP WATER SUPPLY PROJECT AMENDMENTS ACT OF 2023; H.R. 6599, TECHNICAL CORRECTIONS TO THE NORTHWESTERN NEW MEXICO RURAL WATER PROJECTS ACT, TAOS PUEBLO INDIAN WATER RIGHTS SETTLEMENT ACT, AND AAMODT LITIGATION SETTLEMENT ACT; H.R. 7240, FORT BELKNAP INDIAN COMMUNITY WATER RIGHTS SETTLEMENT ACT OF 2024; H.R. 8685, OHKAY OWINGEH RIO CHAMA WATER RIGHTS SETTLEMENT ACT OF 2024; H.R. 8791, FORT BELKNAP INDIAN COMMUNITY WATER RIGHTS SETTLEMENT ACT OF 2024; H.R. 8920, TULE RIVER TRIBE RESERVED WATER RIGHTS SETTLEMENT ACT OF 2024; H.R. 8940, NORTHEASTERN ARIZONA INDIAN WATER RIGHTS SETTLEMENT ACT OF 2024; H.R. 8945, NAVAJO NATION RIO SAN JOSE STREAM SYSTEM WATER RIGHTS SETTLEMENT ACT OF 2024; H.R. 8949, YAVAPAI- APACHE NATION WATER RIGHTS SETTLEMENT ACT OF 2024; H.R. 8951, ZUNI INDIAN TRIBE WATER RIGHTS SETTLEMENT ACT OF 2024; AND H.R. 8953, CROW TRIBE WATER RIGHTS SETTLEMENT AMENDMENTS ACT OF 2024",2024-07-23,hsii00,House Public Lands Committee,,,,0.0,no_match,,
118,56359,INVESTIGATING HOW THE BIDEN ADMINISTRATION IGNORED CRIES FOR HELP FROM STUDENTS AT HASKELL INDIAN NATIONS UNIVERSITY,2024-07-23,hsii00,House Public Lands Committee,,,,0.0,no_match,,
118,56400,"H.R. 6489, H.R. 8942, H.R. 8955, AND H.R. 8956",2024-07-24,hsii00,House Public Lands Committee,,,,0.0,no_match,,
118,56399,"H.R. 9111, H.R. 2405, H.R. 3293, H.R. 6210, H.R.8403, and H.R.8603",2024-07-24,hsii00,House Public Lands Committee,,,,0.0,no_match,,
118,56416,OVERSIGHT FIELD HEARING RIGS TO RESTORATION: EXAMINING GULF COAST RESTORATION THROUGH ENERGY PRODUCTION AND PERMITTING,2024-08-02,hsii00,House Public Lands Committee,,,,0.0,no_match,,
118,56663,Water Abundance: Opportunities and Challenges in California,2024-09-06,hsii00,House Public Lands Committee,,,,0.0,no_match,,
118,56758,EXAMINING THE IMPLEMENTATION OF THE COMPACT OF FREE ASSOCIATION AMENDMENTS ACT OF 2024,2024-09-10,hsii00,House Public Lands Committee,,,,0.0,no_match,,
118,56759,OVERSIGHT HEARING ON THE FISH AND WILDLIFE SERVICE GONE WILD: EXAMINING OPERATION LONG TAIL LIBERATION,2024-09-10,hsii00,House Public Lands Committee,,,,0.0,no_match,,
118,56760,"H.R. 6352, H.R. 8413, H.R. 8632, H.R. 8836, AND DISCUSSION DRAFT OF H.R.",2024-09-10,hsii00,House Public Lands Committee,,,,0.0,no_match,,
118,56761,"Serial No. 118-146 - DISCUSSION DRAFT OF H.R.___, TO AMEND THE NATIONAL ENVIRONMENTAL POLICY ACT OF 1969, AND FOR OTHER PURPOSES; H.J. RES. 168, AND H.R. 6129",2024-09-11,hsii00,House Public Lands Committee,,,,0.0,no_match,,
118,56828,"H.R. 1479, H.R. 1504, H.R. 8931, H.R. 8946, H.R. 9159, H.R. 9492, H.R. 9516, AND S. 612",2024-09-18,hsii00,House Public Lands Committee,,,,0.0,no_match,,
118,56911,OVERSIGHT HEARING ON EXAMINING PUERTO RICO'S ELECTRICAL GRID AND THE NEED FOR RELIABLE AND RESILIENT ENERGY,2024-09-26,hsii00,House Public Lands Committee,,,,0.0,no_match,,
118,57048,IT ALL DEPENDS ON WATER: EXAMINING EFFORTS TO IMPROVE AND PROTECT CENTRAL OREGON'S WATER SUPPLY,2024-10-08,hsii00,House Public Lands Committee,,,,0.0,no_match,,
118,57459,"H.R. 6441, H.R. 7666, H.R. 8182, H.R. 8517, H.R. 9062, H.R. 9165, H.R. 9528, H.R. 10082, AND H.R. 10084",2024-11-19,hsii00,House Public Lands Committee,,,,0.0,no_match,,
118,57458,"LEGISLATIVE HEARING ON H.R. 7662, H.R. 7807, H.R. 8952, AND H.R. 10005",2024-11-19,hsii00,House Public Lands Committee,,,,0.0,no_match,,
118,57460,"H.R. 7642, H.R. 9514, H.R. 9515, AND H.R. 9969",2024-11-20,hsii00,House Public Lands Committee,,,,0.0,no_match,,
118,57751,OVERSIGHT HEARING ON DESECRATING OLD GLORY: INVESTIGATING HOW THE PRO- HAMAS PROTESTS TURNED NATIONAL PARK SERVICE LAND INTO A VIOLENT DISGRACE,2024-12-10,hsii00,House Public Lands Committee,,,,0.0,no_match,,
118,59962,"",2025-04-04,hsii00,House Public Lands Committee,,,,0.0,no_match,,
118,50918,THE BIDEN BORDER CRISIS: PART I,2023-02-01,hsju00,House Judiciary Committee,1Vr4RZyNC-g,https://www.youtube.com/watch?v=1Vr4RZyNC-g,The Biden Border Crisis: Part I,1.0,event_id_exact,115264,
118,51365,HEARING ON THE WEAPONIZATION OF THE FEDERAL GOVERNMENT,2023-02-09,hsju00,House Judiciary Committee,zSpBE9y5_Jk,https://www.youtube.com/watch?v=zSpBE9y5_Jk,Hearing on the Weaponization of the Federal Government,1.0,event_id_exact,115294,
118,51491,"THE BIDEN BORDER CRISIS, PART II",2023-02-23,hsju00,House Judiciary Committee,EVDje-ZXhGs,https://www.youtube.com/watch?v=EVDje-ZXhGs,The Biden Border Crisis: Part II,0.95,exact_date_title,115350,
118,51493,THE FENTANYL CRISIS IN AMERICA: INACTION IS NO LONGER AN OPTION,2023-03-01,hsju00,House Judiciary Committee,c5Aj6xJVCK0,https://www.youtube.com/watch?v=c5Aj6xJVCK0,The Fentanyl Crisis in America: Inaction is No Longer an Option,1.0,event_id_exact,115371,
118,51492,INTELLECTUAL PROPERTY AND STRATEGIC COMPETITION WITH CHINA: PART I,2023-03-08,hsju00,House Judiciary Committee,-qdddCuYk48,https://www.youtube.com/watch?v=-qdddCuYk48,Intellectual Property and Strategic Competition with China: Part I,1.0,event_id_exact,115441,
118,51634,COMPLIANCE WITH COMMITTEE OVERSIGHT,2023-03-09,hsju00,House Judiciary Committee,M57Mu6zXxGY,https://www.youtube.com/watch?v=M57Mu6zXxGY,Hearing on Compliance with Committee Oversight,0.95,exact_date_title,115443,
118,51505,HEARING ON THE WEAPONIZATION OF THE FEDERAL GOVERNMENT,2023-03-09,hsju00,House Judiciary Committee,etvy-38jq3s,https://www.youtube.com/watch?v=etvy-38jq3s,Hearing on the Weaponization of the Federal Government,1.0,event_id_exact,115442,
118,51502,REINING IN THE ADMINISTRATIVE STATE: RECLAIMING CONGRESS'S LEGISLATIVE POWER,2023-03-10,hsju00,House Judiciary Committee,y0PfUja7ffg,https://www.youtube.com/watch?v=y0PfUja7ffg,Reining in the Administrative State: Reclaiming Congress’s Legislative Power,1.0,event_id_exact,115456,
118,51678,FREE SPEECH: THE BIDEN ADMINISTRATION'S CHILLING OF PARENTS' FUNDAMENTAL RIGHTS,2023-03-23,hsju00,House Judiciary Committee,_HQ3kD8KToM,https://www.youtube.com/watch?v=_HQ3kD8KToM,Free Speech: The Biden Administration’s Chilling of Parents’ Fundamental Rights,1.0,event_id_exact,115531,
118,51764,HEARING ON COMPLIANCE WITH COMMITTEE OVERSIGHT,2023-03-29,hsju00,House Judiciary Committee,4SXALh-7dMc,https://www.youtube.com/watch?v=4SXALh-7dMc,Hearing on Compliance with Committee Oversight,1.0,event_id_exact,115601,
118,51876,HEARING ON WEAPONIZATION OF THE FEDERAL GOVERNMENT,2023-03-30,hsju00,House Judiciary Committee,mqvTxDKz7to,https://www.youtube.com/watch?v=mqvTxDKz7to,Hearing on the Weaponization of the Federal Government,1.0,event_id_exact,115611,
118,51906,VICTIMS OF VIOLENT CRIME IN MANHATTAN,2023-04-17,hsju00,House Judiciary Committee,bve30wzRFvU,https://www.youtube.com/watch?v=bve30wzRFvU,Victims of Violent Crime in Manhattan,1.0,event_id_exact,115663,
118,51996,THE BIDEN BORDER CRISIS: EXPLOITATION OF UNACCOMPANIED ALIEN CHILDREN,2023-04-26,hsju00,House Judiciary Committee,BrDX4jI0B5w,https://www.youtube.com/watch?v=BrDX4jI0B5w,The Biden Border Crisis: Exploitation of Unaccompanied Alien Children,1.0,event_id_exact,115798,
118,51997,"OVERSIGHT OF THE BUREAU OF ALCOHOL, TOBACCO, FIREARMS AND EXPLOSIVES",2023-04-26,hsju00,House Judiciary Committee,HHEK0-Lv4_Q,https://www.youtube.com/watch?v=HHEK0-Lv4_Q,"Oversight of the Bureau of Alcohol, Tobacco, Firearms and Explosives",1.0,event_id_exact,115794,
118,52123,OVERSIGHT OF THE U.S. PATENT AND TRADEMARK OFFICE,2023-04-27,hsju00,House Judiciary Committee,LfFLeA9jyc4,https://www.youtube.com/watch?v=LfFLeA9jyc4,Fixing FISA: How a Law Designed to Protect Americans Has Been Weaponized Against Them,1.0,event_id_exact,115813,
118,52124,FIXING FISA: HOW A LAW DESIGNED TO PROTECT AMERICANS HAS BEEN WEAPONIZED AGAINST THEM,2023-04-27,hsju00,House Judiciary Committee,,,,0.0,no_match_deduped,115812,
118,52287,REVISITING THE IMPLICATIONS OF THE FACE ACT,2023-05-16,hsju00,House Judiciary Committee,VAUIsu2C2UI,https://www.youtube.com/watch?v=VAUIsu2C2UI,Revisiting the Implications of the FACE Act,1.0,event_id_exact,115924,
118,52318,ARTIFICIAL INTELLIGENCE AND INTELLECTUAL PROPERTY: PART I - INTEROPERABILITY OF AI AND COPYRIGHT LAW,2023-05-17,hsju00,House Judiciary Committee,DoEof1QLQUQ,https://www.youtube.com/watch?v=DoEof1QLQUQ,Artificial Intelligence and Intellectual Property: Part I - Interoperability of AI and Copyright Law,1.0,event_id_exact,115951,
118,52419,HEARING ON WEAPONIZATION OF THE FEDERAL GOVERNMENT,2023-05-18,hsju00,House Judiciary Committee,LCwURKSjE3w,https://www.youtube.com/watch?v=LCwURKSjE3w,Hearing on the Weaponization of the Federal Government,1.0,event_id_exact,115972,
118,52461,THE BIDEN BORDER CRISIS: PART III,2023-05-23,hsju00,House Judiciary Committee,1dLJj8vKXik,https://www.youtube.com/watch?v=1dLJj8vKXik,The Biden Border Crisis: Part III,1.0,event_id_exact,115998,
118,52561,IP AND STRATEGIC COMPETITION WITH CHINA: PART II--PRIORITIZING U.S. INNOVATION OVER ASSISTING FOREIGN ADVERSARIES,2023-06-06,hsju00,House Judiciary Committee,ZcPAyfgDrOg,https://www.youtube.com/watch?v=ZcPAyfgDrOg,IP and Strategic Competition with China: Part II,1.0,event_id_exact,116047,
118,52562,GOVERNMENT LITIGATION AND THE NEED FOR REFORM,2023-06-06,hsju00,House Judiciary Committee,jJIyb9qO9Ak,https://www.youtube.com/watch?v=jJIyb9qO9Ak,Government Litigation and the Need for Reform,1.0,event_id_exact,116049,
118,52733,THE BORDER CRISIS: IS THE LAW BEING FAITHFULLY EXECUTED?,2023-06-07,hsju00,House Judiciary Committee,JsUH0ba8gqY,https://www.youtube.com/watch?v=JsUH0ba8gqY,The Border Crisis: Is the Law Being Faithfully Executed?,1.0,event_id_exact,116066,
118,52864,WHERE'S THE BEEF? REGULATORY BARRIERS TO ENTRY AND COMPETITION IN MEAT PROCESSING,2023-06-13,hsju00,House Judiciary Committee,t9xcOkwgdi0,https://www.youtube.com/watch?v=t9xcOkwgdi0,Where's the Beef? Regulatory Barriers to Entry and Competition in Meat Processing,1.0,event_id_exact,116086,
118,52734,THE RISE IN ORGANIZED RETAIL CRIME AND THE THREAT TO PUBLIC SAFETY,2023-06-13,hsju00,House Judiciary Committee,n-D5Uz0aOaA,https://www.youtube.com/watch?v=n-D5Uz0aOaA,The Rise in Organized Retail Crime and the Threat to Public Safety,1.0,event_id_exact,116093,
118,52753,HEARING ON THE REPORT OF SPECIAL COUNSEL JOHN DURHAM,2023-06-21,hsju00,House Judiciary Committee,lcTVnembPss,https://www.youtube.com/watch?v=lcTVnembPss,Hearing on the Report of Special Counsel John Durham,1.0,event_id_exact,116122,
118,52929,HEARING ON COMPLIANCE WITH COMMITTEE OVERSIGHT,2023-06-22,hsju00,House Judiciary Committee,XOOzIy5cHJ8,https://www.youtube.com/watch?v=XOOzIy5cHJ8,Hearing on Compliance with Committee Oversight,1.0,event_id_exact,116140,
118,52866,EXAMINATION OF CLEMENCY AT THE DEPARTMENT OF JUSTICE,2023-06-22,hsju00,House Judiciary Committee,aH7D0glCofI,https://www.youtube.com/watch?v=aH7D0glCofI,Examination of Clemency at the Department of Justice,1.0,event_id_exact,116141,
118,52954,FIVE YEARS LATER: THE MUSIC MODERNIZATION ACT,2023-06-27,hsju00,House Judiciary Committee,aevBbbIK0gI,https://www.youtube.com/watch?v=aevBbbIK0gI,Five Years Later – The Music Modernization Act,1.0,event_id_exact,116155,
118,52977,OVERSIGHT OF THE FEDERAL BUREAU OF INVESTIGATION,2023-07-12,hsju00,House Judiciary Committee,JjGQrJx1srk,https://www.youtube.com/watch?v=JjGQrJx1srk,Oversight of the Federal Bureau of Investigation,1.0,event_id_exact,116192,
118,53028,THE CONSEQUENCES OF CRIMINAL ALIENS ON U.S. COMMUNITIES,2023-07-13,hsju00,House Judiciary Committee,8dfg5Xpo4Yg,https://www.youtube.com/watch?v=8dfg5Xpo4Yg,The Consequences of Criminal Aliens on U.S. Communities,1.0,event_id_exact,116200,
118,52955,OVERSIGHT OF THE FEDERAL TRADE COMMISSION,2023-07-13,hsju00,House Judiciary Committee,Uy8afsR8my4,https://www.youtube.com/watch?v=Uy8afsR8my4,Oversight of the Federal Trade Commission,1.0,event_id_exact,116199,
118,53045,"FIXING FISA, PART II",2023-07-14,hsju00,House Judiciary Committee,HN_rWf7eDAc,https://www.youtube.com/watch?v=HN_rWf7eDAc,"Fixing FISA, Part II",1.0,event_id_exact,116211,
118,53106,HEARING ON COMPLIANCE WITH COMMITTEE OVERSIGHT,2023-07-18,hsju00,House Judiciary Committee,9zNZILBs1VY,https://www.youtube.com/watch?v=9zNZILBs1VY,Hearing on Compliance with Committee Oversight,0.95,exact_date_title,,
118,53108,IS THERE A RIGHT TO REPAIR?,2023-07-18,hsju00,House Judiciary Committee,U4rzdXibXC0,https://www.youtube.com/watch?v=U4rzdXibXC0,Is There a Right to Repair?,1.0,event_id_exact,116230,
118,53145,THE WEAPONIZATION OF THE FEDERAL GOVERNMENT,2023-07-20,hsju00,House Judiciary Committee,qqFKzM8XXX4,https://www.youtube.com/watch?v=qqFKzM8XXX4,Hearing on the Weaponization of the Federal Government,1.0,event_id_exact,116258,
118,53168,OVERSIGHT OF THE U.S. DEPARTMENT OF HOMELAND SECURITY,2023-07-26,hsju00,House Judiciary Committee,nMba6BrL0z8,https://www.youtube.com/watch?v=nMba6BrL0z8,Oversight of the U.S. Department of Homeland Security,1.0,event_id_exact,116272,
118,53169,OVERSIGHT OF THE DRUG ENFORCEMENT ADMINISTRATION,2023-07-27,hsju00,House Judiciary Committee,2AE9fZeb3k4,https://www.youtube.com/watch?v=2AE9fZeb3k4,Oversight of the Drug Enforcement Administration,1.0,event_id_exact,116283,
118,53170,"THE DANGERS AND DUE PROCESS VIOLATIONS OF ""GENDER-AFFIRMING CARE"" FOR CHILDREN",2023-07-27,hsju00,House Judiciary Committee,xqrSP9qug5Q,https://www.youtube.com/watch?v=xqrSP9qug5Q,The Dangers and Due Process Violations of 'Gender-Affirming Care' for Children,1.0,event_id_exact,116284,
118,53506,CHILDREN ARE NOT FOR SALE: EXAMINING THE EXPLOITATION OF CHILDREN IN THE U.S. AND ABROAD,2023-09-13,hsju00,House Judiciary Committee,7S14zTIRI9c,https://www.youtube.com/watch?v=7S14zTIRI9c,Children are Not for Sale: Examining the Threat of Exploitation of Children in the U.S. and Abroad,1.0,event_id_exact,116344,
118,53550,TERRORIST ENTRY THROUGH THE SOUTHWEST BORDER,2023-09-14,hsju00,House Judiciary Committee,cxSFxQFUp_A,https://www.youtube.com/watch?v=cxSFxQFUp_A,Terrorist Entry Through the Southwest Border,1.0,event_id_exact,116352,
118,53604,EXAMINING PROPOSED CONSTITUTIONAL AMENDMENTS,2023-09-19,hsju00,House Judiciary Committee,gfSqBMLyTsM,https://www.youtube.com/watch?v=gfSqBMLyTsM,Examining Proposed Constitutional Amendments,1.0,event_id_exact,116370,
118,53649,OVERSIGHT OF THE U.S. DEPARTMENT OF JUSTICE,2023-09-20,hsju00,House Judiciary Committee,4lFkrj5MmVw,https://www.youtube.com/watch?v=4lFkrj5MmVw,Oversight of the U.S. Department of Justice,1.0,event_id_exact,116381,
118,53700,VICTIMS OF VIOLENT CRIME IN CHICAGO,2023-09-26,hsju00,House Judiciary Committee,2AFJc204Ckk,https://www.youtube.com/watch?v=2AFJc204Ckk,Victims of Violent Crime in Chicago,0.95,exact_date_title,,
118,53722,OVERSIGHT OF THE U.S. COPYRIGHT OFFICE,2023-09-27,hsju00,House Judiciary Committee,aQUDlDXvWOo,https://www.youtube.com/watch?v=aQUDlDXvWOo,Oversight of the U.S. Copyright Office,1.0,event_id_exact,116404,
118,53784,VICTIMS OF VIOLENT CRIME IN THE. DISTRICT OF COLUMBIA,2023-10-12,hsju00,House Judiciary Committee,nCR5W8WJZn4,https://www.youtube.com/watch?v=nCR5W8WJZn4,Victims of Violent Crime in the District of Columbia,1.0,event_id_exact,116457,
118,53827,"IP AND STRATEGIC COMPETITION WITH CHINA: PART III--IP THEFT, CYBERSECURITY, AND AI",2023-10-19,hsju00,House Judiciary Committee,Ix6Gc3lY_OI,https://www.youtube.com/watch?v=Ix6Gc3lY_OI,"IP and Strategic Competition with China: Part III – IP Theft, Cybersecurity, and AI",1.0,event_id_exact,116383,
118,54119,MEMBER DAY,2023-11-03,hsju00,House Judiciary Committee,JuYjyJBZDf4,https://www.youtube.com/watch?v=JuYjyJBZDf4,Member Day,1.0,event_id_exact,116534,
118,54125,OVERSIGHT OF THE BUREAU OF PRISONS,2023-11-07,hsju00,House Judiciary Committee,,,,0.0,no_match_deduped,116568,
118,54134,FREE SPEECH ON COLLEGE CAMPUSES,2023-11-08,hsju00,House Judiciary Committee,3vtIFKqWLHQ,https://www.youtube.com/watch?v=3vtIFKqWLHQ,Free Speech on College Campuses,1.0,event_id_exact,116550,
118,54185,OVERSIGHT OF THE DEPARTMENT OF JUSTICE ANTITRUST DIVISION,2023-11-14,hsju00,House Judiciary Committee,tuAFtkTTsMY,https://www.youtube.com/watch?v=tuAFtkTTsMY,Oversight of the Department of Justice Antitrust Division,1.0,event_id_exact,116568,
118,54254,HEARING ON COMPLIANCE WITH COMMITTEE OVERSIGHT,2023-11-30,hsju00,House Judiciary Committee,sNqCyxooecs,https://www.youtube.com/watch?v=sNqCyxooecs,Hearing on Compliance with Committee Oversight,0.95,exact_date_title,,
118,54237,HEARING ON THE WEAPONIZATION OF THE FEDERAL GOVERNMENT,2023-11-30,hsju00,House Judiciary Committee,DjFWInU8pqU,https://www.youtube.com/watch?v=DjFWInU8pqU,Hearing on the Weaponization of the Federal Government,1.0,event_id_exact,116615,
118,54342,OVERSIGHT OF THE DEPARTMENT OF JUSTICE CIVIL RIGHTS DIVISION,2023-12-05,hsju00,House Judiciary Committee,yRK9NUjqUdI,https://www.youtube.com/watch?v=yRK9NUjqUdI,Oversight of the Department of Justice Civil Rights Division,1.0,event_id_exact,116626,
118,54400,SECOND AMENDMENT RIGHTS EMPOWER WOMEN'S RIGHTS,2023-12-13,hsju00,House Judiciary Committee,5J_S37b7y_8,https://www.youtube.com/watch?v=5J_S37b7y_8,Second Amendment Rights Empower Women's Rights,1.0,event_id_exact,116676,
118,54399,"DIGITAL COPYRIGHT PIRACY: PROTECTING AMERICAN CONSUMERS, WORKERS, AND CREATORS",2023-12-13,hsju00,House Judiciary Committee,Nq_2RcuZ038,https://www.youtube.com/watch?v=Nq_2RcuZ038,"Digital Copyright Piracy: Protecting American Consumers, Workers, and Creators",1.0,event_id_exact,116671,
118,54615,THE IMPACT OF ILLEGAL IMMIGRATION ON SOCIAL SERVICES,2024-01-11,hsju00,House Judiciary Committee,_hvhF3a8Cuk,https://www.youtube.com/watch?v=_hvhF3a8Cuk,The Impact of Illegal Immigration on Social Services,1.0,event_id_exact,116727,
118,54717,THE SOUTHERN BORDER CRISIS: THE CONSTITUTION AND THE STATES,2024-01-30,hsju00,House Judiciary Committee,hyNF3VFdJFs,https://www.youtube.com/watch?v=hyNF3VFdJFs,The Southern Border Crisis: The Constitution and the States,0.95,exact_date_title,,
118,54845,ARTIFICIAL INTELLIGENCE AND INTELLECTUAL PROPERTY: PART II-IDENTITY IN THE AGE OF AI,2024-02-02,hsju00,House Judiciary Committee,UAcE99QV4b0,https://www.youtube.com/watch?v=UAcE99QV4b0,Artificial Intelligence and Intellectual Property: Part II – Identity in the Age of AI,1.0,event_id_exact,116778,
118,54869,HEARING ON THE WEAPONIZATION OF THE FEDERAL GOVERNMENT,2024-02-06,hsju00,House Judiciary Committee,MWzS3EqsoC0,https://www.youtube.com/watch?v=MWzS3EqsoC0,Hearing on the Weaponization of the Federal Government,1.0,event_id_exact,116793,
118,54925,OVERSIGHT OF THE UNITED STATES MARSHALS SERVICE,2024-02-14,hsju00,House Judiciary Committee,y7kGqNZv-5A,https://www.youtube.com/watch?v=y7kGqNZv-5A,Oversight of the United States Marshals Service,0.95,exact_date_title,,
118,55050,A VOICE FOR THE VOICELESS--CSAM IDENTIFICATION,2024-03-06,hsju00,House Judiciary Committee,emFhJhcc7oU,https://www.youtube.com/watch?v=emFhJhcc7oU,A Voice for the Voiceless - CSAM Identification,0.95,exact_date_title,,
118,55072,PRESIDENTIAL POWER TO SECURE THE BORDER,2024-03-07,hsju00,House Judiciary Committee,3AP2D3jfVz8,https://www.youtube.com/watch?v=3AP2D3jfVz8,Presidential Power to Secure the Border,1.0,event_id_exact,116925,
118,55073,Hearing on the Weaponization of the Federal Government,2024-03-07,hsju00,House Judiciary Committee,ZSiNbZQXVu0,https://www.youtube.com/watch?v=ZSiNbZQXVu0,The Weaponization of the Federal Government,1.0,event_id_exact,116921,
118,55150,HEARING ON THE REPORT OF SPECIAL COUNSEL ROBERT K. HUR,2024-03-12,hsju00,House Judiciary Committee,9ptskBAGKOo,https://www.youtube.com/watch?v=9ptskBAGKOo,Hearing on the Report of Special Counsel Robert K. Hur,0.95,exact_date_title,116942,
118,55231,REINING IN THE ADMINISTRATIVE STATE: AGENCY ADJUDICATION AND OTHER AGENCY ACTION,2024-03-20,hsju00,House Judiciary Committee,BkUpFRUOwbA,https://www.youtube.com/watch?v=BkUpFRUOwbA,Reining in the Administrative State: Agency Adjudication and Other Agency Action,1.0,event_id_exact,116992,
118,55378,ARTIFICIAL INTELLIGENCE AND INTELLECTUAL PROPERTY: PART III-- IP PROTECTION FOR AI ASSISTED INVENTIONS AND CREATIVE WORKS,2024-04-10,hsju00,House Judiciary Committee,fxA6svitx5Y,https://www.youtube.com/watch?v=fxA6svitx5Y,Artificial Intelligence and Intellectual Property: Part III,1.0,event_id_exact,117077,
118,55389,FIGHTING FOR A FREE PRESS: PROTECTING JOURNALISTS AND THEIR SOURCES,2024-04-11,hsju00,House Judiciary Committee,962-gOeG6Ls,https://www.youtube.com/watch?v=962-gOeG6Ls,Fighting for a Free Press: Protecting Journalists and their Sources,1.0,event_id_exact,117096,
118,55436,"LIBERTY, TYRANNY, AND ACCOUNTABILITY: COVID-19 AND THE CONSTITUTION",2024-04-16,hsju00,House Judiciary Committee,WCkurN3Z_hw,https://www.youtube.com/watch?v=WCkurN3Z_hw,"Liberty, Tyranny, and Accountability: Covid-19 and the Constitution",1.0,event_id_exact,116919,
118,55574,OVERREACH: AN EXAMINATION OF FEDERAL STATUTORY AND REGULATORY CRIMES,2024-04-30,hsju00,House Judiciary Committee,T-E7v7CrYh4,https://www.youtube.com/watch?v=T-E7v7CrYh4,Overreach: An Examination of Federal Statutory and Regulatory Crimes,1.0,event_id_exact,117202,
118,55618,HEARING ON THE WEAPONIZATION OF THE FEDERAL GOVERNMENT,2024-05-01,hsju00,House Judiciary Committee,3JNdGZBJQHA,https://www.youtube.com/watch?v=3JNdGZBJQHA,Hearing on the Weaponization of the Federal Government,1.0,event_id_exact,117220,
118,55634,VICTIMS OF VIOLENT CRIME IN PHILADELPHIA,2024-05-03,hsju00,House Judiciary Committee,PHVZhmP5A2k,https://www.youtube.com/watch?v=PHVZhmP5A2k,Victims of Violent Crime in Philadelphia,1.0,event_id_exact,117234,
118,55662,HEARING ON COMPLIANCE WITH COMMITTEE OVERSIGHT,2024-05-07,hsju00,House Judiciary Committee,6uhNLICrwqE,https://www.youtube.com/watch?v=6uhNLICrwqE,Hearing on Compliance with Committee Oversight,1.0,event_id_exact,117256,
118,55652,INTELLECTUAL PROPERTY: ENFORCEMENT ACTIVITIES BY THE EXECUTIVE BRANCH,2024-05-07,hsju00,House Judiciary Committee,2wve1ieU_w0,https://www.youtube.com/watch?v=2wve1ieU_w0,Intellectual Property: Enforcement Activities by the Executive Branch,1.0,event_id_exact,117252,
118,55716,THE BIDEN BORDER CRISIS: ARIZONA PERSPECTIVES,2024-05-10,hsju00,House Judiciary Committee,8hM6wV-98nc,https://www.youtube.com/watch?v=8hM6wV-98nc,The Biden Border Crisis: Arizona Perspectives,1.0,event_id_exact,117288,
118,55775,ANTISEMITISM ON COLLEGE CAMPUSES,2024-05-15,hsju00,House Judiciary Committee,cFwX-r1DrAI,https://www.youtube.com/watch?v=cFwX-r1DrAI,Antisemitism on College Campuses,1.0,event_id_exact,117305,
118,55746,HEARING ON THE WEAPONIZATION OF THE FEDERAL GOVERNMENT,2024-05-15,hsju00,House Judiciary Committee,oYsODkFPs_U,https://www.youtube.com/watch?v=oYsODkFPs_U,Hearing on the Weaponization of the Federal Government,1.0,event_id_exact,117301,
118,55793,HEARING ON THE WEAPONIZATION OF THE FEDERAL GOVERNMENT,2024-05-22,hsju00,House Judiciary Committee,KOU-Y41lKtI,https://www.youtube.com/watch?v=KOU-Y41lKtI,Hearing on the Weaponization of the Federal Government,1.0,event_id_exact,117338,
118,55811,"OVERSIGHT OF THE BUREAU OF ALCOHOL, TOBACCO, FIREARMS, AND EXPLOSIVES",2024-05-23,hsju00,House Judiciary Committee,XqYmuIfWkeE,https://www.youtube.com/watch?v=XqYmuIfWkeE,"Oversight of the Bureau of Alcohol, Tobacco, Firearms, and Explosives",1.0,event_id_exact,117349,
118,55970,THE BIDEN BORDER CRISIS: NORTH DAKOTA PERSPECTIVES,2024-05-29,hsju00,House Judiciary Committee,npk6N6vL864,https://www.youtube.com/watch?v=npk6N6vL864,The Biden Border Crisis: North Dakota Perspectives,1.0,event_id_exact,117373,
118,55952,OVERSIGHT OF THE U.S. DEPARTMENT OF JUSTICE,2024-06-04,hsju00,House Judiciary Committee,yY-0HDYzbTE,https://www.youtube.com/watch?v=yY-0HDYzbTE,Oversight of the U.S. Department of Justice,1.0,event_id_exact,117383,
118,56096,THE U.S. INTELLECTUAL PROPERTY SYSTEM AND THE IMPACT OF LITIGATION FINANCED BY THIRD-PARTY INVESTORS AND FOREIGN ENTITIES,2024-06-12,hsju00,House Judiciary Committee,O4nqPKLatAM,https://www.youtube.com/watch?v=O4nqPKLatAM,The U.S. Intellectual Property System and the Impact of Litigation Financed by Third-Party Investors,1.0,event_id_exact,117421,
118,56095,"CLIMATE CONTROL: DECARBONIZATION COLLUSION IN ENVIRONMENTAL, SOCIAL, AND GOVERNANCE (ESG) INVESTING",2024-06-12,hsju00,House Judiciary Committee,Gl7R8BwkSXI,https://www.youtube.com/watch?v=Gl7R8BwkSXI,"Climate Control: Decarbonization Collusion in Environmental, Social, and Governance (ESG) Investing",1.0,event_id_exact,117415,
118,56097,HEARING ON THE MANHATTAN DISTRICT ATTORNEY'S OFFICE,2024-06-13,hsju00,House Judiciary Committee,jY6liKk1-eU,https://www.youtube.com/watch?v=jY6liKk1-eU,Hearing on the Manhattan District Attorneys Office,1.0,event_id_exact,117426,
118,56209,"RADIO, MUSIC, AND COPYRIGHTS: 100 YEARS OF INEQUITY FOR RECORDING ARTISTS",2024-06-26,hsju00,House Judiciary Committee,a9gtG2OS9gE,https://www.youtube.com/watch?v=a9gtG2OS9gE,"Radio, Music, and Copyrights: 100 Years of Inequity for Recording Artists",1.0,event_id_exact,117457,
118,56175,FOLLOW THE SCIENCE?: OVERSIGHT OF THE BIDEN COVID-19 ADMINISTRATIVE STATE RESPONSE,2024-06-26,hsju00,House Judiciary Committee,07byJ8ZCAGc,https://www.youtube.com/watch?v=07byJ8ZCAGc,Follow the Science?: Oversight of the Biden Covid-19 Administrative State Response,1.0,event_id_exact,117456,
118,56300,HEARING ON THE WEAPONIZATION OF THE FEDERAL GOVERNMENT,2024-07-09,hsju00,House Judiciary Committee,qjGH0inHRVM,https://www.youtube.com/watch?v=qjGH0inHRVM,Hearing on the Weaponization of the Federal Government,1.0,event_id_exact,117501,
118,56299,COLLUSION IN THE GLOBAL ALLIANCE FOR RESPONSIBLE MEDIA,2024-07-10,hsju00,House Judiciary Committee,vmUfdnECOpA,https://www.youtube.com/watch?v=vmUfdnECOpA,Collusion in the Global Alliance for Responsible Media,0.95,exact_date_title,117518,
118,56426,OVERSIGHT OF THE FEDERAL BUREAU OF PRISONS,2024-07-23,hsju00,House Judiciary Committee,Spl6kbooiMU,https://www.youtube.com/watch?v=Spl6kbooiMU,Oversight of the Federal Bureau of Prisons,1.0,event_id_exact,117533,
118,56357,IP LITIGATION AND THE U.S. INTERNATIONAL TRADE COMMISSION,2024-07-23,hsju00,House Judiciary Committee,-v_XytncGgw,https://www.youtube.com/watch?v=-v_XytncGgw,IP Litigation and the U.S. International Trade Commission,1.0,event_id_exact,117532,
118,56425,OVERSIGHT OF THE FEDERAL BUREAU OF INVESTIGATION,2024-07-24,hsju00,House Judiciary Committee,cNZZYxDjvBA,https://www.youtube.com/watch?v=cNZZYxDjvBA,Oversight of the Federal Bureau of Investigation,1.0,event_id_exact,117545,
118,56700,THE BIDEN-HARRIS BORDER CRISIS: CALIFORNIA PERSPECTIVES,2024-09-06,hsju00,House Judiciary Committee,0iBcm8ikNlA,https://www.youtube.com/watch?v=0iBcm8ikNlA,The Biden-Harris Border Crisis: California Perspectives,1.0,event_id_exact,117607,
118,56704,THE BIDEN-HARRIS BORDER CRISIS: VICTIM PERSPECTIVES,2024-09-10,hsju00,House Judiciary Committee,0RbGn-hZHG8,https://www.youtube.com/watch?v=0RbGn-hZHG8,The Biden-Harris Border Crisis: Victim Perspectives,1.0,event_id_exact,117608,
118,56763,THE BIDEN-HARRIS BORDER CRISIS: NONCITIZEN VOTING,2024-09-10,hsju00,House Judiciary Committee,2ncGaxiK6Xo,https://www.youtube.com/watch?v=2ncGaxiK6Xo,The Biden-Harris Border Crisis: Noncitizen Voting,0.95,exact_date_title,117612,
118,56839,THE CONSEQUENCES OF SOFT-ON-CRIME POLICIES,2024-09-11,hsju00,House Judiciary Committee,iGR8W0IwZ1o,https://www.youtube.com/watch?v=iGR8W0IwZ1o,The Consequences of Soft-On-Crime Policies,0.95,exact_date_title,117634,
118,56838,THE ROLE OF PHARMACY BENEFIT MANAGERS,2024-09-11,hsju00,House Judiciary Committee,eAf6JrjHPwA,https://www.youtube.com/watch?v=eAf6JrjHPwA,The Role of Pharmacy Benefit Managers,0.95,exact_date_title,117633,
118,56819,OVERSIGHT OF HOMELAND SECURITY INVESTIGATIONS,2024-09-18,hsju00,House Judiciary Committee,IoawUMMZYAM,https://www.youtube.com/watch?v=IoawUMMZYAM,Oversight of Homeland Security Investigations,1.0,event_id_exact,117654,
118,56926,HEARING ON THE WEAPONIZATION OF THE FEDERAL GOVERNMENT,2024-09-25,hsju00,House Judiciary Committee,pscQIY_LHOY,https://www.youtube.com/watch?v=pscQIY_LHOY,Hearing on the Weaponization of the Federal Government,1.0,event_id_exact,117688,
118,57175,THE BIDEN HARRIS BORDER CRISIS: WISCONSIN PERSPECTIVES,2024-10-24,hsju00,House Judiciary Committee,9JsmZ90iEsA,https://www.youtube.com/watch?v=9JsmZ90iEsA,The Biden-Harris Border Crisis: Wisconsin Perspectives,1.0,event_id_exact,117709,
118,57463,OVERSIGHT OF THE DEPARTMENT OF HEALTH AND HUMAN SERVICES' OFFICE OF REFUGEE RESETTLEMENT,2024-11-20,hsju00,House Judiciary Committee,_p2WSEerNxk,https://www.youtube.com/watch?v=_p2WSEerNxk,Oversight of the Department of Health and Human Services’ Office of Refugee Resettlement,1.0,event_id_exact,117565,
118,57677,OVERSIGHT OF U.S. CITIZENSHIP AND IMMIGRATION SERVICES,2024-12-04,hsju00,House Judiciary Committee,RQMnBc158y0,https://www.youtube.com/watch?v=RQMnBc158y0,Oversight of U.S. Citizenship and Immigration Services,1.0,event_id_exact,117744,
118,57832,OVERSIGHT OF THE CRIMINAL JUSTICE INFORMATION SERVICES (CJIS) DIVISION,2024-12-17,hsju00,House Judiciary Committee,yKCOzSnii7I,https://www.youtube.com/watch?v=yKCOzSnii7I,Oversight of the Criminal Justice Information Services (CJIS) Division,1.0,event_id_exact,117762,
118,57831,"IP AND STRATEGIC COMPETITION WITH CHINA: PART IV_PATENTS, STANDARDS, AND LAWFARE",2024-12-18,hsju00,House Judiciary Committee,8BbIHegZ7SE,https://www.youtube.com/watch?v=8BbIHegZ7SE,"IP and Strategic Competition with China: Part IV – Patents, Standards, and Lawfare",1.0,event_id_exact,117764,
118,57830,REVISITING THE IMPLICATIONS OF THE FACE ACT: PART II,2024-12-18,hsju00,House Judiciary Committee,x4ofapjVZ9A,https://www.youtube.com/watch?v=x4ofapjVZ9A,Revisiting the Implications of the FACE Act: Part II,1.0,event_id_exact,117765,
118,60063,THE STATE OF TRANSPORTATION INFRASTRUCTURE AND SUPPLY CHAIN CHALLENGES,2023-02-01,hspw00,House Public Works Committee,7SfCz5ZuRss,https://www.youtube.com/watch?v=7SfCz5ZuRss,The State of Transportation Infrastructure and Supply Chain Challenges,0.95,exact_date_title,,
118,59791,FAA REAUTHORIZATION: ENHANCING AMERICA'S GOLD STANDARD IN AVIATION SAFETY,2023-02-07,hspw00,House Public Works Committee,4ZLvStu69rk,https://www.youtube.com/watch?v=4ZLvStu69rk,"Hearing on ""FAA Reauthorization: Maintaining America’s Gold Standard in Aviation Safety""",0.75,fuzzy_title_exact_date,,
118,51661,STAKEHOLDER PERSPECTIVES ON THE IMPACTS OF THE BIDEN ADMINISTRATION'S WATERS OF THE UNITED STATES (WOTUS) RULE,2023-02-08,hspw00,House Public Works Committee,11AkpK_v7PM,https://www.youtube.com/watch?v=11AkpK_v7PM,"Hearing on ""Stakeholder Perspectives on the Impacts of the Biden Administration’s WOTUS Rule""",0.75,fuzzy_title_exact_date,115291,
118,54072,PIPELINE SAFETY: REVIEWING IMPLEMENTATION OF THE PIPES ACT OF 2020 AND EXAMINING FUTURE SAFETY NEEDS,2023-03-08,hspw00,House Public Works Committee,B_20MN8vkzs,https://www.youtube.com/watch?v=B_20MN8vkzs,"Hearing on ""Pipeline Safety: Reviewing Implementation of the PIPES Act of 2020 and Examining Fut...""",0.81,fuzzy_title_exact_date,115415,
118,55549,FAA REAUTHORIZATION: SECURING THE FUTURE OF GENERAL AVIATION,2023-03-09,hspw00,House Public Works Committee,zPr00fMZVlY,https://www.youtube.com/watch?v=zPr00fMZVlY,"Hearing on ""FAA Reauthorization: Securing the Future of General Aviation""",0.95,exact_date_title,,
118,53162,"REVIEW OF FISCAL YEAR 2024 BUDGET REQUEST FOR FEDERAL MARITIME TRANSPORTATION PROGRAMS, AND IMPLEMENTATION OF THE OCEAN SHIPPING REFORM ACT OF 2022",2023-03-23,hspw00,House Public Works Committee,z0_UepoSNNo,https://www.youtube.com/watch?v=z0_UepoSNNo,"Hearing on ""Review of Fiscal Year 2024 Budget Request for Federal Maritime Transportation Progra...""",0.85,substring_nearby_date,115523,
118,52648,FAA REAUTHORIZATION: NAVIGATING THE COMPREHENSIVE PASSENGER EXPERIENCE,2023-03-23,hspw00,House Public Works Committee,hza4ARo0w74,https://www.youtube.com/watch?v=hza4ARo0w74,"Hearing on ""FAA Reauthorization: Navigating the Comprehensive Passenger Experience""",0.95,exact_date_title,115520,
118,52631,REVIEWING THE IMPLEMENTATION OF THE INFRASTRUCTURE INVESTMENT AND JOBS ACT,2023-03-28,hspw00,House Public Works Committee,Zj5C4rnlA-U,https://www.youtube.com/watch?v=Zj5C4rnlA-U,"Hearing on ""Reviewing the Implementation of the Infrastructure Investment and Jobs Act""",0.95,exact_date_title,115557,
118,54882,MARITIME TRANSPORTATION SUPPLY CHAIN ISSUES,2023-03-28,hspw00,House Public Works Committee,ZHtIVdiFsH4,https://www.youtube.com/watch?v=ZHtIVdiFsH4,"Hearing on ""Maritime Transportation Supply Chain Issues""",0.95,exact_date_title,115559,
118,53305,FAA REAUTHORIZATION: HARNESSING THE EVOLUTION OF FLIGHT TO DELIVER FOR THE AMERICAN PEOPLE,2023-03-30,hspw00,House Public Works Committee,Db-HhpJegkY,https://www.youtube.com/watch?v=Db-HhpJegkY,"Hearing on ""FAA Reauthorization: Harnessing the Evolution of Flight to Deliver for the American...""",0.86,fuzzy_title_exact_date,115612,
118,52632,COMMITTEE ON TRANSPORTATION AND INFRASTRUCTURE MEMBER DAY,2023-04-18,hspw00,House Public Works Committee,9sg-f0qGZHg,https://www.youtube.com/watch?v=9sg-f0qGZHg,Committee on Transportation and Infrastructure Member Day,0.95,exact_date_title,115682,
118,58897,REVIEW OF FISCAL YEAR 2024 BUDGET REQUEST FOR THE COAST GUARD,2023-04-18,hspw00,House Public Works Committee,w357SjP_jJU,https://www.youtube.com/watch?v=w357SjP_jJU,"Hearing on ""Review of Fiscal Year 2024 Budget Request for the Coast Guard”",0.95,exact_date_title,,
118,56502,FAA REAUTHORIZATION: EXAMINING THE CURRENT AND FUTURE CHALLENGES FACING THE AEROSPACE WORKFORCE,2023-04-19,hspw00,House Public Works Committee,p5DPXGterrA,https://www.youtube.com/watch?v=p5DPXGterrA,"Hearing on ""FAA Reauthorization: Examining the Current and Future Challenges Facing the Aerospac...""",0.84,fuzzy_title_exact_date,,
118,55550,FREIGHT FORWARD: OVERCOMING SUPPLY CHAIN CHALLENGES TO DELIVER FOR AMERICA,2023-05-10,hspw00,House Public Works Committee,XNoMVqy4ouA,https://www.youtube.com/watch?v=XNoMVqy4ouA,"Hearing on ""“Freight Forward: Overcoming Supply Chain Challenges to Deliver for America”",0.95,exact_date_title,,
118,53227,ASSESSING THE SHORTAGE OF UNITED STATES MARINERS AND RECRUITMENT AND RETENTION IN THE UNITED STATES COAST GUARD,2023-05-11,hspw00,House Public Works Committee,V3QfGgh7yL0,https://www.youtube.com/watch?v=V3QfGgh7yL0,"Hearing on “Assessing the Shortage of United States Mariners and Recruitment and Retention in th...""",0.76,fuzzy_title_exact_date,115823,
118,52653,GETTING BACK ON TRACK: EXPLORING RAIL SUPPLY CHAIN RESILIENCE AND CHALLENGES,2023-05-11,hspw00,House Public Works Committee,sQc4FuBFZOc,https://www.youtube.com/watch?v=sQc4FuBFZOc,"Hearing on ""Getting Back on Track: Exploring Rail Supply Chain Resilience and Challenges""",0.95,exact_date_title,115825,
118,56144,THE NEXT FIFTY YEARS OF THE CLEAN WATER ACT: EXAMINING THE LAW AND INFRASTRUCTURE PROJECT COMPLETION,2023-05-16,hspw00,House Public Works Committee,N98JZM5NyO8,https://www.youtube.com/watch?v=N98JZM5NyO8,"Subcommittee Hearing on “The Next Fifty Years of the Clean Water Act: Examining the Law and Infr...""",0.74,fuzzy_title_exact_date,,
118,53614,THE IMPACTS OF FEMA'S STRATEGIC PLAN ON DISASTER PREPAREDNESS AND RESPONSE,2023-05-17,hspw00,House Public Works Committee,71T-zbgW5YU,https://www.youtube.com/watch?v=71T-zbgW5YU,Hearing on “The Impacts of FEMA’s Strategic Plan on Disaster Preparedness and Response”,0.95,exact_date_title,,
118,52652,NEVER-ENDING EMERGENCIES--AN EXAMINATION OF THE NATIONAL EMERGENCIES ACT,2023-05-24,hspw00,House Public Works Committee,KIQOtha9umo,https://www.youtube.com/watch?v=KIQOtha9umo,"Subcommittee Hearing on ""Never Ending Emergencies – An Examination of the National Emergencies Act”",0.88,fuzzy_title_exact_date,115858,
118,52969,AMTRAK OPERATIONS: EXAMINING THE CHALLENGES AND OPPORTUNITIES FOR IMPROVING EFFICIENCY AND SERVICE,2023-06-06,hspw00,House Public Works Committee,hOUolr9-mb0,https://www.youtube.com/watch?v=hOUolr9-mb0,"Subcommittee Hearing on “Amtrak Operations: Examining the Challenges and Opportunities for Impro...""",0.74,fuzzy_title_exact_date,115859,
118,52867,REVIEW OF THE NATIONAL ACADEMY OF SCIENCES REPORT ``THE COAST GUARD'S NEXT DECADE: AN ASSESSMENT OF EMERGING CHALLENGES AND STATUTORY NEEDS'',2023-06-21,hspw00,House Public Works Committee,,,,0.0,no_match,115933,
118,60154,REVIEW OF FISCAL YEAR 2024 BUDGET REQUEST: AGENCY PERSPECTIVES (PART 1),2023-06-22,hspw00,House Public Works Committee,1U1wwW9rmpw,https://www.youtube.com/watch?v=1U1wwW9rmpw,Subcommittee Hearing on “Review of Fiscal Year 2024 Budget Request: Agency Perspectives (Part I)”,0.85,fuzzy_title_exact_date,,
118,57438,REVIEW OF FISCAL YEAR 2024 BUDGET REQUEST: AGENCY PERSPECTIVES (PART 2),2023-07-13,hspw00,House Public Works Committee,B4KSpwZ3_o8,https://www.youtube.com/watch?v=B4KSpwZ3_o8,“Review of Fiscal Year 2024 Budget Request: Agency Perspectives (Part II)”,0.86,fuzzy_title_exact_date,,
118,53338,WHEN THE LIGHTS ARE ON BUT NO ONE'S HOME: AN EXAMINATION OF FEDERAL OFFICE SPACE UTILIZATION,2023-07-13,hspw00,House Public Works Committee,poNHPuFDRWM,https://www.youtube.com/watch?v=poNHPuFDRWM,"Subcommittee Hearing on “When the Lights Are On But No One’s Home: An Examination of Federal...""",0.75,fuzzy_title_exact_date,116087,
118,53883,"REVIEW OF THE RECAPITALIZATION OF THE UNITED STATES COAST GUARD SURFACE, AIR, IT, AND SHORESIDE ASSETS",2023-07-27,hspw00,House Public Works Committee,lAN2WsIScwo,https://www.youtube.com/watch?v=lAN2WsIScwo,"Subcommittee Hearing on “Review of the Recapitalization of the United States Coast Guard Surface...""",0.72,fuzzy_title_exact_date,116222,
118,53915,"The Future of Automated Commercial Motor Vehicles: Impacts on Society, the Supply Chain, and U.S. Economic Leadership",2023-09-13,hspw00,House Public Works Committee,,,,0.0,no_match,116314,
118,54986,"FEMA: THE CURRENT STATE OF DISASTER READINESS, RESPONSE, AND RECOVERY",2023-09-19,hspw00,House Public Works Committee,7bI2iu1WtQM,https://www.youtube.com/watch?v=7bI2iu1WtQM,"Hearing on “FEMA: The Current State of Disaster Readiness, Response, and Recovery”",0.95,exact_date_title,,
118,54409,USE AND REGULATION OF AUTONOMOUS AND EXPERIMENTAL MARITIME TECHNOLOGIES,2023-09-19,hspw00,House Public Works Committee,ukFsWHP63Co,https://www.youtube.com/watch?v=ukFsWHP63Co,Hearing on “Use and Regulation of Autonomous and Experimental Maritime Technologies”,1.0,event_id_exact,116313,
118,56516,OVERSIGHT OF THE DEPARTMENT OF TRANSPORTATION'S POLICIES AND PROGRAMS,2023-09-20,hspw00,House Public Works Committee,_KNTht6pK7w,https://www.youtube.com/watch?v=_KNTht6pK7w,"""Full Committee Hearing on ""Oversight of the Department of Transportation’s Policies and Programs”",0.74,fuzzy_title_exact_date,,
118,54211,CLEAN WATER INFRASTRUCTURE FINANCING: STATE AND LOCAL PERSPECTIVES AND RECENT DEVELOPMENTS,2023-09-28,hspw00,House Public Works Committee,PaVvZoGfnwM,https://www.youtube.com/watch?v=PaVvZoGfnwM,"Subcommittee Hearing on “Clean Water Infrastructure Financing: State and Local Perspectives and...""",0.76,fuzzy_title_exact_date,116310,
118,54330,RUNNING ON EMPTY: THE HIGHWAY TRUST FUND,2023-10-18,hspw00,House Public Works Committee,KVDlpndYcvE,https://www.youtube.com/watch?v=KVDlpndYcvE,"Subcommittee Hearing on ""“Running on Empty: The Highway Trust Fund”",0.86,fuzzy_title_exact_date,116425,
118,56927,REGIONAL COMMISSIONS: A REVIEW OF FEDERAL ECONOMIC DEVELOPMENT PROGRAM EFFECTIVENESS,2023-10-19,hspw00,House Public Works Committee,yqfoTOBCUaw,https://www.youtube.com/watch?v=yqfoTOBCUaw,"Subcommittee Hearing on “Regional Commissions: A Review of Federal Economic Development Program...""",0.79,fuzzy_title_exact_date,,
118,55982,"Guardians of the Sea: Examining Coast Guard Efforts in Drug Enforcement, Illegal Migration, and IUU Fishing",2023-11-14,hspw00,House Public Works Committee,qBIS5gi36DA,https://www.youtube.com/watch?v=qBIS5gi36DA,"Subcommittee Hearing on “Guardians of the Sea: Examining Coast Guard Efforts in Drug Enforcement...""",0.7,fuzzy_title_exact_date,,
118,57026,GETTING ON THE RIGHT TRACK: NAVIGATING THE FUTURE OF INTERCITY PASSENGER RAIL IN AMERICA,2023-11-29,hspw00,House Public Works Committee,q9o-1x2qrEM,https://www.youtube.com/watch?v=q9o-1x2qrEM,"Subcommittee Hearing on ""“Getting on the Right Track: Navigating the Future of Intercity Passeng...""",0.77,fuzzy_title_exact_date,,
118,54742,TURBULENCE AHEAD: CONSEQUENCES OF DELAYING A LONG-TERM FAA BILL,2023-11-30,hspw00,House Public Works Committee,ywCmQISoZkU,https://www.youtube.com/watch?v=ywCmQISoZkU,Subcommittee Hearing on “Turbulence Ahead: Consequences of Delaying a Long-Term FAA Bill”,0.88,fuzzy_title_exact_date,116583,
118,59459,WATER RESOURCES DEVELOPMENT ACTS: STATUS OF PAST PROVISIONS AND FUTURE NEEDS,2023-12-05,hspw00,House Public Works Committee,ODv825Qm7oQ,https://www.youtube.com/watch?v=ODv825Qm7oQ,"Subcommittee Hearing on “Water Resources Development Acts: Status of Past Provisions and Future...""",0.84,fuzzy_title_exact_date,,
118,55355,ENSURING TRANSPARENCY IN THE FEDERAL GOVERNMENT: AN EXAMINATION OF GSA'S SITE SELECTION FOR THE FBI HEADQUARTERS,2023-12-12,hspw00,House Public Works Committee,,,,0.0,no_match,,
118,57119,GUARDIANS OF THE SEA: NATIONAL SECURITY MISSIONS OF THE UNITED STATES COAST GUARD,2023-12-12,hspw00,House Public Works Committee,_lOipTPf0MY,https://www.youtube.com/watch?v=_lOipTPf0MY,"Subcommittee Hearing on “Guardians of the Sea: National Security Missions of the United States...""",0.8,fuzzy_title_exact_date,,
118,55390,[ERRATA] PROPOSALS FOR A WATER RESOURCES DEVELOPMENT ACT OF 2024: STAKEHOLDER PRIORITIES,2023-12-13,hspw00,House Public Works Committee,,,,0.0,no_match_deduped,,
118,56093,OVERSIGHT OF THE INFRASTRUCTURE INVESTMENT AND JOBS ACT: MODAL PERSPECTIVES,2023-12-13,hspw00,House Public Works Committee,5Bu_5Nky7-g,https://www.youtube.com/watch?v=5Bu_5Nky7-g,"Subcommittee Hearing on ""Oversight of the Infrastructure Investment and Jobs Act: Modal...""",0.78,fuzzy_title_exact_date,,
118,55011,PROPOSALS FOR A WATER RESOURCES DEVELOPMENT ACT OF 2024: STAKEHOLDER PRIORITIES,2023-12-13,hspw00,House Public Works Committee,4JQqP6e0_Z0,https://www.youtube.com/watch?v=4JQqP6e0_Z0,"Subcommittee Hearing on “Proposals for a Water Resources Development Act of 2024: Stakeholder...""",0.83,fuzzy_title_exact_date,,
118,55391,[ERRATA] PROPOSALS FOR A WATER RESOURCES DEVELOPMENT ACT OF 2024: MEMBERS' DAY HEARING,2024-01-11,hspw00,House Public Works Committee,,,,0.0,no_match_deduped,,
118,55094,PROPOSALS FOR A WATER RESOURCES DEVELOPMENT ACT OF 2024: MEMBERS' DAY HEARING,2024-01-11,hspw00,House Public Works Committee,urslnqoL8h4,https://www.youtube.com/watch?v=urslnqoL8h4,"Subcommittee Hearing on ""Proposals for a Water Resources Development Act of 2024: Members’ Day...""",0.82,fuzzy_title_exact_date,,
118,56988,THE STATE OF TRANSPORTATION,2024-01-17,hspw00,House Public Works Committee,cpixDAe0NPA,https://www.youtube.com/watch?v=cpixDAe0NPA,Subcommittee Hearing on “The State of Transportation”,0.85,fuzzy_title_exact_date,,
118,57075,OVERSIGHT AND EXAMINATION OF RAILROAD GRADE CROSSING ELIMINATION AND SAFETY,2024-01-18,hspw00,House Public Works Committee,r75zqqyN1d0,https://www.youtube.com/watch?v=r75zqqyN1d0,"Subcommittee Hearing on “Oversight and Examination of Railroad Grade Crossing Elimination and...""",0.83,fuzzy_title_exact_date,,
118,55435,MENACE ON THE RED SEA: SECURING SHIPPING AGAINST THREATS IN THE RED SEA,2024-01-30,hspw00,House Public Works Committee,44iMM75Nxk4,https://www.youtube.com/watch?v=44iMM75Nxk4,Subcommittee Hearing on “Menace on the Red Sea: Securing Shipping Against Threats in the Red Sea”,0.88,fuzzy_title_exact_date,,
118,56928,THE STATE OF AMERICAN AVIATION AND THE FEDERAL AVIATION ADMINISTRATION,2024-02-06,hspw00,House Public Works Committee,vjUgcgTMkEQ,https://www.youtube.com/watch?v=vjUgcgTMkEQ,Subcommittee Hearing on “The State of American Aviation and the Federal Aviation Administration”,0.88,fuzzy_title_exact_date,,
118,58808,IMPLEMENTATION OF BUY AMERICA PROVISIONS: STAKEHOLDER PERSPECTIVES,2024-02-15,hspw00,House Public Works Committee,4MoDRbXUQSY,https://www.youtube.com/watch?v=4MoDRbXUQSY,Subcommittee Hearing on “Implementation of Buy America Provisions: Stakeholder Perspectives”,0.88,fuzzy_title_exact_date,,
118,55660,IMPLEMENTATION OF THE RECOMMENDATIONS OF THE ACCOUNTABILITY AND TRANSPARENCY REVIEW AND EFFORTS TO EASE COAST GUARD MANPOWER SHORTAGES,2024-03-06,hspw00,House Public Works Committee,,,,0.0,no_match,,
118,55866,DEPARTMENT OF TRANSPORTATION DISCRETIONARY GRANTS: STAKEHOLDER PERSPECTIVES,2024-03-07,hspw00,House Public Works Committee,QI_18zLQvns,https://www.youtube.com/watch?v=QI_18zLQvns,"Full Committee Hearing on “Department of Transportation Discretionary Grants: Stakeholder...""",0.8,fuzzy_title_exact_date,,
118,56540,DISASTER READINESS: EXAMINING THE PROPRIETY OF THE EXPANDED USE OF FEMA RESOURCES,2024-03-12,hspw00,House Public Works Committee,hOQP2hUvOOA,https://www.youtube.com/watch?v=hOQP2hUvOOA,"Subcommittee Hearing on “Disaster Readiness: Examining the Propriety of the Expanded Use of FEMA...""",0.82,fuzzy_title_exact_date,,
118,56115,RURAL TRANSPORTATION CHALLENGES: STAKEHOLDER PERSPECTIVES,2024-03-21,hspw00,House Public Works Committee,ks4o165APAg,https://www.youtube.com/watch?v=ks4o165APAg,Subcommittee Hearing on “Rural Transportation Challenges: Stakeholder Perspectives”,0.87,fuzzy_title_exact_date,,
118,57417,"PORT SAFETY, SECURITY, AND INFRASTRUCTURE INVESTMENT",2024-04-05,hspw00,House Public Works Committee,xFaGEiyLh-0,https://www.youtube.com/watch?v=xFaGEiyLh-0,"Subcommittee Field Hearing on “Port Safety, Security, and Infrastructure Investment”",0.85,substring_nearby_date,,
118,59352,FROM HEADQUARTERS BUILDING TO FIELD OFFICES: EXAMINING THE FBI'S REAL ES- TATE NEEDS AND STRATEGY,2024-04-10,hspw00,House Public Works Committee,X598hy-J7Ts,https://www.youtube.com/watch?v=X598hy-J7Ts,"Subcommittee Hearing on ""From Headquarters Building to Field Offices: Examining the FBI’s Real...""",0.72,fuzzy_title_exact_date,,
118,57118,GETTING TO WORK: EXAMINING CHALLENGES AND SOLUTIONS IN THE COMMUTER RAIL INDUSTRY,2024-04-17,hspw00,House Public Works Committee,n_HoUGUjbWg,https://www.youtube.com/watch?v=n_HoUGUjbWg,"Subcommittee Hearing on “Getting to Work: Examining Challenges and Solutions in the Commuter...""",0.81,fuzzy_title_exact_date,,
118,56487,IT'S ELECTRIC: A REVIEW OF FLEET ELECTRIFICATION EFFORTS,2024-04-30,hspw00,House Public Works Committee,_MLFwUR3UkE,https://www.youtube.com/watch?v=_MLFwUR3UkE,Subcommittee Hearing on “It’s Electric: A Review of Fleet Electrification Efforts”,0.87,fuzzy_title_exact_date,,
118,56506,"REVIEW OF FISCAL YEAR 2025 MARITIME TRANSPORTATION BUDGET REQUESTS, PT. 1: MARITIME ADMINISTRATION AND FEDERAL MARITIME COMMISSION",2024-04-30,hspw00,House Public Works Committee,,,,0.0,no_match,,
118,57439,DISASTER MITIGATION: REVIEWING THE EFFECTIVENESS AND COSTS OF FEMA'S RESILIENCE PROGRAMS,2024-05-01,hspw00,House Public Works Committee,zmt_nlQTWMA,https://www.youtube.com/watch?v=zmt_nlQTWMA,"Subcommittee Hearing on “Disaster Mitigation: Reviewing the Effectiveness and Costs of FEMA’s...""",0.79,fuzzy_title_exact_date,,
118,56572,ENSURING SAFETY AND RELIABILITY: EXAMINING THE REAUTHORIZATION NEEDS OF THE PIPELINE AND HAZARDOUS MATERIALS SAFETY ADMINISTRATION,2024-05-07,hspw00,House Public Works Committee,,,,0.0,no_match,116937,
118,59460,REVIEWING AND EXAMINING THE FRANCIS SCOTT KEY BRIDGE FEDERAL RESPONSE,2024-05-15,hspw00,House Public Works Committee,,,,0.0,no_match,,
118,56929,"REVIEW OF FISCAL YEAR 2025 MARITIME TRANSPORTATION BUDGET REQUESTS, PT. 2: THE COAST GUARD",2024-05-23,hspw00,House Public Works Committee,Twu2neWW9PM,https://www.youtube.com/watch?v=Twu2neWW9PM,"Subcommittee Hearing on “Review of Fiscal Year 2025 Maritime Transportation Budget Requests, Pt...”",0.77,fuzzy_title_exact_date,,
118,56930,"AMTRAK AND INTERCITY PASSENGER RAIL OVERSIGHT: PROMOTING PERFORMANCE, SAFETY, AND ACCOUNTABILITY",2024-06-12,hspw00,House Public Works Committee,NQgaiwohMVs,https://www.youtube.com/watch?v=NQgaiwohMVs,"Subcommittee Hearing on “Amtrak and Intercity Passenger Rail Oversight: Promoting Performance...""",0.72,fuzzy_title_exact_date,,
118,57027,REVIEW OF THE RECAPITALIZATION OF THE UNITED STATES COAST GUARD,2024-06-12,hspw00,House Public Works Committee,p986rdhwKM4,https://www.youtube.com/watch?v=p986rdhwKM4,Subcommittee Hearing on “Recapitalization of the United States Coast Guard”,0.79,fuzzy_title_exact_date,,
118,58380,"REVENUE, RIDERSHIP, AND POST-PANDEMIC LESSONS IN PUBLIC TRANSIT",2024-06-13,hspw00,House Public Works Committee,7npbaVk58uw,https://www.youtube.com/watch?v=7npbaVk58uw,"Subcommittee Hearing on ""Revenue, Ridership, and Post-Pandemic Lessons in Public Transit”",0.88,fuzzy_title_exact_date,,
118,58381,OVERSIGHT OF THE DEPARTMENT OF TRANSPORTATION'S POLICIES AND PROGRAMS AND FISCAL YEAR 2025 BUDGET REQUEST,2024-06-27,hspw00,House Public Works Committee,,,,0.0,no_match,,
118,57190,AN EXAMINATION OF THE CALIFORNIA AIR RESOURCES BOARD'S (CARB) IN-USE LOCOMOTIVE REGULATION,2024-07-09,hspw00,House Public Works Committee,GTTcCBS6EJY,https://www.youtube.com/watch?v=GTTcCBS6EJY,"Subcommittee Hearing on “An Examination of the California Air Resources Board’s (CARB) In Use...""",0.78,fuzzy_title_exact_date,,
118,57418,"ELIMINATING BOTTLENECKS: EXAMINING OPPORTUNITIES TO RECRUIT, RETAIN, AND ENGAGE AVIATION TALENT",2024-07-10,hspw00,House Public Works Committee,oXU59ulhGe4,https://www.youtube.com/watch?v=oXU59ulhGe4,"Subcommittee Hearing on “Eliminating Bottlenecks: Examining Opportunities to Recruit, Retain...""",0.71,fuzzy_title_exact_date,,
118,57589,EXAMINING THE EFFECTIVENESS OF THE FEDERAL PROTECTIVE SERVICE: ARE FEDERAL BUILDINGS SECURE?,2024-07-23,hspw00,House Public Works Committee,nWk1ftBf1ew,https://www.youtube.com/watch?v=nWk1ftBf1ew,"Subcommittee Hearing on “Examining the Effectiveness of the Federal Protective Service: Are...""",0.74,fuzzy_title_exact_date,,
118,57570,"EXAMINING THE STATE OF RAIL SAFETY IN THE AFTERMATH OF THE DERAILMENT IN EAST PALESTINE, OHIO",2024-07-23,hspw00,House Public Works Committee,K6rRP8PKZn4,https://www.youtube.com/watch?v=K6rRP8PKZn4,"Subcommittee Hearing on “Examining the State of Rail Safety in the Aftermath of the Derailment...""",0.78,fuzzy_title_exact_date,,
118,58690,EXAMINING THE DEPARTMENT OF TRANSPORTATION'S REGULATORY AND ADMINISTRATIVE AGENDA,2024-07-24,hspw00,House Public Works Committee,2IjzNy4ZhmM,https://www.youtube.com/watch?v=2IjzNy4ZhmM,"Subcommittee Hearing on “Examining the Department of Transportation’s Regulatory and...""",0.73,fuzzy_title_exact_date,,
118,58131,WATERS OF THE UNITED STATES IMPLEMENTATION POST-SACKETT DECISION: EXPERIENCES AND PERSPECTIVES,2024-09-11,hspw00,House Public Works Committee,66NLsYWurVQ,https://www.youtube.com/watch?v=66NLsYWurVQ,"Subcommittee Hearing on ""Waters of the United States Implementation Post-Sackett Decision...""",0.71,fuzzy_title_exact_date,,
118,58809,IMPLEMENTATION OF BOEING'S COMPREHENSIVE ACTION PLAN,2024-09-24,hspw00,House Public Works Committee,B-78vUzNs1k,https://www.youtube.com/watch?v=B-78vUzNs1k,Subcommittee Hearing on “Implementation of Boeing’s Comprehensive Action Plan”,0.87,fuzzy_title_exact_date,,
118,58132,ALWAYS READY: A DAY IN THE LIFE OF A U.S. COAST GUARD SENTINEL,2024-09-25,hspw00,House Public Works Committee,-rCzXscSnzg,https://www.youtube.com/watch?v=-rCzXscSnzg,Subcommittee Hearing on “Always Ready: A Day in the Life of a U.S. Coast Guard Sentinel”,0.88,fuzzy_title_exact_date,,
118,58133,EXAMINING THE ROLE AND EFFECTIVENESS OF BUILDING CODES IN MITIGATING AGAINST DISASTERS,2024-09-25,hspw00,House Public Works Committee,kbhbob2d5kA,https://www.youtube.com/watch?v=kbhbob2d5kA,"Subcommittee Hearing on “Examining the Role and Effectiveness of Building Codes in Mitigating...""",0.77,fuzzy_title_exact_date,,
118,58691,SNOWED IN: UNITED STATES DISINVESTMENT IN THE ARCTIC,2024-11-14,hspw00,House Public Works Committee,231BFnWKfoQ,https://www.youtube.com/watch?v=231BFnWKfoQ,Subcommittee Hearing on “Snowed In: United States Disinvestment in the Arctic”,0.87,fuzzy_title_exact_date,,
118,58949,IN THE EYE OF THE STORM: OVERSIGHT OF FEMA'S DISASTER READINESS AND RESPONSE,2024-11-19,hspw00,House Public Works Committee,Hy1w4AYQIiA,https://www.youtube.com/watch?v=Hy1w4AYQIiA,Subcommittee Hearing on “In the Eye of the Storm: Oversight of FEMA’s Disaster Readiness and...”,0.82,fuzzy_title_exact_date,,
118,58898,FAA REAUTHORIZATION ACT OF 2024: STAKEHOLDER PERSPECTIVES ON IMPLEMENTATION,2024-12-11,hspw00,House Public Works Committee,AyjfdZ6R-Uc,https://www.youtube.com/watch?v=AyjfdZ6R-Uc,Subcommittee Hearing on “FAA Reauthorization Act of 2024: Stakeholder Perspectives on...”,0.78,fuzzy_title_exact_date,,
118,57053,MEMBER DAY HEARING ON PROPOSED RULES CHANGES FOR THE 119TH CONGRESS,2024-09-19,hsru00,House Rules Committee,,,,0.0,no_match,,
118,58231,JOURNAL AND HISTORY OF LEGISLATION,2025-01-03,hsru00,House Rules Committee,,,,0.0,no_match,,
118,51184,ORGANIZATIONAL MEETING,2023-02-08,hssm00,House Small Business (Select) Committee,,,,0.0,no_match,115305,
118,51409,MARKUP OF COMMITTEE'S BUDGET VIEWS AND ESTIMATES,2023-02-28,hssm00,House Small Business (Select) Committee,,,,0.0,no_match,115354,
118,51185,FROM NOTHING TO SOMETHING: THE STORY OF THE AMERICAN DREAM,2023-02-28,hssm00,House Small Business (Select) Committee,,,,0.0,no_match,115345,
118,51287,SMALL BUSINESS PERSPECTIVES ON THE IMPACTS OF THE BIDEN ADMINISTRATION'S WATERS OF THE UNITED STATES (WOTUS) RULE,2023-03-08,hssm00,House Small Business (Select) Committee,,,,0.0,no_match,115400,
118,51442,OVERSIGHT OF THE SMALL BUSINESS ADMINISTRATION,2023-03-23,hssm00,House Small Business (Select) Committee,,,,0.0,no_match,115481,
118,51443,THE END OF RELATIONSHIP BANKING? EXAMINING THE CFPB'S `SMALL BUSINESS LENDING DATA COLLECTION' RULE,2023-03-28,hssm00,House Small Business (Select) Committee,,,,0.0,no_match,115483,
118,51444,HIGHLIGHTING THE ROLE OF SMALL BUSINESS IN DOMESTIC ENERGY PRODUCTION,2023-03-29,hssm00,House Small Business (Select) Committee,,,,0.0,no_match,115484,
118,51814,PAYING THEIR FAIR SHARE: HOW TAX HIKES CRUSH THE COMPETITIVENESS OF SMALL BUSINESSES,2023-04-18,hssm00,House Small Business (Select) Committee,,,,0.0,no_match,115653,
118,51813,OFFICE OF INSPECTOR GENERAL REPORTS TO CONGRESS ON INVESTIGATIONS OF SBA PROGRAMS,2023-04-19,hssm00,House Small Business (Select) Committee,,,,0.0,no_match,115644,
118,51877,HELP WANTED: EXPLORING HOW ALTERNATIVE PATHS TO STUDENT DEBT CAN HELP TO STRENGTHEN SMALL BUSINESS,2023-04-26,hssm00,House Small Business (Select) Committee,,,,0.0,no_match,115809,
118,52168,TAKING ON MORE RISK: EXAMINING THE SBA'S CHANGES TO THE 7(A) LENDING PROGRAM PART I,2023-05-10,hssm00,House Small Business (Select) Committee,,,,0.0,no_match,115882,
118,52169,LEVELING THE PLAYING FIELD: THE STATE OF SMALL BUSINESS CONTRACTING,2023-05-11,hssm00,House Small Business (Select) Committee,,,,0.0,no_match,115895,
118,52170,TAKING ON MORE RISK: EXAMINING THE SBA'S CHANGES TO THE 7(A) LENDING PROGRAM PART II,2023-05-17,hssm00,House Small Business (Select) Committee,,,,0.0,no_match,115925,
118,52326,"MARKUP OF: H.R 1644, ""7(A) LOAN AGENT OVERSIGHT ACT"", H.R. 1651, ""THE SMALL BUSINESS 7(A) LOAN AGENT TRANSPARENCY ACT"", H.R 1541, ""SMALL BUSINESS WORKFORCE PIPELINE ACT OF 2023"", H.R 1730, ""SUPPORTING SMALL BUSINESSES AND CAREER AND TECHNICAL EDUCATION ACT OF 2023"", H.R 1606, ""VETERAN ENTREPRENEURSHIP TRAINING ACT OF 2023"", H.R 3511, ""SERVICE-DISABLED VETERAN OPPORTUNITIES IN SMALL BUSINESS ACT""",2023-05-23,hssm00,House Small Business (Select) Committee,,,,0.0,no_match,116019,
118,52171,SALUTING SERVICE: SUPPORTING VETERAN-OWNED SMALL BUSINESSES,2023-05-24,hssm00,House Small Business (Select) Committee,,,,0.0,no_match,115926,
118,52422,AMERICAN INGENUITY: PROMOTING INNOVATION THROUGH THE TAX CODE,2023-06-06,hssm00,House Small Business (Select) Committee,,,,0.0,no_match,116060,
118,52423,PRICES ON THE RISE: EXAMINING THE EFFECTS OF INFLATION ON SMALL BUSINESSES,2023-06-07,hssm00,House Small Business (Select) Committee,,,,0.0,no_match,116061,
118,52424,ASSISTING ENTREPRENEURS: EXAMINING PRIVATE AND PUBLIC RESOURCES HELPING SMALL BUSINESSES,2023-06-13,hssm00,House Small Business (Select) Committee,,,,0.0,no_match,116062,
118,52558,REVIEWING THE SBA'S OFFICE OF ADVOCACY REPORT ON THE REGULATORY FLEXIBILITY ACT,2023-06-22,hssm00,House Small Business (Select) Committee,,,,0.0,no_match,116063,
118,52559,PANDEMIC FRAUD ACCOUNTABILITY: REVIEWING THE SBA INSPECTOR GENERAL'S COVID-19 FRAUD REPORT,2023-07-13,hssm00,House Small Business (Select) Committee,,,,0.0,no_match,116162,
118,55468,"MARKUP OF: H.R. 4666, A BILL TO REQUIRE THE SBA OIG TO SUBMIT QUARTERLY REPORTS ON PPP/EIDL FRAUD; H.R. 4667, THE RECLAIM TAXPAYER FUNDS ACT; H.R. 4480, THE SERV ACT; H.R. 4670, THE SMALL BUSINESS CONTRACTING TRANSPARENCY ACT OF 2023; H.R. 4668, POST IT ACT; H.R. 4669, DOE AND SBA RESEARCH ACT; H.R. 4671, THE CORRECTIVE ACTION REPORT OVERSIGHT AND ACCOUNTABILITY ACT; H.R. 3995, THE SMALL BUSINESS REGULATORY REDUCTION ACT",2023-07-18,hssm00,House Small Business (Select) Committee,,,,0.0,no_match,116263,
118,52560,BURDENSOME RED TAPE: OVERREGULATION IN HEALTH CARE AND THE IMPACT ON SMALL BUSINESSES,2023-07-19,hssm00,House Small Business (Select) Committee,,,,0.0,no_match,116166,
118,52686,RURAL ENTREPRENEURSHIP: EXAMINING THE CHALLENGES AND STATE OF RURAL SMALL BUSINESSES,2023-07-26,hssm00,House Small Business (Select) Committee,,,,0.0,no_match,116163,
118,53364,ENABLING SUCCESS: EXAMINING THE COMPETITIVE LANDSCAPE FOR SMALL BUSINESSES,2023-09-13,hssm00,House Small Business (Select) Committee,,,,0.0,no_match,116345,
118,54534,"MARKUP OF: H.R. 5424, THE MAIN STREET COMPETES ACT (TO AMEND THE SMALL BUSINESS ECONOMIC POLICY ACT OF 1980 TO EXAMINE HOW THE COMPETITIVENESS OF SMALL BUSINESSES IS AFFECTED BY THE ENFORCEMENT OF FEDERAL ANTITRUST LAWS, AND FOR OTHER PURPOSES); H.R. 5265, THE SMALL BUSINESS ADMINISTRATION RURAL PERFORMANCE ACT; H.R. 5425, TO AMEND THE SMALL BUSINESS ACT TO ENHANCE THE OFFICE OF RURAL AFFAIRS, AND FOR OTHER PURPOSES; H.R. 5426, TO REQUIRE THE ADMINISTRATOR OF THE SMALL BUSINESS ADMINISTRATION TO PROVIDE A LINK TO RESOURCES FOR SUBMITTING REPORTS ON SUSPECTED FRAUD RELATING TO CERTAIN COVID-19 LOANS; H.R. 5427, TO PROHIBIT INDIVIDUALS CONVICTED OF DEFRAUDING THE GOVERNMENT FROM RECEIVING ANY ASSISTANCE FROM THE SMALL BUSINESS ADMINISTRATION, AND FOR OTHER PURPOSES",2023-09-14,hssm00,House Small Business (Select) Committee,,,,0.0,no_match,116366,
118,53333,ATHLETES AND INNOVATORS: ANALYZING NIL'S IMPACT ON ENTREPRENEURIAL COLLEGIATE ATHLETICS,2023-09-20,hssm00,House Small Business (Select) Committee,,,,0.0,no_match,116348,
118,53334,ACTION THROUGH INNOVATION: PRIVATE SECTOR SOLUTIONS TO RECOUPING STOLEN PANDEMIC FUNDS,2023-09-27,hssm00,House Small Business (Select) Committee,,,,0.0,no_match,116349,
118,53335,ENERGY INDEPENDENCE: HOW BURDENSOME REGULATIONS ARE CRUSHING SMALL OFFSHORE ENERGY PRODUCERS,2023-09-28,hssm00,House Small Business (Select) Committee,,,,0.0,no_match,116347,
118,54085,BURDENSOME REGULATIONS: EXAMINING THE EFFECTS OF DEPARTMENT OF ENERGY REGULATIONS ON AMERICA'S JOB CREATORS,2023-11-08,hssm00,House Small Business (Select) Committee,,,,0.0,no_match,116557,
118,54086,OVERSIGHT OF THE SBA'S OFFICE OF ENTREPRENEURIAL DEVELOPMENT,2023-11-14,hssm00,House Small Business (Select) Committee,,,,0.0,no_match,116558,
118,54162,MEMBER DAY,2023-11-30,hssm00,House Small Business (Select) Committee,,,,0.0,no_match,116598,
118,54517,A YEAR IN REVIEW: THE STATE OF SMALL BUSINESS IN AMERICA,2023-12-12,hssm00,House Small Business (Select) Committee,,,,0.0,no_match,116665,
118,54516,CRIME ON THE RISE: HOW LAWLESSNESS IS IMPACTING MAIN STREET AMERICA,2024-01-11,hssm00,House Small Business (Select) Committee,,,,0.0,no_match,116713,
118,54670,UNLEASHING MAIN STREET'S POTENTIAL: EXAMINING AVENUES TO CAPITAL ACCESS,2024-01-18,hssm00,House Small Business (Select) Committee,,,,0.0,no_match,116724,
118,54640,PATHWAYS TO SUCCESS: SUPPORTING ENTREPRENEURS AND EMPLOYEES WITH DISABILITIES,2024-01-30,hssm00,House Small Business (Select) Committee,,,,0.0,no_match,116723,
118,55405,"MARKUP OF: H.R. 5450, THE ENHANCING COMPETITION IN CONTRACTING ORDERS ACT; H.R. 6591, THE ENCOURAGING SUCCESS ACT; H.R. 7102, THE NATIVE AMERICAN ENTREPRENEURIAL OPPORTUNITY ACT; H.R. 7103, THE AGENCY ACCOUNTABILITY ACT OF 2024; H.R. 6156, THE CHILD CARE SMALL BUSINESS INSIGHT AND IMPROVEMENT ACT OF 2023; H.R. 7104, THE NATIONAL SBDC ADVISORY BOARD IMPROVEMENT ACT; H.R. 7105, THE WOSB CERTIFICATION AND OPPORTUNITY EXPANSION ACT; H.R. 7128, THE WOSB INTEGRITY ACT OF 2024; AND H.R. 7129, THE PUT AMERICA ON COMMISSION ACT OF 2024.",2024-01-31,hssm00,House Small Business (Select) Committee,,,,0.0,no_match,116780,
118,54711,UNDER THE MICROSCOPE: REVIEWING THE SBA'S SMALL BUSINESS SIZE STANDARDS,2024-02-06,hssm00,House Small Business (Select) Committee,,,,0.0,no_match,116800,
118,54743,BURDENSOME REGULATIONS: EXAMINING THE IMPACT OF EPA REGULATIONS ON MAIN STREET,2024-02-14,hssm00,House Small Business (Select) Committee,,,,0.0,no_match,116835,
118,54879,MARKUP OF: BUDGET VIEWS AND ESTIMATES 2025,2024-02-14,hssm00,House Small Business (Select) Committee,,,,0.0,no_match,116868,
118,54744,LEVELING THE PLAYING FIELD: CHALLENGES FACING SMALL BUSINESS CONTRACTING,2024-02-15,hssm00,House Small Business (Select) Committee,,,,0.0,no_match,116834,
118,54983,REDUCING MISMANAGEMENT: GAO RECOMMENDATIONS FOR IMPROVING THE SBA,2024-03-06,hssm00,House Small Business (Select) Committee,,,,0.0,no_match,116895,
118,54984,NAVIGATING REGULATIONS: ALTERNATIVE PATHWAYS TO INVESTING IN SMALL BUSINESSES,2024-03-12,hssm00,House Small Business (Select) Committee,,,,0.0,no_match,116897,
118,54985,CONDUCTING OVERSIGHT: TESTIMONY FROM THE SMALL BUSINESS ADMINISTRATOR,2024-03-20,hssm00,House Small Business (Select) Committee,,,,0.0,no_match,116898,
118,55250,TAX DAY: EXPLORING THE ADVERSE EFFECTS OF HIGH TAXES AND A COMPLEX TAX CODE,2024-04-10,hssm00,House Small Business (Select) Committee,,,,0.0,no_match,117062,
118,55251,EXPLORING SBA PROGRAMS: REVIEWING THE SBIC AND SBIR PROGRAMS' IMPACT ON SMALL BUSINESSES,2024-04-16,hssm00,House Small Business (Select) Committee,,,,0.0,no_match,117064,
118,56375,"MARKUP OF: H.R. 7984, THE RURAL SMALL BUSINESS RESILIENCE ACT; H.R. 5333, THE INVESTING IN ALL OF AMERICA ACT; H.R. 8014, THE TRANSPARENCY AND PREDICT- ABILITY IN SMALL BUSINESS OPPORTUNI- TIES ACT; H.R. 7987, THE PLAIN LANGUAGE IN CONTRACTING ACT; H.R. 7988, THE SPUR ACT OF 2024; H.R. 7985, THE ENTRE- PRENEURS WITH DISABILITIES REPORTING ACT; H.R. 7989, THE THINKDIFFERENTLY ABOUT DISABILITY EMPLOYMENT ACT",2024-04-17,hssm00,House Small Business (Select) Committee,,,,0.0,no_match,117164,
118,55252,UNDER THE MICROSCOPE: EXAMINING FINCEN'S IMPLEMENTATION OF THE CORPORATE TRANSPARENCY ACT,2024-04-30,hssm00,House Small Business (Select) Committee,,,,0.0,no_match,117063,
118,55528,STIFLING INNOVATION: EXAMINING THE IMPACTS OF REGULATORY BURDENS ON SMALL BUSINESSES IN HEALTHCARE,2024-05-08,hssm00,House Small Business (Select) Committee,,,,0.0,no_match,117237,
118,55529,UNDER THE MICROSCOPE: REVIEWING KEY SBA PROGRAMS WITH ASSOCIATE ADMINISTRATOR FROST,2024-05-15,hssm00,House Small Business (Select) Committee,,,,0.0,no_match,117238,
118,55530,BURDENSOME REGULATIONS: EXAMINING THE BIDEN ADMINISTRATION'S FAILURE TO CONSIDER SMALL BUSINESSES,2024-05-22,hssm00,House Small Business (Select) Committee,,,,0.0,no_match,117239,
118,55972,WEAPONIZING FEDERAL RESOURCES: EXPOSING THE SBA'S VOTER REGISTRATION EFFORTS,2024-06-04,hssm00,House Small Business (Select) Committee,,,,0.0,no_match,117375,
118,55971,. UNDER THE MICROSCOPE: EXAMINING THE CENSORSHIP-INDUSTRIAL COMPLEX AND ITS IMPACT ON AMERICAN SMALL BUSINESSES,2024-06-26,hssm00,House Small Business (Select) Committee,,,,0.0,no_match,117376,
118,56137,MAIN STREET REALITIES: EXAMINING THE CURRENT ECONOMIC LANDSCAPE IN AMERICA,2024-07-10,hssm00,House Small Business (Select) Committee,,,,0.0,no_match,117494,
118,56208,LEVELING THE PLAYING FIELD: EXAMINING THE LANDSCAPE OF VETERAN OWNED SMALL BUSINESSES,2024-07-23,hssm00,House Small Business (Select) Committee,,,,0.0,no_match,117521,
118,56139,"EXECUTIVE OVERREACH: EXAMINING THE SBA'S ELECTIONEERING EFFORTS WITH ASSOCIATE ADMINISTRATOR OF OFFICE OF FIELD OPERATIONS, JENNIFER KIM",2024-07-24,hssm00,House Small Business (Select) Committee,,,,0.0,no_match,117495,
118,57369,"MARKUP OF: H.R. 8033, THE REGULATORY TRANSPARENCY FOR SMALL BUSINESSES ACT; H.R. 9031, THE ASSURANCE FOR SMALL BUSINESS ACT OF 2024; H.R. 9032, THE ENHANCED REGULATORY FLEXIBILITY ASSESSMENT ACT; H.R. 9030, THE AGENDA CLARITY ACT; H.R. 9085, THE REGULATORY REVIEW IMPROVEMENT ACT OF 2024; H.R. 9033, THE LET AMERICAN BUSINESSES BE ON RECORD (LABOR) ACT; H.R. 7198, THE PROVE IT ACT OF 2024",2024-09-10,hssm00,House Small Business (Select) Committee,,,,0.0,no_match,117639,
118,56669,HOLDING THE SBA ACCOUNTABLE: TESTIMONY FROM SMALL BUSINESS ADMINISTRATOR GUZMAN,2024-09-18,hssm00,House Small Business (Select) Committee,,,,0.0,no_match,117640,
118,57370,AVENUES TO SUCCESS: EXAMINING WORKFORCE TRAINING PROGRAMS FOR EMPLOYEES,2024-09-25,hssm00,House Small Business (Select) Committee,,,,0.0,no_match,117691,
118,51282,"THE UNITED STATES, CHINA, AND THE FIGHT FOR GLOBAL LEADERSHIP: BUILDING A U.S. NATIONAL SCIENCE AND TECHNOLOGY STRATEGY",2023-02-28,hssy00,House Science and Technology Committee,,,,0.0,no_match,115359,
118,51313,INNOVATION THROUGH COLLABORATION: THE DEPARTMENT OF ENERGY'S ROLE IN THE U.S. RESEARCH ECOSYSTEM,2023-03-08,hssy00,House Science and Technology Committee,,,,0.0,no_match,,
118,51327,THE FEDERAL AVIATION ADMINISTRATION'S FLIGHT PLAN: EXAMINING THE AGENCY'S RESEARCH AND DEVELOPMENT PROGRAMS AND FUTURE PLANS,2023-03-09,hssy00,House Science and Technology Committee,,,,0.0,no_match,,
118,51879,ADVANCED AIR MOBILITY: THE FUTURE OF UNMANNED AIRCRAFT SYSTEMS AND BEYOND,2023-03-23,hssy00,House Science and Technology Committee,X-jZG_gLeNg,https://www.youtube.com/watch?v=X-jZG_gLeNg,Hearing - Advanced Air Mobility: The Future of Unmanned Aircraft Systems and Beyond,0.85,fuzzy_title_exact_date,,
118,51880,UNLEASHING AMERICAN POWER: THE DEVELOPMENT OF NEXT GENERATION ENERGY INFRASTRUCTURE,2023-03-23,hssy00,House Science and Technology Committee,UlGVbjYxBnw,https://www.youtube.com/watch?v=UlGVbjYxBnw,Hearing - Unleashing American Power: The Development of Next Generation Energy Infrastructure,0.85,fuzzy_title_exact_date,,
118,51881,REAUTHORIZING THE WEATHER ACT: DATA AND INNOVATION FOR PREDICTIONS,2023-03-28,hssy00,House Science and Technology Committee,s91LDomQ1eQ,https://www.youtube.com/watch?v=s91LDomQ1eQ,Environment Subcommittee - Reauthorizing the Weather Act: Data and Innovation for Predictions,0.74,fuzzy_title_exact_date,,
118,51793,ESTABLISHING AN INDEPENDENT NOAA,2023-04-18,hssy00,House Science and Technology Committee,mNxsV_38Mmg,https://www.youtube.com/watch?v=mNxsV_38Mmg,Establishing an Independent NOAA,0.95,exact_date_title,,
118,51794,"PROTECTING AMERICAN TAXPAYERS: HIGHLIGHTING EFFORTS TO PROTECT AGAINST FEDERAL WASTE, FRAUD, AND MISMANAGEMENT",2023-04-19,hssy00,House Science and Technology Committee,SEJBsgFYzlk,https://www.youtube.com/watch?v=SEJBsgFYzlk,Protecting American Taxpayers,0.82,substring_nearby_date,,
118,51882,AN OVERVIEW OF THE NATIONAL SCIENCE FOUNDATION BUDGET PROPOSAL FOR FISCAL YEAR 2024,2023-04-26,hssy00,House Science and Technology Committee,rHJhXq5phP8,https://www.youtube.com/watch?v=rHJhXq5phP8,An Overview of the National Science Foundation Budget Proposal for Fiscal Year 2024,0.95,exact_date_title,,
118,51885,AN OVERVIEW OF THE FISCAL YEAR 2024 PROPOSED BUDGET REQUEST FOR THE NATIONAL AERONAUTICS AND SPACE ADMINISTRATION,2023-04-27,hssy00,House Science and Technology Committee,,,,0.0,no_match,,
118,52186,AN OVERVIEW OF THE BUDGET PROPOSAL FOR THE NATIONAL INSTITUTE OF STANDARDS AND TECHNOLOGY FOR FISCAL YEAR 2024,2023-05-10,hssy00,House Science and Technology Committee,,,,0.0,no_match,,
118,52180,"RETURN ON UNPRECEDENTED INVESTMENT: AN ANALYSIS OF THE DEPARTMENT OF ENERGY'S IMPLEMENTATION OF THE IIJA, THE IRA, AND THE CHIPS AND SCIENCE ACT",2023-05-10,hssy00,House Science and Technology Committee,,,,0.0,no_match,,
118,52173,AN OVERVIEW OF THE NATIONAL OCEANIC AND ATMOSPHERIC ADMINISTRATION BUDGET PROPOSAL FOR FISCAL YEAR 2024,2023-05-11,hssy00,House Science and Technology Committee,,,,0.0,no_match,,
118,52174,REAUTHORIZING THE U.S. FIRE ADMINISTRATION AND FIRE GRANT PROGRAMS: EVALUATING EFFECTIVENESS AND PREPAREDNESS FOR MODERN CHALLENGES,2023-05-11,hssy00,House Science and Technology Committee,CckaC9R5JEg,https://www.youtube.com/watch?v=CckaC9R5JEg,Reauthorizing the U.S. Fire Administration and Fire Grant Programs,0.84,substring_nearby_date,,
118,52327,REAUTHORIZING THE WEATHER ACT: USERS OF WEATHER DATA AND AREAS FOR IMPROVEMENT BY SECTOR,2023-06-06,hssy00,House Science and Technology Committee,7XIcGfdyTmw,https://www.youtube.com/watch?v=7XIcGfdyTmw,Reauthorizing the Weather Act: Users of Weather Data and Areas for Improvement by Sector,0.95,exact_date_title,,
118,52451,ADVANCING AMERICAN LEADERSHIP IN QUANTUM TECHNOLOGY,2023-06-07,hssy00,House Science and Technology Committee,P-RLduRG07g,https://www.youtube.com/watch?v=P-RLduRG07g,Advancing American Leadership in Quantum Technology,0.95,exact_date_title,,
118,52450,FROM THEORY TO REALITY: THE LIMITLESS POTENTIAL OF FUSION ENERGY,2023-06-13,hssy00,House Science and Technology Committee,DgNhy2KKaCE,https://www.youtube.com/watch?v=DgNhy2KKaCE,From Theory to Reality: The Limitless Potential of Fusion Energy,0.95,exact_date_title,116033,
118,52499,ARTIFICIAL INTELLIGENCE: ADVANCING INNOVATION TOWARDS THE NATIONAL INTEREST,2023-06-22,hssy00,House Science and Technology Committee,7s_Wv5VklVA,https://www.youtube.com/watch?v=7s_Wv5VklVA,Artificial Intelligence: Advancing Innovation Towards the National Interest,0.95,exact_date_title,,
118,52705,ENHANCING FIRE WEATHER PREDICTION AND COORDINATION,2023-07-12,hssy00,House Science and Technology Committee,p48cEQcJ4ps,https://www.youtube.com/watch?v=p48cEQcJ4ps,Enhancing Fire Weather Prediction and Coordination,0.95,exact_date_title,,
118,52767,CONTINUING U.S. LEADERSHIP IN COMMERCIAL SPACE AT HOME AND ABROAD,2023-07-13,hssy00,House Science and Technology Committee,aZZ9BEAFOnI,https://www.youtube.com/watch?v=aZZ9BEAFOnI,Continuing U.S. Leadership in Commercial Space at Home and Abroad,0.95,exact_date_title,,
118,52833,"MEMBERS' DAY HEARING: HOUSE COMMITTEE ON SCIENCE, SPACE, AND TECHNOLOGY",2023-07-19,hssy00,House Science and Technology Committee,SrdCOWXnZZg,https://www.youtube.com/watch?v=SrdCOWXnZZg,"Members’ Day Hearing: House Committee on Science, Space, and Technology",0.95,exact_date_title,,
118,52987,UNEARTHING INNOVATION: THE FUTURE OF SUBSURFACE SCIENCE AND TECHNOLOGY IN THE UNITED STATES,2023-07-26,hssy00,House Science and Technology Committee,GOEUj1KA2ps,https://www.youtube.com/watch?v=GOEUj1KA2ps,Unearthing Innovation: The Future of Subsurface Science and Technology in the United States,0.95,exact_date_title,,
118,53341,AN UPDATE ON THE DEPARTMENT OF ENERGY'S SCIENCE AND TECHNOLOGY PRIORITIES,2023-09-14,hssy00,House Science and Technology Committee,GRf3wisY_s4,https://www.youtube.com/watch?v=GRf3wisY_s4,An Update on the Department of Energy’s Science and Technology Priorities,0.95,exact_date_title,,
118,53349,CHIPS ON THE TABLE: A ONE-YEAR REVIEW OF THE CHIPS AND SCIENCE ACT,2023-09-19,hssy00,House Science and Technology Committee,1-TaRcwD_Rw,https://www.youtube.com/watch?v=1-TaRcwD_Rw,Chips on the Table: A one year review of the Chips and Science Act,0.95,exact_date_title,,
118,53476,A BAR TOO HIGH: CONCERNS WITH CEQ'S PROPOSED REGULATORY HURDLE FOR FEDERAL CONTRACTING,2023-09-20,hssy00,House Science and Technology Committee,2p4J04cyqDo,https://www.youtube.com/watch?v=2p4J04cyqDo,A Bar Too High: Concerns with CEQ’s Proposed Regulatory Hurdle for Federal Contracting,0.95,exact_date_title,,
118,53426,A REVIEW OF SCIENCE AND TECHNOLOGY ACTIVITIES AT THE ENVIRONMENTAL PROTECTION AGENCY AND THE USE OF SCIENCE IN REGULATORY AND DEREGULATORY DECISION-MAKING,2023-09-27,hssy00,House Science and Technology Committee,,,,0.0,no_match,,
118,53782,BALANCING KNOWLEDGE AND GOVERNANCE: FOUNDATIONS FOR EFFECTIVE RISK MANAGEMENT OF ARTIFICIAL INTELLIGENCE,2023-10-18,hssy00,House Science and Technology Committee,Q7iu_a32XOI,https://www.youtube.com/watch?v=Q7iu_a32XOI,Balancing Knowledge and Governance: Foundations for Effective Risk Management of AI,0.75,fuzzy_title_exact_date,,
118,54226,"",2023-11-30,hssy00,House Science and Technology Committee,1rj6DEiNdxc,https://www.youtube.com/watch?v=1rj6DEiNdxc,Fiscal Year 2023 Budget Request for the U.S. Agency for International Development (EventID=114711),1.0,event_id_exact,114711,
118,53969,MISSING THE TARGET: CEQ'S MERITLESS SELECTION OF SBTI,2023-11-30,hssy00,House Science and Technology Committee,5UfX4QQ2yjg,https://www.youtube.com/watch?v=5UfX4QQ2yjg,Missing the Target: CEQ’s Meritless Selection of SBTi,0.95,exact_date_title,,
118,54502,RETURNING TO THE MOON: KEEPING ARTEMIS ON TRACK,2024-01-17,hssy00,House Science and Technology Committee,P3ZFqd4DNlk,https://www.youtube.com/watch?v=P3ZFqd4DNlk,Returning to the Moon: Keeping Artemis on Track,0.95,exact_date_title,,
118,54636,FROM RISK TO RESILIENCE: REAUTHORIZING THE EARTHQUAKE AND WINDSTORM HAZARDS REDUCTION PROGRAMS,2024-01-30,hssy00,House Science and Technology Committee,7ZdUTbSveT4,https://www.youtube.com/watch?v=7ZdUTbSveT4,Reauthorizing the Earthquake and Windstorm Hazards Reduction Programs,0.75,fuzzy_title_exact_date,,
118,54724,FEDERAL SCIENCE AGENCIES AND THE PROMISE OF AI IN DRIVING SCIENTIFIC DISCOVERIES,2024-02-06,hssy00,House Science and Technology Committee,PIRGlueMuzY,https://www.youtube.com/watch?v=PIRGlueMuzY,Federal Science Agencies and the Promise of AI in Driving Scientific Discoveries,0.95,exact_date_title,,
118,54732,ISS AND BEYOND: THE PRESENT AND FUTURE OF AMERICAN LOW-EARTH ORBIT ACTIVITIES,2024-02-14,hssy00,House Science and Technology Committee,d0cl1xlIxXQ,https://www.youtube.com/watch?v=d0cl1xlIxXQ,ISS and Beyond: The Present and Future of American Low-Earth Orbit Activities,0.95,exact_date_title,,
118,54912,EXAMINING THE RISK: THE DANGERS OF EV FIRES FOR FIRST RESPONDERS,2024-02-29,hssy00,House Science and Technology Committee,d8I8AsN5suA,https://www.youtube.com/watch?v=d8I8AsN5suA,Examining the Risk: The Dangers of EV Fires for First Responders,0.95,exact_date_title,,
118,55019,Bridging The Valley of Death: ARPA-E's Role In Developing Breakthrough Technologies,2024-03-12,hssy00,House Science and Technology Committee,Ej6apJrhLiY,https://www.youtube.com/watch?v=Ej6apJrhLiY,Bridging the Valley of Death: ARPA-E's Role in Developing Breakthrough Technologies,0.95,exact_date_title,,
118,55093,ADVANCING SCIENTIFIC DISCOVERY: ASSESSING THE STATUS OF NASA'S SCIENCE MISSION DIRECTORATE,2024-03-21,hssy00,House Science and Technology Committee,yRhJqU2yfVU,https://www.youtube.com/watch?v=yRhJqU2yfVU,Advancing Scientific Discovery: Assessing the Status of NASA’s Science Mission Directorate,0.95,exact_date_title,,
118,55626,AN OVERVIEW OF THE BUDGET PROPOSAL FOR THE NATIONAL AERONAUTICS AND SPACE ADMINISTRATION FOR FISCAL YEAR 2025,2024-04-30,hssy00,House Science and Technology Committee,,,,0.0,no_match,,
118,56688,RISKS AND REWARDS: ENCOURAGING COMMERCIAL SPACE INNOVATION WHILE MAINTAINING PUBLIC SAFETY,2024-09-10,hssy00,House Science and Technology Committee,1PyRw2OTcZw,https://www.youtube.com/watch?v=1PyRw2OTcZw,Risks and Rewards: Encouraging Commercial Space Innovation While Maintaining Public Safety,0.95,exact_date_title,,
118,56701,NAVIGATING THE BLUE FRONTIER: EVALUATING THE POTENTIAL OF MARINE CARBON DIOXIDE REMOVAL APPROACHES,2024-09-19,hssy00,House Science and Technology Committee,P5HHQ7cXgeY,https://www.youtube.com/watch?v=P5HHQ7cXgeY,Navigating the Blue Frontier: Evaluating the Potential of Marine Carbon Dioxide Removal Approaches,0.95,exact_date_title,117677,
118,53728,LEGISLATIVE PRESENTATION OF DISABLED AMERICAN VETERANS,2023-02-28,hsvr00,House Veterans' Affairs Committee,lJng8YngoOQ,https://www.youtube.com/watch?v=lJng8YngoOQ,Joint House and Senate VSO Hearing: Legislative Presentation of Disabled American Veterans,0.85,substring_nearby_date,115357,
118,51535,BUILDING AN ACCOUNTABLE VA: APPLYING LESSONS TO DRIVE FUTURE SUCCESS,2023-02-28,hsvr00,House Veterans' Affairs Committee,,,,0.0,no_match,115352,
118,51536,VETERANS HEALTH INFORMATION SYSTEMS AND TECHNOLOGY ARCHITECTURE (VISTA),2023-03-07,hsvr00,House Veterans' Affairs Committee,,,,0.0,no_match,115390,
118,51537,EXAMINING THE FUTURE OF WORKFORCE PROTECTIONS FOR SERVICEMEMBERS,2023-03-09,hsvr00,House Veterans' Affairs Committee,,,,0.0,no_match,115444,
118,51558,ACCOUNTABILITY AT VA: LEADERSHIP DECISIONS IMPACTING ITS EMPLOYEES AND VETERANS,2023-03-09,hsvr00,House Veterans' Affairs Committee,,,,0.0,no_match,115445,
118,51919,U.S. DEPARTMENT OF VETERANS AFFAIRS BUDGET REQUEST FOR FISCAL YEARS 2024 AND 2025,2023-03-23,hsvr00,House Veterans' Affairs Committee,,,,0.0,no_match,115491,
118,51950,LEGISLATIVE HEARING ON H.R. 234; H.R. 854; H.R. 984; H.R. 1139; H.R. 1329; H.R. 1378; H.R. 1529; H.R. 1530,2023-03-29,hsvr00,House Veterans' Affairs Committee,HuqRyRgjUUw,https://www.youtube.com/watch?v=HuqRyRgjUUw,Subcommittee on Disability Assistance and Memorial Affairs Legislative Hearing,0.65,description_bills,115547,
118,51951,LEGISLATIVE HEARING ON H.R. 41; H.R. 562; H.R. 808; H.R. 754; H.R. 693; H.R. 1089; H.R. 366; H.R. 542; H.R. 1256,2023-03-29,hsvr00,House Veterans' Affairs Committee,38mNSmReo8A,https://www.youtube.com/watch?v=38mNSmReo8A,Subcommittee on Health Legislative Hearing,0.65,description_bills,115553,
118,51952,LEGISLATIVE HEARING ON H.R. 291; H.R. 645; H.R. 728; H.R. 746; H.R. 1169; H.R. 1635; H.R. 1669; H.R. 1767; H.R. 1786; H.R. 1798; AND H.R. 1799,2023-03-30,hsvr00,House Veterans' Affairs Committee,Hm2yCQgua08,https://www.youtube.com/watch?v=Hm2yCQgua08,Subcommittee on Economic Opportunity Legislative Hearing,0.57,description_bills,115560,
118,52206,COMBATTING A CRISIS: PROVIDING VETERANS ACCESS TO LIFE-SAVING SUBSTANCE ABUSE DISORDER TREATMENT,2023-04-18,hsvr00,House Veterans' Affairs Committee,,,,0.0,no_match,115655,
118,52207,LEGISLATIVE HEARING ON H.R. 592; H.R. 608; H.R. 1658; H.R. 1659; AND H.R. 2499,2023-04-19,hsvr00,House Veterans' Affairs Committee,VOjD6Mb8FcA,https://www.youtube.com/watch?v=VOjD6Mb8FcA,Subcommittee on Oversight and Investigation Legislative Hearing,0.65,description_bills,115664,
118,52491,ALL HANDS ON DECK: ENDING VETERAN HOMELESSNESS IN SAN DIEGO,2023-05-04,hsvr00,House Veterans' Affairs Committee,,,,0.0,no_match,115739,
118,52492,ELECTRONIC HEALTH RECORD MODERNIZATION DEEP DIVE: PHARMACY,2023-05-09,hsvr00,House Veterans' Affairs Committee,,,,0.0,no_match,115738,
118,52537,THE TRANSITION ASSISTANCE PROGRAM: STEPS TO ENSURE SUCCESS FOR SERVICEMEMBERS AS THEY ENTER CIVILIAN LIFE,2023-05-17,hsvr00,House Veterans' Affairs Committee,,,,0.0,no_match,115740,
118,52536,VHA RECRUITMENT AND RETENTION: IS BUREAUCRACY HOLDING BACK A QUALITY WORKFORCE?,2023-05-17,hsvr00,House Veterans' Affairs Committee,,,,0.0,no_match,,
118,53780,[ERRATA] VHA RECRUITMENT AND RETENTION: IS BUREAUCRACY HOLDING BACK A QUALITY WORKFORCE?,2023-05-17,hsvr00,House Veterans' Affairs Committee,,,,0.0,no_match,,
118,52731,COVID-19 SUPPLEMENTAL FUNDING: DID IT PROTECT AND IMPROVE VETERAN CARE?,2023-05-23,hsvr00,House Veterans' Affairs Committee,,,,0.0,no_match,115929,
118,52732,VA INFORMATION TECHNOLOGY CONTRACTING: CHALLENGES IN CONSOLIDATION OF COMPETITION AND CONFLICT OF INTEREST,2023-05-24,hsvr00,House Veterans' Affairs Committee,,,,0.0,no_match,115953,
118,52878,CARE COORDINATION: ASSESSING VETERANS NEEDS AND IMPROVING OUTCOMES,2023-06-13,hsvr00,House Veterans' Affairs Committee,,,,0.0,no_match,116067,
118,53079,LEGISLATIVE HEARING ON H.R. 491; H.R. 3874; H.R. 3848; H.R. 3933; H.R. 3898; H.R. 3981; H.R. 3943; AND H.R. 3900,2023-06-14,hsvr00,House Veterans' Affairs Committee,gNsXdFDEVBY,https://www.youtube.com/watch?v=gNsXdFDEVBY,Subcommittee on Economic Opportunity Legislative Hearing,0.56,description_bills,,
118,53080,THE STATUS OF VA FINANCIAL MANAGEMENT BUSINESS TRANSFORMATION,2023-06-20,hsvr00,House Veterans' Affairs Committee,,,,0.0,no_match,,
118,53081,LEGISLATIVE HEARING ON H.R. 3520; H.R. 1182; H.R. 1774; H.R. 2683; H.R. 2768; H.R. 2818; H.R. 3581; H.R. 1278; H.R. 1639; AND H.R. 1815,2023-06-21,hsvr00,House Veterans' Affairs Committee,mW-6mxRGvPs,https://www.youtube.com/watch?v=mW-6mxRGvPs,Subcommittee on Health Legislative Hearing,0.65,description_bills,,
118,53082,MEMBER DAY: TESTIMONY AND PROPOSALS ON THE DEPARTMENT OF VETERANS AFFAIRS,2023-06-22,hsvr00,House Veterans' Affairs Committee,,,,0.0,no_match,,
118,53083,LEGISLATIVE HEARING ON H.R. 4278; H.R. 196; H.R. 4461; H.R. 3504; H.R. 2733; AND H.R. 4225,2023-07-12,hsvr00,House Veterans' Affairs Committee,5F4QoTiVJEg,https://www.youtube.com/watch?v=5F4QoTiVJEg,Subcommittee on Oversight and Investigations Legislative Hearing,0.62,description_bills,108516,
118,53109,REVIEWING THE DIGITAL G.I. BILL PROGRAM,2023-07-13,hsvr00,House Veterans' Affairs Committee,,,,0.0,no_match,,
118,53171,LEGISLATIVE HEARING ON: H.R. 705; AND H.R. 4562,2023-07-18,hsvr00,House Veterans' Affairs Committee,j6EjCfhC1dg,https://www.youtube.com/watch?v=j6EjCfhC1dg,Full Committee Legislative Hearing,0.58,description_bills,,
118,53172,VA CONTRACTING: CHALLENGES IN COMPETITION AND CONFLICTS OF INTEREST,2023-07-20,hsvr00,House Veterans' Affairs Committee,,,,0.0,no_match,,
118,53306,VA DISABILITY EXAMS: ARE VETERANS RECEIVING QUALITY SERVICES?,2023-07-27,hsvr00,House Veterans' Affairs Committee,,,,0.0,no_match,,
118,53766,VA ELECTRONIC HEALTH RECORD MODERNIZATION: GET WELL SOON?,2023-09-14,hsvr00,House Veterans' Affairs Committee,,,,0.0,no_match,,
118,53767,VA'S FEDERAL SUPREMACY INITIATIVE: PUTTING VETERANS FIRST?,2023-09-19,hsvr00,House Veterans' Affairs Committee,,,,0.0,no_match,,
118,54153,VA PROCUREMENT: MADE IN AMERICA,2023-09-20,hsvr00,House Veterans' Affairs Committee,,,,0.0,no_match,,
118,54152,LESS IS MORE: THE IMPACT OF BUREAUCRATIC RED TAPE ON VETERANS EDUCATION BENEFITS,2023-09-20,hsvr00,House Veterans' Affairs Committee,,,,0.0,no_match,,
118,54154,EXAMINING VA.GOV,2023-09-26,hsvr00,House Veterans' Affairs Committee,,,,0.0,no_match,,
118,54220,VA'S FIDUCIARY PROGRAM: ENSURING VETERANS' BENEFITS ARE PROPERLY MANAGED,2023-09-28,hsvr00,House Veterans' Affairs Committee,,,,0.0,no_match,,
118,54221,TRUST IN TRANSPARENCY: HOLDING VA ACCOUNTABLE AND PROTECTING WHISTLEBLOWERS,2023-11-02,hsvr00,House Veterans' Affairs Committee,,,,0.0,no_match,,
118,54319,LEGISLATIVE HEARING ON H.R. 522; H.R. 2830; H.R. 3601; H.R. 3722; H.R. 3738; H.R. 3816; H.R. 5190; H.R. 5702; H.R. 5785; H.R. 5913; H.R. 5914; H.R. 5956; AND H.R. XXXX,2023-11-02,hsvr00,House Veterans' Affairs Committee,8YT83q0oQhM,https://www.youtube.com/watch?v=8YT83q0oQhM,Subcommittee on Economic Opportunity Legislative Hearing,0.59,description_bills,,
118,54348,VETERANS SERVING VETERANS: THE IMPACT OF AMERICA'S BUSINESSES ON VETERAN EMPLOYMENT AND OPPORTUNITY,2023-11-07,hsvr00,House Veterans' Affairs Committee,,,,0.0,no_match,,
118,54349,LEGISLATIVE HEARING ON H.R. 1753; H.R. 3790; H.R. 4016; H.R. 4190; H.R. 4306; H.R. 5559; H.R. 5891; H.R. 5870; H.R. 5870; H.R. 5890; AND H.R. 5938,2023-11-08,hsvr00,House Veterans' Affairs Committee,NVhNQxj1C6g,https://www.youtube.com/watch?v=NVhNQxj1C6g,Subcommittee on Disability Assistance and Memorial Affairs Legislative Hearing,0.65,description_bills,,
118,54362,EMERGING THERAPIES: BREAKTHROUGHS IN THE BATTLE AGAINST SUICIDE?,2023-11-14,hsvr00,House Veterans' Affairs Committee,,,,0.0,no_match,,
118,54363,ELECTRONIC HEALTH RECORD MODERNIZATION DEEP DIVE: SYSTEM UPTIME,2023-11-15,hsvr00,House Veterans' Affairs Committee,,,,0.0,no_match,,
118,54514,EXAMINING THE VA APPEALS PROCESS: ENSURING HIGH QUALITY DECISION-MAKING FOR VETERANS' CLAIMS ON APPEAL,2023-11-29,hsvr00,House Veterans' Affairs Committee,,,,0.0,no_match,,
118,54503,BACKGROUND CHECKS: ARE VA'S HR FAILURES RISKING DRUG ABUSE AND VETERAN HARM?,2023-12-06,hsvr00,House Veterans' Affairs Committee,,,,0.0,no_match,,
118,54525,SSG FOX SUICIDE PREVENTION GRANTS: SAVING VETERANS' LIVES THROUGH COMMUNITY CONNECTION,2023-12-12,hsvr00,House Veterans' Affairs Committee,,,,0.0,no_match,,
118,54756,RURAL ACCESS: IS VA MEETING ALL VETERANS WHERE THEY LIVE?,2024-01-11,hsvr00,House Veterans' Affairs Committee,,,,0.0,no_match,,
118,54926,VA REVOLVING FUNDS: ARE VETERANS BEING SHORTCHANGED?,2024-01-17,hsvr00,House Veterans' Affairs Committee,,,,0.0,no_match,,
118,54927,THE FUTURE OF DATA PRIVACY AND ARTIFICIAL INTELLIGENCE AT VA,2024-01-29,hsvr00,House Veterans' Affairs Committee,,,,0.0,no_match,,
118,54956,THE ONE PERCENT: SUPPORTING AMERICA'S SURVIVING MILITARY FAMILY COMMUNITY,2024-01-30,hsvr00,House Veterans' Affairs Committee,,,,0.0,no_match,,
118,55077,"""VA'S HR OFFICE: DID LEADERS IGNORE AND PERPETRATE SEXUAL HARASSMENT?""",2024-02-14,hsvr00,House Veterans' Affairs Committee,,,,0.0,no_match,,
118,55078,IS VA ILLEGALLY SPENDING TAXPAYER DOLLARS IN ITS COMPENSATION AND PENSION PROGRAMS?,2024-02-14,hsvr00,House Veterans' Affairs Committee,,,,0.0,no_match,,
118,55185,ELECTRONIC HEALTH RECORD,2024-02-15,hsvr00,House Veterans' Affairs Committee,,,,0.0,no_match,,
118,55187,SINK OR SWIM? A DEEP DIVE INTO THE CURRENT STATE OF VA'S HOME LOAN PROGRAM IN A COMPETITIVE MARKET,2024-02-15,hsvr00,House Veterans' Affairs Committee,,,,0.0,no_match,,
118,55186,ARTIFICIAL INTELLIGENCE AT VA: EXPLORING ITS CURRENT STATE AND FUTURE POSSIBILITIES,2024-02-15,hsvr00,House Veterans' Affairs Committee,,,,0.0,no_match,,
118,56145,LEGISLATIVE HEARING ON H.R. 6656; H.R. 7323; H.R. XXXX; H.R. XXXX; H.R. XXXX; H.R. 6225; H.R. XXXX; H.R. XXXX; AND H.R. XXXX,2024-03-20,hsvr00,House Veterans' Affairs Committee,0zq9O9TulFs,https://www.youtube.com/watch?v=0zq9O9TulFs,Subcommittee on Economic Opportunity Legislative Hearing,0.65,description_bills,,
118,55437,LOST IN TRANSLATION: HOW VA'S DISABILITY CLAIMS AND APPEALS LETTERS SHOULD BE SIMPLIFIED,2024-03-20,hsvr00,House Veterans' Affairs Committee,,,,0.0,no_match,,
118,55438,LEGISLATIVE HEARING ON: TOXIC EXPOSURE FUND IMPROVEMENT ACT OF 2024,2024-03-21,hsvr00,House Veterans' Affairs Committee,,,,0.0,no_match,,
118,55495,LEGISLATIVE HEARING ON H.R. 6452; H.R. 6531; H.R. 6538; H.R. 6874; H.R. 6947; H.R. 7342; H.R. XXXX; H.R. XXXX; AND H.R. XXXX,2024-03-21,hsvr00,House Veterans' Affairs Committee,U7OauZyTrzA,https://www.youtube.com/watch?v=U7OauZyTrzA,Subcommittee on Oversight and Investigations Legislative Hearing,0.65,description_bills,,
118,55439,LEGISLATIVE HEARING ON H.R. 3584; H.R. 3644; H.R. 3649; H.R. 4424; H.R. 5530; H.R. 6324; H.R. 6373; H.R. 7347; H.R. 3225; H.R. 5794; H.R. 3303; AND H.R. 5247,2024-03-21,hsvr00,House Veterans' Affairs Committee,bURaMAxuyZw,https://www.youtube.com/watch?v=bURaMAxuyZw,Subcommittee on Health Legislative Hearing,0.65,description_bills,,
118,55603,VA SUPPLY CHAIN MODERNIZATION: READY FOR PRIME TIME?,2024-04-09,hsvr00,House Veterans' Affairs Committee,,,,0.0,no_match,,
118,55604,"LEGISLATIVE HEARING ON H.R. 1083; H.R. 2911; H.R. 3651; H.R. 7100; H.R. 7150; H.R. 7777; H.R. 7793; H.R. 7816; H.R. XXXX; H.R. XXXX; H.R. XXXX; AND H.R. XXXX,",2024-04-10,hsvr00,House Veterans' Affairs Committee,wAgA3p2p5Pw,https://www.youtube.com/watch?v=wAgA3p2p5Pw,Subcommittee on Disability Assistance and Memorial Affairs Legislative Hearing,0.65,description_bills,,
118,55605,U.S. DEPARTMENT OF VETERANS AFFAIRS BUDGET REQUEST FOR FISCAL YEARS 2025 AND 2026,2024-04-11,hsvr00,House Veterans' Affairs Committee,,,,0.0,no_match,117071,
118,55930,IOWA: A LEADER IN VETERAN HEALTHCARE INNOVATION,2024-05-13,hsvr00,House Veterans' Affairs Committee,,,,0.0,no_match,117277,
118,56146,U.S. DEPARTMENT OF VETERANS AFFAIRS OFFICE OF INFORMATION AND TECHNOLOGY BUDGET REQUEST FOR FISCAL YEAR 2025,2024-05-14,hsvr00,House Veterans' Affairs Committee,,,,0.0,no_match,,
118,56195,ENSURING VA'S SECURITY: HOW CAN CONGRESS BEST SUPPORT VA'S LAW ENFORCEMENT?,2024-05-16,hsvr00,House Veterans' Affairs Committee,,,,0.0,no_match,117298,
118,56207,BONUS BLUNDER: EXAMINING VA'S IMPROPER DECISION TO AWARD SENIOR EXECUTIVES MILLIONS IN INCENTIVES,2024-06-04,hsvr00,House Veterans' Affairs Committee,,,,0.0,no_match,117374,
118,56196,THE VA BENEFICIARY TRAVEL SELF-SERVICE SYSTEM: MISSION ACCOMPLISHED?,2024-06-11,hsvr00,House Veterans' Affairs Committee,,,,0.0,no_match,,
118,56197,DOES A TOTAL DISABILITY RATING BASED ON INDIVIDUAL UNEMPLOYABILITY (TDIU) PROPERLY COMPENSATE TODAY'S VETERANS?,2024-06-12,hsvr00,House Veterans' Affairs Committee,,,,0.0,no_match,117407,
118,56198,"LEGISLATIVE HEARING ON H.R. 226, H.R. 7543, H.R. 7896, H.R. 7920, H.R. 8529, H.R. 8661, H.R. 8646, H.R. 8647, H.R. 8514, H.R. 8560, H.R. 8627, AND H.R. 8607",2024-06-12,hsvr00,House Veterans' Affairs Committee,MNd21Q7uJLw,https://www.youtube.com/watch?v=MNd21Q7uJLw,Subcommittee on Economic Opportunity Legislative Hearing on Pending Legislation,0.58,description_bills,117409,
118,56243,A CALL TO ACTION: MEETING THE NEEDS OF THE SPINAL CORD INJURY AND DISORDERS (SCI/D) VETERAN COMMUNITY,2024-06-13,hsvr00,House Veterans' Affairs Committee,,,,0.0,no_match,,
118,56328,EXAMINING SHORTCOMINGS WITH VA'S NATIONAL WORK QUEUE VETERANS BENEFITS CLAIMS MANAGEMENT SYSTEM,2024-06-26,hsvr00,House Veterans' Affairs Committee,,,,0.0,no_match,117447,
118,56329,THE CONTINUITY OF CARE: ASSESSING THE STRUCTURE OF VA'S HEALTHCARE NETWORK,2024-06-26,hsvr00,House Veterans' Affairs Committee,,,,0.0,no_match,117447,
118,56847,EXPLORING THE USE OF DATA-DRIVEN METHODS AND COMMUNITY COLLABORATION TO REDUCE VETERAN HOMELESSNESS,2024-06-27,hsvr00,House Veterans' Affairs Committee,,,,0.0,no_match,117452,
118,53014,THE STATE OF THE AMERICAN ECONOMY: APPALACHIA,2023-02-06,hswm00,House Ways and Means Committee,,,,0.0,no_match,115299,
118,53008,THE GREATEST THEFT OF TAXPAYER DOLLARS: UNCHECKED UNEMPLOYMENT FRAUD,2023-02-08,hswm00,House Ways and Means Committee,,,,0.0,no_match,115301,
118,53010,THE STATE OF THE AMERICAN ECONOMY: THE HEARTLAND,2023-03-07,hswm00,House Ways and Means Committee,,,,0.0,no_match,115407,
118,53239,PRESIDENT BIDEN'S FISCAL YEAR 2024 BUDGET REQUEST WITH TREASURY SECRETARY YELLEN,2023-03-10,hswm00,House Ways and Means Committee,,,,0.0,no_match,115464,
118,53009,WHY HEALTH CARE IS UNAFFORDABLE: THE FALLOUT OF DEMOCRATS' INFLATION ON PATIENTS AND SMALL BUSINESSES,2023-03-23,hswm00,House Ways and Means Committee,,,,0.0,no_match,115552,
118,53240,"BIDEN ADMINISTRATION'S 2023 TRADE POLICY AGENDA WITH UNITED STATES TRADE REPRESENTATIVE, AMBASSADOR TAI",2023-03-24,hswm00,House Ways and Means Committee,,,,0.0,no_match,115539,
118,55032,PRESIDENT BIDEN'S FISCAL YEAR 2024 BUDGET REQUEST WITH HEALTH AND HUMAN SERVICES SECRETARY BECERRA,2023-03-28,hswm00,House Ways and Means Committee,,,,0.0,no_match,,
118,53241,WELFARE IS BROKEN: RESTORING WORK REQUIREMENTS TO LIFT AMERICANS OUT OF POVERTY,2023-03-29,hswm00,House Ways and Means Committee,,,,0.0,no_match,115602,
118,53242,COUNTERING CHINA'S TRADE AND INVESTMENT AGENDA: OPPORTUNITIES FOR AMERICAN LEADERSHIP,2023-04-18,hswm00,House Ways and Means Committee,,,,0.0,no_match,115766,
118,53011,THE U.S. TAX CODE SUBSIDIZING GREEN CORPORATE HANDOUTS AND THE CHINESE COMMUNIST PARTY,2023-04-19,hswm00,House Ways and Means Committee,,,,0.0,no_match,115768,
118,53012,FIELD HEARING ON THE STATE OF THE AMERICAN ECONOMY: THE SOUTH,2023-04-21,hswm00,House Ways and Means Committee,,,,0.0,no_match,,
118,53013,SOCIAL SECURITY FUNDAMENTALS: A FACT-BASED FOUNDATION,2023-04-26,hswm00,House Ways and Means Committee,,,,0.0,no_match,115818,
118,53243,TAX-EXEMPT HOSPITALS AND THE COMMUNITY BENEFIT STANDARD,2023-04-26,hswm00,House Ways and Means Committee,,,,0.0,no_match,115817,
118,54350,ACCOUNTABILITY AND TRANSPARENCY AT THE INTERNAL REVENUE SERVICE WITH IRS COMMISSIONER WERFEL,2023-04-27,hswm00,House Ways and Means Committee,,,,0.0,no_match,115816,
118,54351,HEARING ON TRADE IN AMERICA: SECURING SUPPLY CHAINS AND PROTECTING THE AMERICAN WORKER--STATEN ISLAND,2023-05-09,hswm00,House Ways and Means Committee,,,,0.0,no_match,115881,
118,54352,EXAMINING POLICIES THAT INHIBIT INNOVATION AND PATIENT ACCESS,2023-05-10,hswm00,House Ways and Means Committee,,,,0.0,no_match,115891,
118,54353,"HEARING ON HEALTH CARE PRICE TRANSPARENCY: A PATIENT'S RIGHT TO KNOW,",2023-05-16,hswm00,House Ways and Means Committee,,,,0.0,no_match,,
118,54811,HEARING ON WHY HEALTH CARE IS UNAFFORABLE: ANTICOMPETITIVE AND CONSOLIDATED MARKETS,2023-05-17,hswm00,House Ways and Means Committee,,,,0.0,no_match,,
118,54359,SOCIAL SECURITY'S UNIQUE ROLE IN COMBATING SOCIAL SECURITY NUMBER-RELATED IDENTITY FRAUD,2023-05-24,hswm00,House Ways and Means Committee,,,,0.0,no_match,116013,
118,54812,HEARING ON MODERNIZING CUSTOMS POLICIES TO PROTECT AMERICAN WORKERS AND SUPPLY CHAINS,2023-05-25,hswm00,House Ways and Means Committee,,,,0.0,no_match,,
118,54813,"FIELD HEARING ON TRADE IN AMERICA: AGRICULTURE AND CRITICAL SUPPLY CHAINS - KIMBALL, MINNESOTA",2023-07-10,hswm00,House Ways and Means Committee,,,,0.0,no_match,,
118,54814,HEARING ON WHERE IS ALL THE WELFARE MONEY GOING? RECLAIMING TANF NON- ASSISTANCE DOLLARS TO LIFT AMERICANS OUT OF POVERTY,2023-07-12,hswm00,House Ways and Means Committee,,,,0.0,no_match,,
118,54908,BIDEN'S GLOBAL TAX SURRENDER HARMS AMERICAN WORKERS AND OUR ECONOMY,2023-07-19,hswm00,House Ways and Means Committee,,,,0.0,no_match,,
118,54354,"THE EMPLOYEE RETENTION TAX CREDIT EXPERIENCE: CONFUSION, DELAYS, AND FRAUD",2023-07-27,hswm00,House Ways and Means Committee,,,,0.0,no_match,116290,
118,56530,MEMBER DAY,2023-09-14,hswm00,House Ways and Means Committee,,,,0.0,no_match,,
118,54360,REDUCED CARE FOR PATIENTS: FALLOUT FROM FLAWED IMPLEMENTATION OF SURPRISE MEDICAL BILLING PROTECTIONS,2023-09-19,hswm00,House Ways and Means Committee,,,,0.0,no_match,116371,
118,55063,REFORMING THE GENERALIZED SYSTEM OF PREFERENCES TO SAFEGUARD U.S. SUPPLY CHAINS AND COMBAT CHINA,2023-09-20,hswm00,House Ways and Means Committee,,,,0.0,no_match,,
118,54910,HEARING ON MODERNIZING CHILD WELFARE TO PROTECT VULNERABLE CHILDREN,2023-09-28,hswm00,House Ways and Means Committee,,,,0.0,no_match,,
118,55064,PROTECTING BENEFICIARIES FROM THE HARM OF IMPROPER PAYMENTS,2023-10-18,hswm00,House Ways and Means Committee,,,,0.0,no_match,,
118,54909,INVESTIGATING PANDEMIC FRAUD: PREVENTING HISTORY FROM REPEATING ITSELF,2023-10-19,hswm00,House Ways and Means Committee,,,,0.0,no_match,,
118,55996,MEASURING POVERTY: HOW THE BIDEN ADMINISTRATION PLANS TO REDRAW THE POVERTY LINE AND ROB RESOURCES FROM RURAL AMERICA,2023-10-24,hswm00,House Ways and Means Committee,,,,0.0,no_match,,
118,55065,"EDUCATIONAL FREEDOM AND OPPORTUNITY FOR AMERICAN FAMILIES, STUDENTS AND WORKERS",2023-10-25,hswm00,House Ways and Means Committee,,,,0.0,no_match,,
118,55929,ONE MILLION CLAIMS AND GROWING: IMPROVING SOCIAL SECURITY'S DISABILITY ADJUDICATION PROCESS,2023-10-26,hswm00,House Ways and Means Committee,,,,0.0,no_match,,
118,54911,"Serial No. 118-FC16 - ENSURING THAT ""WOKE"" DOESN'T LEAVE AMERICANS BROKE: PROTECTING SENIORS AND SAVERS FROM ESG ACTIVISM",2023-11-07,hswm00,House Ways and Means Committee,,,,0.0,no_match,,
118,55066,"FROM IVORY TOWERS TO DARK CORNERS: INVESTIGATING THE NEXUS BETWEEN ANTISEMITISM, TAX-EXEMPT UNIVERSITIES, AND TERROR FINANCING",2023-11-15,hswm00,House Ways and Means Committee,,,,0.0,no_match,,
118,54810,SOCIAL SECURITY'S DISSERVICE TO PUBLIC SERVANTS: HOW THE WINDFALL ELIMINATION PROVISION AND GOVERNMENT PENSION OFFSET MISTREAT GOVERNMENT WORKERS,2023-11-20,hswm00,House Ways and Means Committee,,,,0.0,no_match,,
118,55249,FIELD HEARING ON SOCIAL SECURITY'S DISSERVICE TO PUBLIC SERVANTS: HOW THE WINDFALL ELIMINATION PROVISION AND GOVERNMENT PENSION OFFSET MISTREAT GOVERNMENT WORKERS,2023-11-20,hswm00,House Ways and Means Committee,,,,0.0,no_match,,
118,55786,STRENGTHENING THE CHILD SUPPORT ENFORCEMENT PROGRAM FOR STATES AND TRIBES,2023-11-29,hswm00,House Ways and Means Committee,,,,0.0,no_match,,
118,55784,HIDDEN COST: THE TRUE PRICE OF FEDERAL DEBT TO AMERICAN TAXPAYERS,2023-12-06,hswm00,House Ways and Means Committee,,,,0.0,no_match,,
118,55997,SERIES NO. 118-TAX02-TAX POLICIES TO EXPAND ECONOMIC GROWTH AND INCREASE PROSPERITY FOR AMERICAN FAMILIES,2023-12-06,hswm00,House Ways and Means Committee,,,,0.0,no_match,,
118,55787,HEARING ON GROWTH OF THE TAX-EXEMPT SECTOR AND THE IMPACT ON THE AMERICAN POLITICAL LANDSCAPE,2023-12-13,hswm00,House Ways and Means Committee,,,,0.0,no_match,,
118,55469,HEARING ON PATHWAYS TO INDEPENDENCE: SUPPORTING YOUTH AGING OUT OF FOSTER CARE,2024-01-17,hswm00,House Ways and Means Committee,,,,0.0,no_match,,
118,55926,EXAMINING CHRONIC DRUG SHORTAGES IN THE UNITED STATES,2024-02-06,hswm00,House Ways and Means Committee,,,,0.0,no_match,,
118,55470,ADVANCING AMERICA'S INTERESTS AT THE WORLD TRADE ORGANIZATION'S 13TH MINISTERIAL MEETING,2024-02-07,hswm00,House Ways and Means Committee,,,,0.0,no_match,,
118,55928,"HEARING WITH COMMISSIONER OF THE INTERNAL REVENUE SERVICE, DANIEL WERFEL",2024-02-15,hswm00,House Ways and Means Committee,,,,0.0,no_match,,
118,55747,HEARING ON OECD PILLAR 1: ENSURING THE BIDEN ADMINISTRATION PUTS AMERICANS FIRST,2024-03-07,hswm00,House Ways and Means Committee,,,,0.0,no_match,,
118,56470,ENHANCING ACCESS TO CARE AT HOME IN RURAL AND UNDERSERVED COMMUNITIES,2024-03-12,hswm00,House Ways and Means Committee,,,,0.0,no_match,,
118,55785,FIELD HEARING ON ACCESS TO HEALTH CARE IN AMERICA: ENSURING RESILIENT EMERGENCY MEDICAL CARE,2024-03-18,hswm00,House Ways and Means Committee,,,,0.0,no_match,,
118,55927,HEARING WITH HEALTH AND HUMAN SERVICES SECRETARY BECERRA,2024-03-20,hswm00,House Ways and Means Committee,,,,0.0,no_match,,
118,56478,"HEARING WITH THE COMMISSIONER OF SOCIAL SECURITY, MARTIN O'MALLEY",2024-03-21,hswm00,House Ways and Means Committee,,,,0.0,no_match,,
118,56477,THE DIGNITY OF WORK: LIFTING INDIVIDUALS OUT OF POVERTY,2024-04-09,hswm00,House Ways and Means Committee,,,,0.0,no_match,,
118,56532,EXPANDING ON THE SUCCESS OF THE 2017 TAX RELIEF TO HELP HARDWORKING AMERICANS,2024-04-11,hswm00,House Ways and Means Committee,,,,0.0,no_match,,
118,56435,WINDFALL ELIMINATION PROVISION AND GOVERNMENT PENSION OFFSET,2024-04-16,hswm00,House Ways and Means Committee,,,,0.0,no_match,,
118,56867,THE BIDEN ADMINISTRATION'S 2024 TRADE POLICY AGENDA WITH UNITED STATES TRADE REPRESENTATIVE KATHERINE TAI,2024-04-16,hswm00,House Ways and Means Committee,,,,0.0,no_match,,
118,56868,HEARING WITH TREASURY SECRETARY JANET YELLEN,2024-04-30,hswm00,House Ways and Means Committee,,,,0.0,no_match,,
118,57012,Series No. 118-FC27,2024-05-10,hswm00,House Ways and Means Committee,,,,0.0,no_match,,
118,56471,CREATING MORE OPPORTUNITY AND PROSPERITY IN THE AMERICAN RUST BELT,2024-05-20,hswm00,House Ways and Means Committee,,,,0.0,no_match,,
118,56472,THE COLLAPSE OF PRIVATE PRACTICE: EXAMINING THE CHALLENGES FACING INDEPENDENT MEDICINE,2024-05-23,hswm00,House Ways and Means Committee,,,,0.0,no_match,,
118,57013,REFORMING UNEMPLOYMENT INSURANCE TO SUPPORT AMERICAN WORKERS AND BUSINESSES,2024-06-04,hswm00,House Ways and Means Committee,,,,0.0,no_match,,
118,57014,THE SOCIAL SECURITY TRUST FUNDS IN 2024 AND BEYOND,2024-06-04,hswm00,House Ways and Means Committee,,,,0.0,no_match,,
118,57107,"LOOKING BEYOND 2025 FOR TRADE WITH SUB-SAHARAN AFRICA, HAITI, AND OTHERS",2024-06-12,hswm00,House Ways and Means Committee,,,,0.0,no_match,,
118,57108,"THE CRISIS ON CAMPUS: ANTISEMITISM, RADICAL FACULTY, AND THE FAILURE OF UNIVERSITY LEADERSHIP",2024-06-13,hswm00,House Ways and Means Committee,,,,0.0,no_match,,
118,57159,Serial No. 118-HL05 - IMPROVING VALUE-BASED CARE FOR PATIENTS AND PROVIDERS,2024-06-26,hswm00,House Ways and Means Committee,,,,0.0,no_match,,
118,57158,STRENGTHENING CHILD WELFARE AND PROTECTING AMERICA'S CHILDREN,2024-06-26,hswm00,House Ways and Means Committee,,,,0.0,no_match,,
118,56531,ACCESS TO HEALTH CARE IN AMERICA: UNLEASHING MEDICAL INNOVATION AND ECONOMIC PROSPERITY,2024-07-12,hswm00,House Ways and Means Committee,,,,0.0,no_match,,
118,57160,Serial No. 118-OS06 - FUELING CHAOS: TRACING THE FLOW OF TAX-EXEMPT DOLLARS TO ANTISEMITISM,2024-07-23,hswm00,House Ways and Means Committee,,,,0.0,no_match,,
118,56529,THE SUCCESS OF PRO-GROWTH PRO-WORKER TAX POLICY IN THE AMERICAN MIDWEST,2024-08-16,hswm00,House Ways and Means Committee,,,,0.0,no_match,,
118,57162,Investing In A Healthier America: Chronic Disease Prevention and Treatment,2024-09-18,hswm00,House Ways and Means Committee,,,,0.0,no_match,,
118,57161,PROTECTING AMERICAN INNOVATION BY ESTABLISHING AND ENFORCING STRONG DIGITAL TRADE RULES,2024-09-20,hswm00,House Ways and Means Committee,,,,0.0,no_match,,
118,57168,REFORMING TEMPORARY ASSISTANCE FOR NEEDY FAMILIES (TANF): STATES' MISUSE OF WELFARE FUNDS LEAVES POOR FAMILIES BEHIND,2024-09-24,hswm00,House Ways and Means Committee,,,,0.0,no_match,,
118,51694,"PRESERVING TIBET: COMBATING CULTURAL ERASURE, FORCED ASSIMILATION, AND TRANSNATIONAL REPRESSION",2023-03-28,jcpk00,Congressional-Executive Commission on China,,,,0.0,no_match,,
118,52182,"ONE CITY, TWO LEGAL SYSTEMS: POLITICAL PRISONERS AND THE EROSION OF THE RULE OF LAW IN HONG KONG",2023-05-11,jcpk00,Congressional-Executive Commission on China,,,,0.0,no_match,,
118,56898,Russia's Shadow War on NATO,2004-09-24,jcse00,Commission on Security and Cooperation in Europe (U.S. Helsinki Commission),,,,0.0,no_match,,
