congress,jacket_number,hearing_title,hearing_date,committee_code,committee_name,youtube_video_id,youtube_url,video_title,match_confidence,match_method,event_id,govinfo_id
118,52370,"UNCERTAINTY, INFLATION, REGULATIONS: CHALLENGES FOR AMERICAN AGRICULTURE",2023-02-28,hsag00,House Agriculture Committee,2vWqudNRAg0,https://www.youtube.com/watch?v=2vWqudNRAg0,"Uncertainty, Inflation, Regulations: Challenges for American Agriculture",0.95,exact_date_title,115364,
118,52205,A REVIEW OF TITLE VIII: FORESTRY STAKEHOLDER PERSPECTIVES,2023-03-08,hsag00,House Agriculture Committee,NAMvfkzXOnk,https://www.youtube.com/watch?v=NAMvfkzXOnk,A Review of Title VIII: Forestry Stakeholder Perspectives,0.95,exact_date_title,115422,
118,52557,RISING RISKS: MANAGING VOLATILITY IN GLOBAL COMMODITY DERIVATIVES MARKETS,2023-03-09,hsag00,House Agriculture Committee,zeAd_zqQxCM,https://www.youtube.com/watch?v=zeAd_zqQxCM,Rising Risks: Managing Volatility in Global Commodity Derivatives Markets,0.95,exact_date_title,115423,
118,52371,A REVIEW OF TITLE VII: USDA IMPLEMENTATION OF RESEARCH PROGRAMS,2023-03-23,hsag00,House Agriculture Committee,0Q9AAC6UZB8,https://www.youtube.com/watch?v=0Q9AAC6UZB8,A Review of Title VII: USDA Implementation of Research Programs,0.95,exact_date_title,115522,
118,52768,A REVIEW OF USDA ANIMAL DISEASE PREVENTION AND RESPONSE EFFORTS,2023-04-18,hsag00,House Agriculture Committee,p05niXBlMuY,https://www.youtube.com/watch?v=p05niXBlMuY,“A Review of USDA Animal Disease Prevention and Response Efforts”,0.95,exact_date_title,115683,
118,53037,PRODUCER PERSPECTIVES ON THE 2023 FARM BILL,2023-04-26,hsag00,House Agriculture Committee,b68zQzpJy5U,https://www.youtube.com/watch?v=b68zQzpJy5U,“Producer Perspectives on the 2023 Farm Bill”,0.95,exact_date_title,115802,
118,53323,THE FUTURE OF DIGITAL ASSETS: IDENTIFYING THE REGULATORY GAPS IN SPOT MARKET REGULATION,2023-04-27,hsag00,House Agriculture Committee,p5MOtxTtnHE,https://www.youtube.com/watch?v=p5MOtxTtnHE,“The Future of Digital Assets: Identifying the Regulatory Gaps in Spot Market Regulation”,0.95,exact_date_title,115803,
118,52397,THE FUTURE OF DIGITAL ASSETS: MEASURING THE REGULATORY GAPS IN THE DIGITAL ASSET MARKETS,2023-05-10,hsag00,House Agriculture Committee,gwJ1QAwP7UE,https://www.youtube.com/watch?v=gwJ1QAwP7UE,The Future of Digital Assets: Measuring the Regulatory Gaps in the Digital... (EventID=115885),1.0,event_id_exact,115885,
118,53089,STAKEHOLDER PERSPECTIVES ON AGRICULTURAL TRADE,2023-05-11,hsag00,House Agriculture Committee,nXrhrh93wzk,https://www.youtube.com/watch?v=nXrhrh93wzk,“Stakeholder Perspectives on Agricultural Trade”,0.95,exact_date_title,115894,
118,53810,HEARING TO REVIEW THE NATIONAL FOREST SYSTEM: SUPPORTING FOREST HEALTH AND CONFRONTING THE WILDFIRE CRISIS,2023-05-16,hsag00,House Agriculture Committee,boVliOkwA8k,https://www.youtube.com/watch?v=boVliOkwA8k,"“To Review the National Forest System: Supporting Forest Health and Confronting the Wildfire Crisis""",0.86,fuzzy_title_exact_date,115942,
118,53121,A REVIEW OF ANIMAL AGRICULTURE STAKEHOLDER PRIORITIES,2023-05-17,hsag00,House Agriculture Committee,HN8seVPV9Wc,https://www.youtube.com/watch?v=HN8seVPV9Wc,"“A Review of Animal Agriculture Stakeholder Priorities""",0.95,exact_date_title,115943,
118,53287,The Future of Digital Assets: Providing Clarity for Digital Asset Spot Markets,2023-06-06,hsag00,House Agriculture Committee,SFFfxkSPmnY,https://www.youtube.com/watch?v=SFFfxkSPmnY,“The Future of Digital Assets: Providing Clarity for Digital Asset Spot Markets”,0.95,exact_date_title,116051,
118,53146,"INNOVATION, EMPLOYMENT, INTEGRITY, AND HEALTH: OPPORTUNITIES FOR MODERNIZATION IN TITLE IV",2023-06-07,hsag00,House Agriculture Committee,-_HWXHtHESw,https://www.youtube.com/watch?v=-_HWXHtHESw,"“Innovation, Employment, Integrity, and Health: Opportunities for Modernization in Title IV""",0.95,exact_date_title,116052,
118,53255,STAKEHOLDER PERSPECTIVES ON USDA'S RURAL DEVELOPMENT PROGRAMS,2023-06-13,hsag00,House Agriculture Committee,RmjS0pUTrCk,https://www.youtube.com/watch?v=RmjS0pUTrCk,“Stakeholder Perspectives on USDA’s Rural Development Programs”,0.95,exact_date_title,116095,
118,53322,A REVIEW OF TITLE VII: UNIVERSITY PERSPECTIVES ON RESEARCH AND EXTENSION PROGRAMS,2023-06-14,hsag00,House Agriculture Committee,1aNu1KCFMYc,https://www.youtube.com/watch?v=1aNu1KCFMYc,A Review of Title VII: University Perspectives on Research and Extension Programs,0.95,exact_date_title,116096,
118,53204,CLOSING THE DIGITAL DIVIDE IN RURAL AMERICA,2023-06-21,hsag00,House Agriculture Committee,406LJ8lRkGU,https://www.youtube.com/watch?v=406LJ8lRkGU,Closing the Digital Divide in Rural America,0.95,exact_date_title,116129,
118,56008,MEMBER DAY,2023-12-06,hsag00,House Agriculture Committee,Iwrj24IeaQA,https://www.youtube.com/watch?v=Iwrj24IeaQA,"""Member Day""",0.95,exact_date_title,,
118,56421,THE DANGER CHINA POSES TO AMERICAN AGRICULTURE,2024-03-20,hsag00,House Agriculture Committee,K8Bqqd8zBUE,https://www.youtube.com/watch?v=K8Bqqd8zBUE,U.S. House Agriculture Committee Hearing on the Danger China Poses to American Agriculture,0.84,substring_nearby_date,,
118,56627,EXAMINING THE CONSEQUENCES OF EPA'S ACTIONS ON AMERICAN AGRICULTURE,2024-07-10,hsag00,House Agriculture Committee,PsM7yF378Bs,https://www.youtube.com/watch?v=PsM7yF378Bs,US House Agriculture Committee: Examining the Consequences of EPA’s Actions on American Agriculture,0.71,fuzzy_title_exact_date,,
118,57258,FINANCIAL CONDITIONS IN FARM COUNTRY,2024-07-23,hsag00,House Agriculture Committee,_48DmA39gBI,https://www.youtube.com/watch?v=_48DmA39gBI,U.S. House Agriculture Committee: Financial Conditions in Farm Country,0.84,substring_nearby_date,,
118,57150,REAUTHORIZING THE CFTC: STAKEHOLDER PERSPECTIVES,2024-07-25,hsag00,House Agriculture Committee,7JurL5LZ5HM,https://www.youtube.com/watch?v=7JurL5LZ5HM,U.S. House Agriculture Committee: Reauthorizing the CFTC: Stakeholder Perspectives,0.85,substring_nearby_date,,
118,52197,"MILITARY CONSTRUCTION, VETERANS AFFAIRS, AND RELATED AGENCIES APPROPRIATIONS FOR 2024",2023-02-28,hsap00,House Appropriations Committee,5tXVMNYpRfQ,https://www.youtube.com/watch?v=5tXVMNYpRfQ,Oversight Hearing - Quality of Life in the Military,1.0,event_id_exact,115365,
118,54191,DEPARTMENT OF DEFENSE APPROPRIATIONS FOR 2024,2023-02-28,hsap00,House Appropriations Committee,a4kh0EXm4lY,https://www.youtube.com/watch?v=a4kh0EXm4lY,Oversight Hearing – Ukraine,1.0,event_id_exact,115360,
118,54411,"STATE, FOREIGN OPERATIONS, AND RELATED PROGRAMS APPROPRIATIONS FOR 2024",2023-03-01,hsap00,House Appropriations Committee,rxxl2f4K9As,https://www.youtube.com/watch?v=rxxl2f4K9As,Oversight Hearing – United Nations,1.0,event_id_exact,115372,
118,53445,"INTERIOR, ENVIRONMENT, AND RELATED AGENCIES APPROPRIATIONS FOR 2024",2023-03-08,hsap00,House Appropriations Committee,0fw3uMIMbIY,https://www.youtube.com/watch?v=0fw3uMIMbIY,"Public Witness Day 1, Morning Session – American Indian and Alaska Native",1.0,event_id_exact,115411,
118,52984,LEGISLATIVE BRANCH APPROPRIATIONS FOR 2024,2023-03-08,hsap00,House Appropriations Committee,eS1qYQWlzNI,https://www.youtube.com/watch?v=eS1qYQWlzNI,Budget Hearing – Fiscal Year 2024 Request for the Congressional Budget Office,1.0,event_id_exact,115421,
118,53901,"DEPARTMENT OF THE INTERIOR, ENVIRONMENT, AND RELATED AGENCIES APPROPRIATIONS FOR 2024",2023-03-09,hsap00,House Appropriations Committee,PHfPy8f48-4,https://www.youtube.com/watch?v=PHfPy8f48-4,"Public Witness Day 2, Afternoon Session – American Indian and Alaska Native",1.0,event_id_exact,115414,
118,54458,"AGRICULTURE, RURAL DEVELOPMENT, FOOD AND DRUG ADMINISTRATION, AND RELATED AGENCIES APPROPRIATIONS FOR 2024",2023-03-09,hsap00,House Appropriations Committee,Gbe5QzJZvBg,https://www.youtube.com/watch?v=Gbe5QzJZvBg,Oversight Hearing – United States Department of Agriculture Office of the Inspector General,1.0,event_id_exact,115430,
118,54343,"ENERGY AND WATER DEVELOPMENT, AND RELATED AGENCIES APPROPRIATIONS FOR 2024",2023-03-23,hsap00,House Appropriations Committee,9ghbIHClYdY,https://www.youtube.com/watch?v=9ghbIHClYdY,Budget Hearing – Fiscal Year 2024 Request for the Department of Energy,1.0,event_id_exact,115504,
118,53669,FINANCIAL SERVICES AND GENERAL GOVERNMENT APPROPRIATIONS FOR 2024,2023-03-23,hsap00,House Appropriations Committee,ynD6YcfL0Yc,https://www.youtube.com/watch?v=ynD6YcfL0Yc,Budget and Oversight Hearing –President Biden’s Fiscal Year 2024 Budget Request and Economic Outlook,1.0,event_id_exact,115501,
118,53030,DEPARTMENT OF HOMELAND SECURITY APPROPRIATIONS FOR 2024,2023-03-28,hsap00,House Appropriations Committee,7GI__HYo45c,https://www.youtube.com/watch?v=7GI__HYo45c,Budget Hearing – Fiscal Year 2024 Request for the Department of Homeland Security,1.0,event_id_exact,115568,
118,56005,THE FISCAL YEAR 2024 DEPARTMENT OF ENERGY BUDGET,2023-05-11,hsap00,House Appropriations Committee,kB6pzgunjz4,https://www.youtube.com/watch?v=kB6pzgunjz4,Fiscal Year 2024 Department of Energy Budget Request,0.82,fuzzy_title_exact_date,,
118,57786,"ENERGY AND WATER DEVELOPMENT, AND RELATED AGENCIES APPROPRIATIONS FOR 2025",2024-03-20,hsap00,House Appropriations Committee,IyIoSR8Ft7w,https://www.youtube.com/watch?v=IyIoSR8Ft7w,"Member Day – Energy And Water Development, And Related Agencies",0.7,fuzzy_title_exact_date,,
118,56684,Oversight Hearing on Severe Food Distribution Shortages In Tribal and Elderly Communities,2024-09-11,hsap00,House Appropriations Committee,dHw1lCTjV5k,https://www.youtube.com/watch?v=dHw1lCTjV5k,Joint Oversight Hearing on Severe Food Distribution Shortages in Tribal and Elderly Communities,0.76,fuzzy_title_exact_date,,
118,59634,"DEPARTMENT OF THE INTERIOR, ENVIRONMENT, AND RELATED AGENCIES APPROPRIATIONS FOR 2025",2024-11-20,hsap00,House Appropriations Committee,0cwaQSavWNw,https://www.youtube.com/watch?v=0cwaQSavWNw,Oversight Hearing – Investigating the Crisis of Missing and Murdered Indigenous Women - Panel 2,1.0,event_id_exact,117713,
118,61961,"SUBCOMMITTEE ON MILITARY CONSTRUCTION, VETERANS AFFAIRS, AND RELATED AGENCIES, ASSESSING THE VETERANS HEALTH ADMINISTRATION FISCAL YEAR 2025 POTENTIAL SHORTFALL",2024-11-20,hsap00,House Appropriations Committee,srBje4u7qFM,https://www.youtube.com/watch?v=srBje4u7qFM,Oversight Hearing – Assessing the Veterans Health Administration FY25 Potential Shortfall,1.0,event_id_exact,117734,
118,51704,[H.A.S.C. NO. 118-2] THE PRESSING THREAT OF THE CHINESE COMMUNIST PARTY TO U.S. NATIONAL DEFENSE,2023-02-07,hsas00,House National Security Committee,dvLjweoSwJQ,https://www.youtube.com/watch?v=dvLjweoSwJQ,20230207 Hearing: “The Pressing Threat of the Chinese Communist Party to U.S. National Defense”,0.76,fuzzy_title_exact_date,115293,
118,53350,[H.A.S.C. NO. 118-4] THE ROLE OF SPECIAL OPERATIONS FORCES IN GREAT POWER COMPETITION,2023-02-08,hsas00,House National Security Committee,9tDmJxPkIYI,https://www.youtube.com/watch?v=9tDmJxPkIYI,20230208 ISO Hearing: The Role of Special Operations Forces in Great Power Competition,0.74,fuzzy_title_exact_date,115334,
118,52380,[H.A.S.C. No. 118-5] The Future of War: Is The Pentagon Prepared To Deter and Defeat America's Adversaries?,2023-02-09,hsas00,House National Security Committee,6K7BQbG_k1A,https://www.youtube.com/watch?v=6K7BQbG_k1A,20230209 CITI: The Future of War: Is the Pentagon Prepared to Deter & Defeat America’s Adversaries?,0.75,fuzzy_title_exact_date,115332,
118,51964,[H.A.S.C. No. 118-6] OVERSIGHT OF U.S. MILITARY SUPPORT TO UKRAINE,2023-02-28,hsas00,House National Security Committee,1bwrxmAm06I,https://www.youtube.com/watch?v=1bwrxmAm06I,20230228 FC Hearing: Oversight of U.S. Military Support to Ukraine,0.7,fuzzy_title_exact_date,115392,
118,52187,[H.A.S.C. No. 118-9] U.S. MILITARY POSTURE AND NATIONAL SECURITY CHALLENGES IN NORTH AND SOUTH AMERICA,2023-03-08,hsas00,House National Security Committee,tzMSvG7JWII,https://www.youtube.com/watch?v=tzMSvG7JWII,20230308 FC Hearing: U.S. Military Posture and National Security Challenges in North & South America,0.73,fuzzy_title_exact_date,,
118,53391,FY24 REQUEST FOR NUCLEAR FORCES AND ATOMIC ENERGY DEFENSE ACTIVITIES,2023-03-28,hsas00,House National Security Committee,PYBP9vSLvAQ,https://www.youtube.com/watch?v=PYBP9vSLvAQ,20230328 STR Hearing: FY24 Request for Nuclear Forces and Atomic Energy Defense Activities,0.77,fuzzy_title_exact_date,,
118,53417,FISCAL YEAR 2024 BUDGET REQUEST FOR MISSILE DEFENSE AND MISSILE DEFEAT PROGRAMS,2023-04-18,hsas00,House National Security Committee,OvwI5-oGGO0,https://www.youtube.com/watch?v=OvwI5-oGGO0,20230418 STR Hearing: FY24 Budget Request for Missile Defense and Missile Defeat Programs,0.74,fuzzy_title_exact_date,,
118,53524,[H.A.S.C. NO. 118-24] U.S. MILITARY POSTURE AND NATIONAL SECURITY CHALLENGES IN THE INDO-PACIFIC REGION,2023-04-18,hsas00,House National Security Committee,DL4gQLuYbFE,https://www.youtube.com/watch?v=DL4gQLuYbFE,20230418 FC Hearing: “U.S. Military Posture and Nat. Sec. Challenges in the Indo-Pacific Region”,0.7,fuzzy_title_exact_date,115680,
118,53874,[H.A.S.C. No. 118-29] FISCAL YEAR 2024 BUDGET REQUEST FOR MILITARY READINESS,2023-04-19,hsas00,House National Security Committee,M_p5m6x_Si4,https://www.youtube.com/watch?v=M_p5m6x_Si4,20230419 RDY Hearing: Fiscal Year 2024 Budget Request for Military Readiness,0.7,fuzzy_title_exact_date,,
118,52384,FISCAL YEAR 2024 ROTARY WING AVIATION BUDGET REQUEST,2023-04-19,hsas00,House National Security Committee,CrcJRbcr90k,https://www.youtube.com/watch?v=CrcJRbcr90k,20230419 TAL Hearing: Fiscal Year 2024 Rotary Wing Aviation Budget Request,0.73,fuzzy_title_exact_date,,
118,53020,DEPARTMENT OF THE ARMY FISCAL YEAR 2024 BUDGET REQUEST,2023-04-19,hsas00,House National Security Committee,dBFtk0tP12o,https://www.youtube.com/watch?v=dBFtk0tP12o,20230419 Full Committee Hearing: “Department of the Army Fiscal Year 2024 Budget Request”,0.85,substring_nearby_date,,
118,52421,FISCAL YEAR 2024 ARMY MODERNIZATION PROGRAMS,2023-04-26,hsas00,House National Security Committee,6mkqeyQ7chE,https://www.youtube.com/watch?v=6mkqeyQ7chE,20230426 TAL Hearing: Fiscal Year 2024 Army Modernization Programs,0.71,fuzzy_title_exact_date,,
118,53627,MAN AND MACHINE: ARTIFICIAL INTELLIGENCE ON THE BATTLEFIELD,2023-07-18,hsas00,House National Security Committee,wEosOuzc55g,https://www.youtube.com/watch?v=wEosOuzc55g,20230718 CITI Hearing: Man and Machine: Artificial Intelligence on the Battlefield,0.74,fuzzy_title_exact_date,,
118,53628,"ADMISSIONS, CURRICULUM, AND DIVERSITY OF THOUGHT AT THE MILITARY SERVICE ACADEMIES",2023-07-19,hsas00,House National Security Committee,8IqPhXYuodo,https://www.youtube.com/watch?v=8IqPhXYuodo,"20230719 MLP: Admissions, Curriculum, and Diversity of Thought at the Military Service Academies",0.82,fuzzy_title_exact_date,,
118,55484,[H.A.S.C. No. 118-40] INDUSTRY PERSPECTIVES ON DEFENSE INNOVATION AND DETERRENCE,2023-09-20,hsas00,House National Security Committee,Cxuxe2hgJEs,https://www.youtube.com/watch?v=Cxuxe2hgJEs,20230920 CITI Hearing: Industry Perspectives on Defense Innovation and Deterrence,0.72,fuzzy_title_exact_date,,
118,54213,"[H.A.S.C. No. 118-41] MERITOCRACY IN THE MILITARY SERVICES: ACCESSION, PROMOTION, AND COMMAND SELECTION",2023-09-20,hsas00,House National Security Committee,p57SEFK7350,https://www.youtube.com/watch?v=p57SEFK7350,"20230920 MLP: Meritocracy in the Military Services: Accession, Promotion, and Command Selection",0.76,fuzzy_title_exact_date,,
118,55808,AN UPDATE ON UNACCOMPANIED MILITARY HOUSING AND THE MILITARY HOUSING PRIVATIZATION INITIATIVE,2023-09-27,hsas00,House National Security Committee,YQPthPiGYf0,https://www.youtube.com/watch?v=YQPthPiGYf0,20230927 QoL: An Update on Unaccompanied Mil Housing and the Mil Housing Privatization Initiative,0.78,fuzzy_title_exact_date,,
118,55527,[H.A.S.C. No. 118-44] CAN IT WORK? OUTSIDE PERSPECTIVES ON DOD'S REPLICATOR PROGRAM,2023-10-19,hsas00,House National Security Committee,NwouFACfQmY,https://www.youtube.com/watch?v=NwouFACfQmY,20231019 CITI Hearing: Can it work? Outside Perspectives on DOD's Replicator Program,0.71,fuzzy_title_exact_date,,
118,54722,[H.A.S.C. No. 118-45] THE SUBMARINE INDUSTRIAL BASE AND ITS ABILITY TO SUPPORT THE AUKUS FRAMEWORK,2023-10-25,hsas00,House National Security Committee,bs4PYJJZ7r0,https://www.youtube.com/watch?v=bs4PYJJZ7r0,20231025 SPF Hearing: The Submarine Industrial Base and its Ability to Support the AUKUS Framework,0.77,fuzzy_title_exact_date,,
118,56378,[H.A.S.C. No. 118-46] CONGRESSIONAL COMMISSION ON THE STRATEGIC POSTURE OF THE UNITED STATES,2023-11-15,hsas00,House National Security Committee,ouZzyGvdtks,https://www.youtube.com/watch?v=ouZzyGvdtks,20231115 FC Hearing: Congressional Commission on the Strategic Posture of the United States,0.75,fuzzy_title_exact_date,,
118,55573,BACK TO THE FUTURE,2023-12-06,hsas00,House National Security Committee,NDvRFH8-B_c,https://www.youtube.com/watch?v=NDvRFH8-B_c,20231206 CITI Hearing: Back to the Future,0.84,substring_nearby_date,,
118,57564,[H.A.S.C. No. 118-48 - Regional Missile Defense Assets-Assessing Cocom and Allied Demand for Capabilities,2023-12-07,hsas00,House National Security Committee,3iZykPfSNks,https://www.youtube.com/watch?v=3iZykPfSNks,20231207 STR: Regional Missile Defense Assets – Assessing COCOM and Allied Demand for Capabilities,0.78,fuzzy_title_exact_date,,
118,56026,F-35 ACQUISITION PROGRAM UPDATE,2023-12-12,hsas00,House National Security Committee,iuyYvmSbGo0,https://www.youtube.com/watch?v=iuyYvmSbGo0,20231212  TAL Hearing: F-35 Acquisition Program Update,0.85,substring_nearby_date,,
118,55202,RECRUITING SHORTFALLS AND GROWING MISTRUST: PERCEPTIONS OF THE U.S. MILITARY,2023-12-13,hsas00,House National Security Committee,VIngXajW_wQ,https://www.youtube.com/watch?v=VIngXajW_wQ,20231213 MLP Hearing: Recruiting Shortfalls and Growing Mistrust: Perceptions of the US Military,0.76,fuzzy_title_exact_date,,
118,55233,DEPARTMENT OF DEFENSE MONITORING OF COVID-19,2024-03-07,hsas00,House National Security Committee,oi2FaFS_afE,https://www.youtube.com/watch?v=oi2FaFS_afE,20240307  MLP Hearing: Department of Defense Monitoring of COVID-19,0.71,fuzzy_title_exact_date,,
118,57371,U.S. Military Posture and National Security Challenges in North and South America,2024-03-12,hsas00,House National Security Committee,qVDDwKfyDb8,https://www.youtube.com/watch?v=qVDDwKfyDb8,20240312  FC Hearing: U.S. Military Posture and Nat Sec Challenges in North and South America,0.72,fuzzy_title_exact_date,,
118,57191,U.S. and Adversary Hypersonic Capabilities,2024-03-12,hsas00,House National Security Committee,KXeM6OzFt_g,https://www.youtube.com/watch?v=KXeM6OzFt_g,20240312  STR Hearing: U.S. and Adversary Hypersonic Capabilities,0.7,fuzzy_title_exact_date,,
118,56071,[H.A.S.C. No. 118-61] TOO CRITICAL TO FAIL: GETTING SOFTWARE RIGHT IN AN AGE OF RAPID INNOVATION,2024-03-13,hsas00,House National Security Committee,LYPFEm5IkDY,https://www.youtube.com/watch?v=LYPFEm5IkDY,20240313  CITI Hearing: Too Critical to Fail: Getting Software Right in an Age of Rapid Innovation,0.75,fuzzy_title_exact_date,,
118,56331,U.S. MILITARY POSTURE AND NATIONAL SECURITY CHALLENGES IN EUROPE,2024-04-10,hsas00,House National Security Committee,mLbWrj3fFxk,https://www.youtube.com/watch?v=mLbWrj3fFxk,20240410  Full Committee Hearing: U.S. Military Posture and National Security Challenges in Europe,0.7,fuzzy_title_exact_date,117114,
118,55951,Posture and Readiness of The Mobility Enterprise - Transcom and Marad,2024-04-11,hsas00,House National Security Committee,rZ6ZrDRCK1E,https://www.youtube.com/watch?v=rZ6ZrDRCK1E,20240411 Joint SPF-RDY: Posture and Readiness of the Mobility Enterprise – TRANSCOM and MARAD,0.75,fuzzy_title_exact_date,,
118,57193,Fiscal Year 2025 Budget Request For Missile Defense And Missile Defeat Programs,2024-04-12,hsas00,House National Security Committee,D6mHNygMWBI,https://www.youtube.com/watch?v=D6mHNygMWBI,20240412  STR Hearing: FY25 Budget Request for Missile Defense and Missile Defeat Programs:,0.73,fuzzy_title_exact_date,,
118,56361,Department of The Army Fiscal Year 2025 Budget Request,2024-04-16,hsas00,House National Security Committee,tWOJ0YY_yyY,https://www.youtube.com/watch?v=tWOJ0YY_yyY,20240416 Full Committee Hearing: Department of the Army Fiscal Year 2025 Budget Request,0.85,substring_nearby_date,,
118,56396,Military Department Personnel Chiefs: Personnel Posture,2024-04-17,hsas00,House National Security Committee,MeUK3tzsq3g,https://www.youtube.com/watch?v=MeUK3tzsq3g,20240417 MLP Hearing: Military Department Personnel Chiefs: Personnel Posture,0.74,fuzzy_title_exact_date,,
118,56053,DEPARTMENT OF THE NAVY FISCAL YEAR 2025 BUDGET REQUEST FOR SEAPOWER AND PROJECTION FORCES,2024-04-17,hsas00,House National Security Committee,Jt4D7U9yJzs,https://www.youtube.com/watch?v=Jt4D7U9yJzs,20240417 SPF Hearing: Department of the Navy FY25 Budget Request for Seapower and Projection Forces,0.71,fuzzy_title_exact_date,,
118,57568,Department of the Air Force Fiscal Year 2025 Budget Request,2024-04-17,hsas00,House National Security Committee,x95y_uH4qR4,https://www.youtube.com/watch?v=x95y_uH4qR4,20240417 Full Committee Hearing: Department of the Air Force Fiscal Year 2025 Budget Request,0.85,substring_nearby_date,,
118,57480,Department of Defense Fiscal Year 2025 Budget Request,2024-04-30,hsas00,House National Security Committee,Nr5xMeo96Xg,https://www.youtube.com/watch?v=Nr5xMeo96Xg,20240430 Full Committee Hearing: Department of Defense Fiscal Year 2025 Budget Request,0.85,substring_nearby_date,,
118,57569,Department of the Navy Fiscal Year 2025 Budget Request,2024-05-01,hsas00,House National Security Committee,g6T2swgysLk,https://www.youtube.com/watch?v=g6T2swgysLk,20240501Full Committee Hearing: Department of the Navy Fiscal Year 2025 Budget Request,0.85,substring_nearby_date,,
118,57375,FY25 Budget Request for National Security Space Programs,2024-05-01,hsas00,House National Security Committee,Wg1jTr8MKyY,https://www.youtube.com/watch?v=Wg1jTr8MKyY,20240501STR Hearing: FY25 Budget Request for National Security Space Programs,0.75,fuzzy_title_exact_date,,
118,57661,[H.A.S.C. No. 118-85] Fielding Technology and Innovation: Industry Views on Department of Defense Acquisition,2024-09-16,hsas00,House National Security Committee,Zd_SZsI_jUA,https://www.youtube.com/watch?v=Zd_SZsI_jUA,20240909: FC: Fielding Technology & Innovation: Industry Views on Department of Defense Acquisition,0.74,fuzzy_title_exact_date,,
118,58094,THE FINDINGS AND RECOMMENDATIONS OF THE COMMISSION ON THE NATIONAL DEFENSE STRATEGY,2024-09-18,hsas00,House National Security Committee,ToW4x6a7LIM,https://www.youtube.com/watch?v=ToW4x6a7LIM,20240918: FC: The Findings and Recommendations of the Commission on the National Defense Strategy,0.83,fuzzy_title_exact_date,,
118,52357,COMBATTING THE ECONOMIC THREAT FROM CHINA,2023-02-07,hsba00,"House Banking, Currency, and Housing Committee",QPKxLlXbD8o,https://www.youtube.com/watch?v=QPKxLlXbD8o,Combatting the Economic Threat from China (EventID=115279),1.0,event_id_exact,115279,
118,52358,"SOPHISTICATION OR DISCRIMINATION? HOW THE ""ACCREDITED INVESTOR"" DEFINITION UNFAIRLY LIMITS INVESTMENT ACCESS FOR THE NON-WEALTHY AND THE NEED FOR REFORM",2023-02-08,hsba00,"House Banking, Currency, and Housing Committee",M1t22EQJggA,https://www.youtube.com/watch?v=M1t22EQJggA,Sophistication or Discrimination: How the Accredited Investor Definition Unfairl... (EventID=115288),1.0,event_id_exact,115288,
118,52359,EMPOWERING ENTREPRENEURS: REMOVING BARRIERS TO CAPITAL ACCESS FOR SMALL BUSINESSES,2023-02-08,hsba00,"House Banking, Currency, and Housing Committee",5lW8MwdJ7m8,https://www.youtube.com/watch?v=5lW8MwdJ7m8,Empowering Entrepreneurs: Removing Barriers to Capital Access for Small... (EventID=115289),1.0,event_id_exact,115289,
118,52362,HOLDING THE BIDEN ADMINISTRATION ACCOUNTABLE FOR WASTEFUL SPENDING. AND REGULATORY OVERREACH,2023-03-08,hsba00,"House Banking, Currency, and Housing Committee",W0v8Tifk7RM,https://www.youtube.com/watch?v=W0v8Tifk7RM,Holding the Biden Administration Accountable for Wasteful Spending and... (EventID=115385),1.0,event_id_exact,115385,
118,52361,THE FEDERAL RESERVE'S SEMI-ANNUAL MONETARY POLICY REPORT,2023-03-08,hsba00,"House Banking, Currency, and Housing Committee",5zMXW13luH8,https://www.youtube.com/watch?v=5zMXW13luH8,The Federal Reserve’s Semi-Annual Monetary Policy Report (EventID=115416),1.0,event_id_exact,115416,
118,52363,U.S. PUBLIC MARKETS BUILT FOR THE 21ST CENTURY: EXPLORING REFORMS TO MAKE OUR PUBLIC MARKETS ATTRACTIVE FOR SMALL AND EMERGING COMPANIES RAISING CAPITAL,2023-03-09,hsba00,"House Banking, Currency, and Housing Committee",02bIBcdNA30,https://www.youtube.com/watch?v=02bIBcdNA30,U.S. Public Markets Built for the 21st Century: Exploring Reforms to Make Our... (EventID=115394),1.0,event_id_exact,115394,
118,52364,COINCIDENCE OR COORDINATED? THE ADMINISTRATION'S ATTACK ON THE DIGITAL ASSET ECOSYSTEM,2023-03-09,hsba00,"House Banking, Currency, and Housing Committee",hp2lT_Xe0do,https://www.youtube.com/watch?v=hp2lT_Xe0do,Coincidence or Coordinated? The Administration’s Attack on the Digital Asset... (EventID=115389),1.0,event_id_exact,115389,
118,52365,CONSUMER FINANCIAL PROTECTION BUREAU: RIPE FOR REFORM,2023-03-09,hsba00,"House Banking, Currency, and Housing Committee",OeDDklr-j2o,https://www.youtube.com/watch?v=OeDDklr-j2o,Consumer Financial Protection Bureau: Ripe for Reform (EventID=115384),1.0,event_id_exact,115384,
118,52366,HOW DO WE ENCOURAGE GREATER FLOOD INSURANCE COVERAGE IN AMERICA?,2023-03-10,hsba00,"House Banking, Currency, and Housing Committee",tWsfOeWsUzc,https://www.youtube.com/watch?v=tWsfOeWsUzc,How Do We Encourage Greater Flood Insurance Coverage in America? (EventID=115462),1.0,event_id_exact,115462,
118,52389,FOLLOW THE MONEY: THE CCP'S BUSINESS MODEL FUELING THE FENTANYL CRISIS,2023-03-23,hsba00,"House Banking, Currency, and Housing Committee",lV8A8Myo9X8,https://www.youtube.com/watch?v=lV8A8Myo9X8,Follow the Money: The CCP’s Business Model Fueling the Fentanyl Crisis (EventID=115542),1.0,event_id_exact,115542,
118,52390,THE FEDERAL REGULATORS' RESPONSE TO RECENT BANK FAILURES,2023-03-29,hsba00,"House Banking, Currency, and Housing Committee",Jj3tOB0ga9I,https://www.youtube.com/watch?v=Jj3tOB0ga9I,The Federal Regulators' Response to Recent Bank Failures (EventID=115605),1.0,event_id_exact,115605,
118,52391,OVERSIGHT OF THE SECURITIES AND EXCHANGE COMMISSION,2023-04-18,hsba00,"House Banking, Currency, and Housing Committee",A44LPXZ33_E,https://www.youtube.com/watch?v=A44LPXZ33_E,Oversight of the Securities and Exchange Commission (EventID=115751),1.0,event_id_exact,115751,
118,52392,A ROADMAP FOR GROWTH: REFORMS TO ENCOURAGE CAPITAL FORMATION AND INVESTMENT OPPORTUNITIES FOR ALL AMERICANS,2023-04-19,hsba00,"House Banking, Currency, and Housing Committee",a6QQttMgHo0,https://www.youtube.com/watch?v=a6QQttMgHo0,A Roadmap for Growth: Reforms to Encourage Capital Formation and Investment... (EventID=115754),1.0,event_id_exact,115754,
118,52393,UNDERSTANDING STABLECOINS' ROLE IN PAYMENTS AND THE NEED FOR LEGISLATION,2023-04-19,hsba00,"House Banking, Currency, and Housing Committee",jeNa4TVccBM,https://www.youtube.com/watch?v=jeNa4TVccBM,Understanding Stablecoins’ Role in Payments and the Need for Legislation (EventID=115753),1.0,event_id_exact,115753,
118,52394,OVERSIGHT OF THE FINANCIAL CRIMES ENFORCEMENT NETWORK (FinCEN) AND THE OFFICE OF TERRORISM AND FINANCIAL INTELLIGENCE (TFI),2023-04-27,hsba00,"House Banking, Currency, and Housing Committee",FiVt-wYfhL0,https://www.youtube.com/watch?v=FiVt-wYfhL0,Oversight of the Financial Crimes Enforcement Network (FinCEN) and the Office of... (EventID=115822),1.0,event_id_exact,115822,
118,52395,THE FUTURE OF DIGITAL ASSETS: IDENTIFYING THE REGULATORY GAPS IN THE DIGITAL ASSET MARKET STRUCTURE,2023-04-27,hsba00,"House Banking, Currency, and Housing Committee",vF6C3Zjb0vk,https://www.youtube.com/watch?v=vF6C3Zjb0vk,The Future of Digital Assets: Identifying the Regulatory Gaps in Digital Asset... (EventID=115821),1.0,event_id_exact,115821,
118,52396,THE REAUTHORIZATION OF THE NATIONAL FLOOD INSURANCE PROGRAM: FEMA'S PERSPECTIVE,2023-04-28,hsba00,"House Banking, Currency, and Housing Committee",6rZ9t13_5Lw,https://www.youtube.com/watch?v=6rZ9t13_5Lw,The Reauthorization of the National Flood Insurance Program: FEMA’s Perspective (EventID=115836),1.0,event_id_exact,115836,
118,52932,FEDERAL RESPONSES TO RECENT BANK FAILURES,2023-05-10,hsba00,"House Banking, Currency, and Housing Committee",rC1xe9Vhijo,https://www.youtube.com/watch?v=rC1xe9Vhijo,Federal Responses to Recent Bank Failures (EventID=115890),1.0,event_id_exact,115890,
118,52933,OVERSIGHT OF SILICON VALLEY BANK AND SIGNATURE BANK: GAO'S PRELIMINARY REVIEW,2023-05-11,hsba00,"House Banking, Currency, and Housing Committee",etPKug0Vnkk,https://www.youtube.com/watch?v=etPKug0Vnkk,Oversight of Silicon Valley Bank and Signature Bank: GAO’s Preliminary Review (EventID=115875),1.0,event_id_exact,115875,
118,52934,OVERSIGHT OF PRUDENTIAL REGULATORS,2023-05-16,hsba00,"House Banking, Currency, and Housing Committee",fw1wHI4s-BA,https://www.youtube.com/watch?v=fw1wHI4s-BA,Oversight of Prudential Regulators (EventID=115922),1.0,event_id_exact,115922,
118,52935,CONTINUED OVERSIGHT OVER REGIONAL BANK FAILURES,2023-05-17,hsba00,"House Banking, Currency, and Housing Committee",8XBMICzCx5s,https://www.youtube.com/watch?v=8XBMICzCx5s,Joint Hearing: Continued Oversight Over Regional Bank Failures (EventID=115923),0.85,substring_nearby_date,,
118,52936,THE CURRENT MORTGAGE MARKET: UNDERMINING HOUSING AFFORDABILITY WITH POLITICS,2023-05-17,hsba00,"House Banking, Currency, and Housing Committee",Uc9GPnBEKQ8,https://www.youtube.com/watch?v=Uc9GPnBEKQ8,The Current Mortgage Market: Undermining Housing Affordability with Politics (EventID=115954),1.0,event_id_exact,115954,
118,52937,"PUTTING THE ""STABLE"" IN ""STABLECOINS"": HOW LEGISLATION WILL HELP STABLECOINS ACHIEVE THEIR PROMISE",2023-05-18,hsba00,"House Banking, Currency, and Housing Committee",j9yNSGFtzgw,https://www.youtube.com/watch?v=j9yNSGFtzgw,Putting the ‘Stable’ in ‘Stablecoins:’ How Legislation Will Help Stablecoins... (EventID=115973),1.0,event_id_exact,115973,
118,52938,FHFA OVERSIGHT: PROTECTING HOMEOWNERS AND TAXPAYERS,2023-05-23,hsba00,"House Banking, Currency, and Housing Committee",K4fbx8ooa6s,https://www.youtube.com/watch?v=K4fbx8ooa6s,FHFA Oversight: Protecting Homeowners and Taxpayers (EventID=116003),1.0,event_id_exact,116003,
118,52939,INTERNATIONAL FINANCIAL INSTITUTIONS IN AN ERA OF GREAT POWER COMPETITION,2023-05-25,hsba00,"House Banking, Currency, and Housing Committee",glVnxTzbpq0,https://www.youtube.com/watch?v=glVnxTzbpq0,International Financial Institutions in an Era of Great Power Competition (EventID=116016),1.0,event_id_exact,116016,
118,52940,UNCERTAIN DEBT MANAGEMENT: TREASURY MARKETS AND FINANCIAL INSTITUTIONS,2023-06-06,hsba00,"House Banking, Currency, and Housing Committee",0i9QHmULu6U,https://www.youtube.com/watch?v=0i9QHmULu6U,Uncertain Debt Management: Treasury Markets and Financial Institutions (EventID=116054),1.0,event_id_exact,116054,
118,53177,DOLLAR DOMINANCE: PRESERVING THE U.S. DOLLAR'S STATUS AS THE GLOBAL RESERVE CURRENCY,2023-06-07,hsba00,"House Banking, Currency, and Housing Committee",iWwUopi0I4o,https://www.youtube.com/watch?v=iWwUopi0I4o,Dollar Dominance: Preserving the U.S. Dollar’s Status as the Global Reserve... (EventID=116068),1.0,event_id_exact,116068,
118,53179,THE FUTURE OF DIGITAL ASSETS: PROVIDING CLARITY FOR THE DIGITAL ASSET ECOSYSTEM,2023-06-13,hsba00,"House Banking, Currency, and Housing Committee",Sq4-6dJRfPs,https://www.youtube.com/watch?v=Sq4-6dJRfPs,The Future of Digital Assets: Providing Clarity for the Digital Asset Ecosystem (EventID=116085),1.0,event_id_exact,116085,
118,53178,THE ANNUAL TESTIMONY OF THE SECRETARY OF THE TREASURY ON THE STATE OF THE INTERNATIONAL FINANCIAL SYSTEM,2023-06-13,hsba00,"House Banking, Currency, and Housing Committee",snyJCDf2_0k,https://www.youtube.com/watch?v=snyJCDf2_0k,The Annual Testimony of the Secretary of the Treasury on the State of the... (EventID=116084),0.71,fuzzy_title_exact_date,,
118,53180,THE SEMI-ANNUAL REPORT OF THE BUREAU OF CONSUMER FINANCIAL PROTECTION,2023-06-14,hsba00,"House Banking, Currency, and Housing Committee",wEa0th4D06g,https://www.youtube.com/watch?v=wEa0th4D06g,The Semi-Annual Report of the Bureau of Consumer Financial Protection (EventID=116102),1.0,event_id_exact,116102,
118,53199,THE FEDERAL RESERVE'S SEMI-ANNUAL MONETARY POLICY REPORT,2023-06-21,hsba00,"House Banking, Currency, and Housing Committee",25H_MJfGbUI,https://www.youtube.com/watch?v=25H_MJfGbUI,The Federal Reserve’s Semi-Annual Monetary Policy Report (EventID=116127),0.78,fuzzy_title_exact_date,,
118,53200,HUD OVERSIGHT: TESTIMONY OF THE HUD INSPECTOR GENERAL,2023-06-21,hsba00,"House Banking, Currency, and Housing Committee",qxuk_ie-dZA,https://www.youtube.com/watch?v=qxuk_ie-dZA,HUD Oversight: Testimony of the HUD Inspector General (EventID=116128),1.0,event_id_exact,116128,
118,53202,OVERSIGHT OF THE SEC'S DIVISION OF TRADING AND MARKETS,2023-06-22,hsba00,"House Banking, Currency, and Housing Committee",LQpnGnsQDj8,https://www.youtube.com/watch?v=LQpnGnsQDj8,Oversight of the SEC’s Division of Corporation Finance  (EventID=116143),1.0,event_id_exact,116143,
118,53201,OVERSIGHT OF THE SEC,2023-06-22,hsba00,"House Banking, Currency, and Housing Committee",_D2b_7j3tac,https://www.youtube.com/watch?v=_D2b_7j3tac,Oversight of the SEC (EventID=116142),0.85,substring_nearby_date,,
118,53376,PROTECTING INVESTOR INTERESTS: EXAMINING ENVIRONMENTAL AND SOCIAL POLICY IN FINANCIAL REGULATION,2023-07-12,hsba00,"House Banking, Currency, and Housing Committee",vAr4OB5kOPU,https://www.youtube.com/watch?v=vAr4OB5kOPU,Protecting Investor Interests: Examining Environmental and Social Policy in... (EventID=116194),0.7,fuzzy_title_exact_date,,
118,53377,REFORMING THE PROXY PROCESS TO SAFEGUARD INVESTOR INTERESTS,2023-07-13,hsba00,"House Banking, Currency, and Housing Committee",orCzhkQ3QV8,https://www.youtube.com/watch?v=orCzhkQ3QV8,Reforming the Proxy Process to Safeguard Investor Interests (EventID=116207),0.79,fuzzy_title_exact_date,,
118,53378,OVERSIGHT OF THE PROXY ADVISORY INDUSTRY,2023-07-13,hsba00,"House Banking, Currency, and Housing Committee",UlxtUMJlcQ4,https://www.youtube.com/watch?v=UlxtUMJlcQ4,Oversight of the Proxy Advisory Industry (EventID=116203),0.74,fuzzy_title_exact_date,,
118,53379,HOW MANDATES LIKE ESG DISTORT MARKETS AND DRIVE UP COSTS FOR INSURANCE AND HOUSING,2023-07-14,hsba00,"House Banking, Currency, and Housing Committee",pp9yarNEuAA,https://www.youtube.com/watch?v=pp9yarNEuAA,How Mandates Like ESG Distort Markets and Drive Up Costs for Insurance and Housing (EventID=116212),0.82,fuzzy_title_exact_date,,
118,53871,POTENTIAL CONSEQUENCES OF FINCEN'S BENEFICIAL OWNERSHIP RULEMAKING,2023-07-18,hsba00,"House Banking, Currency, and Housing Committee",F0fsimyVMXM,https://www.youtube.com/watch?v=F0fsimyVMXM,Potential Consequences of FinCEN’s Beneficial Ownership Rulemaking (EventID=116236),0.8,fuzzy_title_exact_date,,
118,53869,CLIMATE RISK: ARE FINANCIAL REGULATORS POLITICALLY INDEPENDENT?,2023-07-18,hsba00,"House Banking, Currency, and Housing Committee",8xZfAI0-Mig,https://www.youtube.com/watch?v=8xZfAI0-Mig,Climate-Risk: Are Financial Regulators Politically Independent? (EventID=116235),0.79,fuzzy_title_exact_date,,
118,54177,IMPLEMENTING BASEL III: WHAT'S THE FED'S ENDGAME?,2023-09-14,hsba00,"House Banking, Currency, and Housing Committee",_tTtxz8LzuI,https://www.youtube.com/watch?v=_tTtxz8LzuI,Implementing Basel III: What’s the Fed’s Endgame? (EventID=116339),0.76,fuzzy_title_exact_date,,
118,54179,A HOLISTIC REVIEW OF REGULATORS: REGULATORY OVERREACH AND ECONOMIC CONSEQUENCES,2023-09-19,hsba00,"House Banking, Currency, and Housing Committee",yDZK9dbOvWI,https://www.youtube.com/watch?v=yDZK9dbOvWI,A Holistic Review of Regulators: Regulatory Overreach and Economic Consequences (EventID=116342),0.81,fuzzy_title_exact_date,,
118,54180,OVERSIGHT OF THE SEC'S DIVISION OF INVESTMENT MANAGEMENT,2023-09-19,hsba00,"House Banking, Currency, and Housing Committee",sSK0PVdF-Mc,https://www.youtube.com/watch?v=sSK0PVdF-Mc,Oversight of the SEC’s Division of Investment Management (EventID=116341),0.78,fuzzy_title_exact_date,,
118,54314,OVERSIGHT OF THE SECURITIES AND EXCHANGE COMMISSION,2023-09-27,hsba00,"House Banking, Currency, and Housing Committee",gzhmi10nNN4,https://www.youtube.com/watch?v=gzhmi10nNN4,Oversight of the Securities and Exchange Commission (EventID=116403),0.77,fuzzy_title_exact_date,,
118,54315,MODERNIZING FINANCIAL SERVICES THROUGH INNOVATION AND COMPETITION,2023-10-25,hsba00,"House Banking, Currency, and Housing Committee",5kuSC3r_Fh4,https://www.youtube.com/watch?v=5kuSC3r_Fh4,Modernizing Financial Services Through Innovation and Competition (EventID=116459),0.8,fuzzy_title_exact_date,,
118,55021,EXAMINING THE SEC'S AGENDA: UNINTENDED CONSEQUENCES FOR U.S. CAPITAL MARKETS AND INVESTORS,2023-11-02,hsba00,"House Banking, Currency, and Housing Committee",IH5CoKSgZR0,https://www.youtube.com/watch?v=IH5CoKSgZR0,Examining the SEC’s Agenda: Unintended Consequences for U.S. Capital Markets and... (EventID=116527),0.76,fuzzy_title_exact_date,,
118,55022,THE FACTORS INFLUENCING THE HIGH COST OF INSURANCE FOR CONSUMERS,2023-11-02,hsba00,"House Banking, Currency, and Housing Committee",k1vHfFHDExY,https://www.youtube.com/watch?v=k1vHfFHDExY,The Factors Influencing the High Cost of Insurance for Consumers (EventID=116528),0.8,fuzzy_title_exact_date,,
118,55096,OVERSIGHT OF PRUDENTIAL REGULATORS,2023-11-15,hsba00,"House Banking, Currency, and Housing Committee",stHnTq6JQdw,https://www.youtube.com/watch?v=stHnTq6JQdw,Oversight of Prudential Regulators (EventID=116578),0.72,fuzzy_title_exact_date,,
118,55097,CRYPTO CRIME IN CONTEXT: BREAKING DOWN THE ILLICIT ACTIVITY IN DIGITAL ASSETS,2023-11-15,hsba00,"House Banking, Currency, and Housing Committee",rarI-5O77Ts,https://www.youtube.com/watch?v=rarI-5O77Ts,Crypto Crime in Context: Breaking Down the Illicit Activity in Digital Assets (EventID=116579),0.81,fuzzy_title_exact_date,,
118,55098,THE SEMI-ANNUAL REPORT OF THE BUREAU OF CONSUMER FINANCIAL PROTECTION,2023-11-29,hsba00,"House Banking, Currency, and Housing Committee",xGZxPgs4C80,https://www.youtube.com/watch?v=xGZxPgs4C80,The Semi-Annual Report of the Bureau of Consumer Financial Protection (EventID=116547),0.8,fuzzy_title_exact_date,,
118,55205,HOUSING AFFORDABILITY: GOVERNMENTAL BARRIERS AND MARKET-BASED SOLUTIONS,2023-12-06,hsba00,"House Banking, Currency, and Housing Committee",OJ0MbvwidcY,https://www.youtube.com/watch?v=OJ0MbvwidcY,Housing Affordability: Governmental Barriers and Market-Based Solutions (EventID=116635),0.8,fuzzy_title_exact_date,,
118,55206,CONNECTING COMMUNITIES: BUILDING INNOVATION ECOSYSTEMS ACROSS AMERICA,2023-12-08,hsba00,"House Banking, Currency, and Housing Committee",ZVlUWAH7LPo,https://www.youtube.com/watch?v=ZVlUWAH7LPo,Field Hearing: Connecting Communities: Building Innovation Ecosystems Across America(EventID=116639),0.8,fuzzy_title_exact_date,,
118,55207,"RESTRICTING ROGUE-STATE REVENUE: STRENGTHENING ENERGY SANCTIONS ON RUSSIA, IRAN, AND VENEZUELA",2023-12-12,hsba00,"House Banking, Currency, and Housing Committee",p7QyzOQXrsQ,https://www.youtube.com/watch?v=p7QyzOQXrsQ,"Restricting Rogue-State Revenue: Strengthening Energy Sanctions on Russia, Iran... (EventID=116636)",0.75,fuzzy_title_exact_date,,
118,55208,"EXAMINING THE AGENDA OF REGULATORS, SROs, AND STANDARDS-SETTERS FOR ACCOUNTING, AUDITING",2023-12-12,hsba00,"House Banking, Currency, and Housing Committee",aduHWUfuLJg,https://www.youtube.com/watch?v=aduHWUfuLJg,"Examining the Agenda of Regulators, SROs, and Standards-Setters for Accounting... (EventID=116638)",0.8,fuzzy_title_exact_date,,
118,56001,OVERSIGHT OF THE DEPARTMENT OF HOUSING AND URBAN DEVELOPMENT AND THE FEDERAL HOUSING ADMINISTRATION,2024-01-11,hsba00,"House Banking, Currency, and Housing Committee",jYKgZHaWuSc,https://www.youtube.com/watch?v=jYKgZHaWuSc,Oversight of the Department of Housing and Urban Development & the Federal Housing (EventID=116728),0.74,fuzzy_title_exact_date,,
118,56190,INTERNATIONAL FINANCING OF NUCLEAR ENERGY,2024-01-17,hsba00,"House Banking, Currency, and Housing Committee",Ax0X1jeOue0,https://www.youtube.com/watch?v=Ax0X1jeOue0,International Financing of Nuclear Energy (EventID=116742),0.75,fuzzy_title_exact_date,,
118,56256,OVERSIGHT OF THE SEC'S PROPOSED CLIMATE DISCLOSURE RULE: A FUTURE OF LEGAL HURDLES,2024-01-18,hsba00,"House Banking, Currency, and Housing Committee",2qLJQgE9lEk,https://www.youtube.com/watch?v=2qLJQgE9lEk,Oversight of the SEC’s Proposed Climate Disclosure Rule: A Future of Legal... (EventID=116744),0.76,fuzzy_title_exact_date,,
118,56258,RULES WITHOUT ANALYSIS: FEDERAL BANKING PROPOSALS UNDER THE BIDEN ADMINISTRATION,2024-01-31,hsba00,"House Banking, Currency, and Housing Committee",jd7cWpQzMd4,https://www.youtube.com/watch?v=jd7cWpQzMd4,Rules Without Analysis: Federal Banking Proposals Under the Biden Administration (EventID=116775),0.81,fuzzy_title_exact_date,,
118,56278,THE ANNUAL REPORT OF THE FINANCIAL,2024-02-06,hsba00,"House Banking, Currency, and Housing Committee",FTczQUTMJmU,https://www.youtube.com/watch?v=FTczQUTMJmU,The Annual Report of the Financial Stability Oversight Council (EventID=116798),0.84,substring_nearby_date,,
118,56280,LENDER OF LAST RESORT: ISSUES WITH THE FED DISCOUNT WINDOW AND EMERGENCY LENDING,2024-02-15,hsba00,"House Banking, Currency, and Housing Committee",eLJrUXhC7FA,https://www.youtube.com/watch?v=eLJrUXhC7FA,Lender of Last Resort: Issues with the Fed Discount Window and Emergency Lending (EventID=116860),0.81,fuzzy_title_exact_date,,
118,56281,CRYPTO CRIME IN CONTEXT PART II: EXAMINING APPROACHES TO COMBAT ILLICIT ACTIVITY,2024-02-15,hsba00,"House Banking, Currency, and Housing Committee",yd6MV5GoOQY,https://www.youtube.com/watch?v=yd6MV5GoOQY,Crypto Crime in Context Part II: Examining Approaches to Combat Illicit Activity (EventID=116861),0.81,fuzzy_title_exact_date,,
118,56348,THE FEDERAL RESERVE'S SEMI-ANNUAL MONETARY POLICY REPORT,2024-03-06,hsba00,"House Banking, Currency, and Housing Committee",kB4MTFNX61M,https://www.youtube.com/watch?v=kB4MTFNX61M,The Federal Reserve’s Semi-Annual Monetary Policy Report (EventID=116915),0.78,fuzzy_title_exact_date,,
118,56349,POLITICIZED FINANCIAL REGULATION AND ITS IMPACT ON CONSUMER CREDIT AND COMMUNITY DEVELOPMENT,2024-03-07,hsba00,"House Banking, Currency, and Housing Committee",bDh2BVAaU-s,https://www.youtube.com/watch?v=bDh2BVAaU-s,Politicized Financial Regulation and its Impact on Consumer Credit and Community... (EventID=116927),0.82,fuzzy_title_exact_date,,
118,56350,MISSION CRITICAL: RESTORING NATIONAL SECURITY AS THE FOCUS OF DEFENSE PRODUCTION ACT REAUTHORIZATION,2024-03-12,hsba00,"House Banking, Currency, and Housing Committee",aNRiuvdmNWQ,https://www.youtube.com/watch?v=aNRiuvdmNWQ,Mission Critical: Restoring National Security as the Focus of Defense Production... (EventID=116950),0.73,fuzzy_title_exact_date,,
118,56393,THE CHARACTERISTICS AND CHALLENGES OF TODAY'S HOMEBUYERS,2024-03-20,hsba00,"House Banking, Currency, and Housing Committee",qqRuRGqD75A,https://www.youtube.com/watch?v=qqRuRGqD75A,The Characteristics and Challenges of Today’s Homebuyers (EventID=116995),0.78,fuzzy_title_exact_date,,
118,56394,SEC OVERREACH: EXAMINING THE NEED FOR REFORM,2024-03-20,hsba00,"House Banking, Currency, and Housing Committee",E1tCgE9YuwQ,https://www.youtube.com/watch?v=E1tCgE9YuwQ,SEC Overreach: Examining the Need for Reform (EventID=116994),0.75,fuzzy_title_exact_date,,
118,56436,IMPORTING GLOBAL GOVERNANCE:,2024-03-21,hsba00,"House Banking, Currency, and Housing Committee",y2bgLAtfmmI,https://www.youtube.com/watch?v=y2bgLAtfmmI,Importing Global Governance: Examining the Dangers of Ceding Authority Over... (EventID=116997),0.82,substring_nearby_date,,
118,56437,BEYOND SCOPE: HOW THE SEC'S CLIMATE RULE THREATENS AMERICAN MARKETS,2024-04-10,hsba00,"House Banking, Currency, and Housing Committee",gr3ZaIhx83o,https://www.youtube.com/watch?v=gr3ZaIhx83o,Beyond Scope: How the SEC’s Climate Rule Threatens American Markets (EventID=117092),0.8,fuzzy_title_exact_date,,
118,56438,HELD FOR RANSOM: HOW RANSOMWARE ENDANGERS OUR FINANCIAL SYSTEM,2024-04-16,hsba00,"House Banking, Currency, and Housing Committee",VktjIwzKYdM,https://www.youtube.com/watch?v=VktjIwzKYdM,Held for Ransom: How Ransomware Endangers Our Financial System (EventID=117127),0.79,fuzzy_title_exact_date,,
118,56439,AGENCY AUDIT: REVIEWING CFPB FINANCIAL REPORTING AND TRANSPARENCY,2024-04-16,hsba00,"House Banking, Currency, and Housing Committee",BHv7UFF6a1A,https://www.youtube.com/watch?v=BHv7UFF6a1A,Agency Audit: Reviewing CFPB Financial Reporting & Transparency (EventID=117128),0.76,fuzzy_title_exact_date,,
118,56461,MERGER POLICIES OF THE FEDERAL BANKING AGENCIES,2024-05-01,hsba00,"House Banking, Currency, and Housing Committee",F0G1Km2w3IA,https://www.youtube.com/watch?v=F0G1Km2w3IA,Merger Policies of the Federal Banking Agencies (EventID=117227),0.76,fuzzy_title_exact_date,,
118,56462,SEC ENFORCEMENT: BALANCING DETERRENCE WITH DUE PROCESS,2024-05-07,hsba00,"House Banking, Currency, and Housing Committee",uPzBltjvzGQ,https://www.youtube.com/watch?v=uPzBltjvzGQ,SEC Enforcement: Balancing Deterrence with Due Process (EventID=117259),0.78,fuzzy_title_exact_date,,
118,56463,"MISSION CRITICAL: RESTORING NATIONAL SECURITY AS THE FOCUS OF DEFENSE PRODUCTION ACT REAUTHORIZATION, PART II",2024-05-08,hsba00,"House Banking, Currency, and Housing Committee",i9HK7UwwwmU,https://www.youtube.com/watch?v=i9HK7UwwwmU,Mission Critical: Restoring National Security as the Focus of Defense Production... (EventID=117274),0.7,fuzzy_title_exact_date,,
118,56520,PHA OVERSIGHT: HOW SCANDALS AND MISMANAGEMENT HARM RESIDENTS AND TAXPAYERS,2024-05-22,hsba00,"House Banking, Currency, and Housing Committee",nkQCDFoSirM,https://www.youtube.com/watch?v=nkQCDFoSirM,PHA Oversight: How Scandals and Mismanagement Harm Residents and Taxpayers (EventID=117346),0.81,fuzzy_title_exact_date,,
118,56522,OVERSIGHT OF THE FDIC'S FAILED LEADERSHIP AND TOXIC WORKPLACE CULTURE,2024-06-12,hsba00,"House Banking, Currency, and Housing Committee",OT6vD9uRDMU,https://www.youtube.com/watch?v=OT6vD9uRDMU,Oversight of the FDIC’s Failed Leadership and Toxic Workplace Culture (EventID=117412),0.8,fuzzy_title_exact_date,,
118,56906,THE ANNUAL TESTIMONY OF THE SECRETARY OF THE TREASURY ON THE STATE OF THE INTERNATIONAL FINANCIAL SYSTEM,2024-07-09,hsba00,"House Banking, Currency, and Housing Committee",MIiciQEbaAo,https://www.youtube.com/watch?v=MIiciQEbaAo,The Annual Testimony of the Secretary of the Treasury on the State of the... (EventID=117506),0.71,fuzzy_title_exact_date,,
118,53461,THE PRESIDENT'S FISCAL YEAR 2024 BUDGET REQUEST,2023-03-23,hsbu00,House Budget Committee,87Q0q9swdLg,https://www.youtube.com/watch?v=87Q0q9swdLg,The President's Fiscal Year 2024 Budget Request,1.0,event_id_exact,115518,
118,53462,FISCAL STATE OF THE UNION,2023-03-29,hsbu00,House Budget Committee,OcDi9zxtPJc,https://www.youtube.com/watch?v=OcDi9zxtPJc,Fiscal State of the Union,0.95,exact_date_title,,
118,53463,"EXPOSING THE WOKE, WASTEFUL, AND BLOATED BUREAUCRACY",2023-05-11,hsbu00,House Budget Committee,jPquEWc1mf0,https://www.youtube.com/watch?v=jPquEWc1mf0,"Republican Hearing: Exposing the Woke, Wasteful, and Bloated Bureaucracy",1.0,event_id_exact,115896,
118,54144,SOUNDING THE ALARM: EXAMINING THE NEED FOR A FISCAL COMMISSION,2023-10-19,hsbu00,House Budget Committee,vnV9Oq4iDw0,https://www.youtube.com/watch?v=vnV9Oq4iDw0,Republican Hearing: Sounding the Alarm: Examining the Need for a Fiscal Commission,0.77,fuzzy_title_exact_date,,
118,54417,"EXAMINING THE NEED FOR A FISCAL COMMISSION REVIEWING H.R. 710, H.R. 5779, AND S. 3262",2023-11-29,hsbu00,House Budget Committee,TQJU_4urZ4c,https://www.youtube.com/watch?v=TQJU_4urZ4c,"Republican Hearing: Examining the Need for a Fiscal Commission Reviewing H.R.710, H.R.5779, & S.3262",0.77,fuzzy_title_exact_date,,
118,54418,BUDGET PROCESS REFORM MEMBER DAY,2023-12-06,hsbu00,House Budget Committee,9aKrRjOOgOA,https://www.youtube.com/watch?v=9aKrRjOOgOA,Republican Hearing: Budget Process Reform Member Day,0.85,substring_nearby_date,,
118,55832,The Congressional Budget Officer's Budget and Economic Outlook,2024-02-14,hsbu00,House Budget Committee,Tt72d0MYqZs,https://www.youtube.com/watch?v=Tt72d0MYqZs,Republican Hearing: The Congressional Budget Office's Budget and Economic Outlook,0.76,fuzzy_title_exact_date,,
118,55833,The President's Fiscal Year 2025 Budget Request,2024-03-21,hsbu00,House Budget Committee,HZvJLcvWAoU,https://www.youtube.com/watch?v=HZvJLcvWAoU,The President's Fiscal Year 2025 Budget Request,0.95,exact_date_title,,
118,55834,THE COST OF THE BORDER CRISIS,2024-05-08,hsbu00,House Budget Committee,yKuq4WweyNI,https://www.youtube.com/watch?v=yKuq4WweyNI,Republican Hearing: The Cost of the Border Crisis,0.85,substring_nearby_date,,
118,56921,MEDICARE AND SOCIAL SECURITY: EXAMINING SOLVENCY AND IMPACTS TO THE FEDERAL BUDGET,2024-06-13,hsbu00,House Budget Committee,D0naNmvhJLI,https://www.youtube.com/watch?v=D0naNmvhJLI,Republican Hearing: Medicare & Social Security: Examining Solvency & Impacts to the Federal Budget,0.74,fuzzy_title_exact_date,,
118,51623,AMERICAN EDUCATION IN CRISIS,2023-02-08,hsed00,House Education and the Workforce Committee,oK_eqqVv56U,https://www.youtube.com/watch?v=oK_eqqVv56U,"""American Education in Crisis""",0.95,exact_date_title,,
118,51624,BREAKING THE SYSTEM: EXAMINING THE IMPLICATIONS OF BIDEN'S STUDENT LOAN POLICIES FOR STUDENTS AND TAXPAYERS,2023-03-23,hsed00,House Education and the Workforce Committee,ed3ueOt5kAw,https://www.youtube.com/watch?v=ed3ueOt5kAw,"""Breaking the System: Examining the Implications of Biden's Student Loan Policies...""",1.0,event_id_exact,115527,
118,51660,UNLEASHING AMERICA'S OPPORTUNITIES FOR HIRING AND EMPLOYMENT,2023-03-28,hsed00,House Education and the Workforce Committee,cSp3Fs3xkQ8,https://www.youtube.com/watch?v=cSp3Fs3xkQ8,"""Unleashing America’s Opportunities for Hiring and Employment""",1.0,event_id_exact,115558,
118,51659,DIVERSITY OF THOUGHT: PROTECTING FREE SPEECH ON COLLEGE CAMPUSES,2023-03-29,hsed00,House Education and the Workforce Committee,xpNXAwoiHwQ,https://www.youtube.com/watch?v=xpNXAwoiHwQ,"""Diversity of Thought: Protecting Free Speech on College Campuses""",0.95,exact_date_title,,
118,51823,SCHOOL CHOICE: EXPANDING EDUCATIONAL FREEDOM FOR ALL,2023-04-18,hsed00,House Education and the Workforce Committee,Y6gCljxU1d0,https://www.youtube.com/watch?v=Y6gCljxU1d0,"“School Choice: Expanding Educational Freedom for All""",0.95,exact_date_title,,
118,51824,EXAMINING BIDEN'S WAR ON INDEPENDENT CONTRACTORS,2023-04-19,hsed00,House Education and the Workforce Committee,g3TL2vL3Nno,https://www.youtube.com/watch?v=g3TL2vL3Nno,"""Examining Biden’s War on Independent Contractors""",0.95,exact_date_title,,
118,51857,REDUCING HEALTH CARE COSTS FOR WORKING AMERICANS AND THEIR FAMILIES,2023-04-26,hsed00,House Education and the Workforce Committee,nAf3Cmnk7-I,https://www.youtube.com/watch?v=nAf3Cmnk7-I,"""Reducing Health Care Costs for Working Americans and Their Families""",0.95,exact_date_title,,
118,55460,EXAMINING AMERICA'S WORKFORCE CHALLENGES: LOOKING FOR WAYS TO IMPROVE SKILLS DEVELOPMENT,2023-05-11,hsed00,House Education and the Workforce Committee,tiEd1pBkdtE,https://www.youtube.com/watch?v=tiEd1pBkdtE,"""Examining America’s Workforce Challenges: Looking for Ways to Improve Skills Development""",0.95,exact_date_title,,
118,56687,EXAMINING THE POLICIES AND PRIORITIES OF THE DEPARTMENT OF EDUCATION,2023-05-16,hsed00,House Education and the Workforce Committee,L2cooJxRBY0,https://www.youtube.com/watch?v=L2cooJxRBY0,"""Examining the Policies and Priorities of the Department of Education""",0.95,exact_date_title,,
118,55478,PROTECTING EMPLOYEES' RIGHTS: ENSURING FAIR ELECTIONS AT THE NLRB,2023-05-23,hsed00,House Education and the Workforce Committee,bPL-n-XOq9M,https://www.youtube.com/watch?v=bPL-n-XOq9M,“Protecting Employees’ Rights: Ensuring Fair Elections at the NLRB”,0.95,exact_date_title,,
118,55498,EXAMINING THE POLICIES AND PRIORITIES OF THE DEPARTMENT OF LABOR,2023-06-07,hsed00,House Education and the Workforce Committee,qnHwGSQxZ1A,https://www.youtube.com/watch?v=qnHwGSQxZ1A,"“Examining the Policies and Priorities of the Department of Labor""",0.95,exact_date_title,,
118,55561,EXAMINING THE POLICIES AND PRIORITIES OF THE DEPARTMENT OF HEALTH AND HUMAN SERVICES,2023-06-13,hsed00,House Education and the Workforce Committee,ULNJUrlva8s,https://www.youtube.com/watch?v=ULNJUrlva8s,"""Examining the Policies and Priorities of the Department of Health and Human Services""",0.95,exact_date_title,,
118,55562,COMPETITION AND TRANSPARENCY: THE PATHWAY FORWARD FOR A STRONGER HEALTH CARE MARKET,2023-06-21,hsed00,House Education and the Workforce Committee,4Od98PTi0dw,https://www.youtube.com/watch?v=4Od98PTi0dw,"""Competition and Transparency: The Pathway Forward for a Stronger Health Care Market""",0.95,exact_date_title,,
118,53757,COMPETENCIES OVER DEGREES: TRANSITIONING TO A SKILLS-BASED ECONOMY,2023-06-22,hsed00,House Education and the Workforce Committee,xjW4k7IDBPw,https://www.youtube.com/watch?v=xjW4k7IDBPw,"""Competencies Over Degrees: Transitioning to a Skills-Based Economy""",0.95,exact_date_title,,
118,53758,EXPOSING THE DANGERS OF THE INFLUENCE OF FOREIGN ADVERSARIES ON COLLEGE CAMPUSES,2023-07-13,hsed00,House Education and the Workforce Committee,ZDSIIHqEZCc,https://www.youtube.com/watch?v=ZDSIIHqEZCc,"""Exposing the Dangers of the Influence of Foreign Adversaries on College Campuses""",0.95,exact_date_title,,
118,53760,"CUTTING CORNERS AT WHD: EXAMINING THE COST TO WORKERS, SMALL BUSINESSES, AND THE ECONOMY",2023-07-18,hsed00,House Education and the Workforce Committee,0Exqk8Pwagw,https://www.youtube.com/watch?v=0Exqk8Pwagw,"""Cutting Corners at WHD: Examining the Cost to Workers, Small Businesses, and the Economy""",0.95,exact_date_title,,
118,1,GENERATIONAL LEARNING LOSS: HOW PANDEMIC SCHOOL CLOSURES HURT STUDENTS,2023-07-26,hsed00,House Education and the Workforce Committee,Oi9Phlo5xo0,https://www.youtube.com/watch?v=Oi9Phlo5xo0,"""Generational Learning Loss: How Pandemic School Closures Hurt Students""",0.95,exact_date_title,,
118,55701,"LOWERING COSTS AND INCREASING VALUE FOR STUDENTS, INSTITUTIONS, AND TAXPAYERS",2023-07-27,hsed00,House Education and the Workforce Committee,zq1twrcPFuo,https://www.youtube.com/watch?v=zq1twrcPFuo,"""Lowering Costs and Increasing Value for Students, Institutions, and Taxpayers""",0.95,exact_date_title,,
118,55773,THE IMPACT OF BIDEN'S OPEN BORDER ON THE AMERICAN WORKFORCE,2023-09-13,hsed00,House Education and the Workforce Committee,FJgDQAofp70,https://www.youtube.com/watch?v=FJgDQAofp70,"""The Impact of Biden’s Open Border on the American Workforce""",0.95,exact_date_title,,
118,55781,ACADEMIC FREEDOM UNDER ATTACK: LOOSENING THE CCP'S GRIP ON AMERICA'S CLASSROOMS,2023-09-19,hsed00,House Education and the Workforce Committee,_gMH6NPc1qY,https://www.youtube.com/watch?v=_gMH6NPc1qY,"""Academic Freedom Under Attack: Loosening the CCP's Grip on America's Classrooms""",0.95,exact_date_title,,
118,55799,"STRENGTHENING WIOA: IMPROVING OUTCOMES FOR JOBSEEKERS, EMPLOYERS, AND TAXPAYERS",2023-09-20,hsed00,House Education and the Workforce Committee,VltqDglye64,https://www.youtube.com/watch?v=VltqDglye64,"""Strengthening WIOA: Improving Outcomes for Jobseekers, Employers, and Taxpayers""",0.95,exact_date_title,,
118,55836,EXAMINING THE POLICIES AND PRIORITIES OF THE OCCUPATIONAL SAFETY AND HEALTH ADMINISTRATION,2023-09-27,hsed00,House Education and the Workforce Committee,p6B_4pfrEes,https://www.youtube.com/watch?v=p6B_4pfrEes,"""Examining the Policies and Priorities of the Occupational Safety and Health Administration""",0.95,exact_date_title,,
118,55918,HOW SCOTUS'S DECISION ON RACE-BASED ADMISSIONS IS SHAPING UNIVERSITY POLICIES,2023-09-28,hsed00,House Education and the Workforce Committee,az-zQemo3ns,https://www.youtube.com/watch?v=az-zQemo3ns,"""How SCOTUS's Decision on Race-Based Admissions is Shaping University Policies""",0.95,exact_date_title,,
118,55904,"PROTECTING KIDS: COMBATING GRAPHIC, EXPLICIT CONTENT IN SCHOOL LIBRARIES",2023-10-19,hsed00,House Education and the Workforce Committee,hToiHCaqtf8,https://www.youtube.com/watch?v=hToiHCaqtf8,"""Protecting Kids: Combating Graphic, Explicit Content in School Libraries""",0.95,exact_date_title,,
118,55964,CONFRONTING THE SCOURGE OF ANTISEMITISM ON CAMPUS,2023-11-14,hsed00,House Education and the Workforce Committee,9ImGsMXg8D0,https://www.youtube.com/watch?v=9ImGsMXg8D0,"""Confronting the Scourge of Antisemitism on Campus""",0.95,exact_date_title,,
118,56007,BAD FOR BUSINESS: DOL'S PROPOSED OVERTIME RULE,2023-11-29,hsed00,House Education and the Workforce Committee,xadfFSbWACI,https://www.youtube.com/watch?v=xadfFSbWACI,“Bad for Business: DOL’s Proposed Overtime Rule”,0.95,exact_date_title,,
118,56070,SAFEGUARDING WORKERS' RIGHTS AND LIBERTIES,2023-11-30,hsed00,House Education and the Workforce Committee,WPFgY6nfLzU,https://www.youtube.com/watch?v=WPFgY6nfLzU,“Safeguarding Workers’ Rights and Liberties”,0.95,exact_date_title,,
118,56239,HOLDING CAMPUS LEADERS ACCOUNTABLE AND CONFRONTING ANTISEMITISM,2023-12-05,hsed00,House Education and the Workforce Committee,MuGVJqBYMjk,https://www.youtube.com/watch?v=MuGVJqBYMjk,“Holding Campus Leaders Accountable and Confronting Antisemitism”,0.95,exact_date_title,,
118,56238,PROTECTING WORKERS AND SMALL BUSINESSES FROM BIDEN'S ATTACK ON WORKER FREE CHOICE AND ECONOMIC GROWTH,2023-12-13,hsed00,House Education and the Workforce Committee,IPvuXSmtjWk,https://www.youtube.com/watch?v=IPvuXSmtjWk,“Protecting Workers & Small Businesses from Biden’s Attack on Worker Free Choice & Economic Growth”,0.86,fuzzy_title_exact_date,,
118,56309,LOWERING COSTS AND INCREASING ACCESS TO HEALTHCARE WITH EMPLOYER-DRIVEN INNOVATION,2024-01-11,hsed00,House Education and the Workforce Committee,t6Bc_9Q9WPs,https://www.youtube.com/watch?v=t6Bc_9Q9WPs,“Lowering Costs and Increasing Access to Health Care with Employer-Driven Innovation”,0.85,fuzzy_title_exact_date,,
118,56310,PREPARING STUDENTS FOR SUCCESS IN THE SKILLS-BASED ECONOMY,2024-01-18,hsed00,House Education and the Workforce Committee,BSID7kRT0Kw,https://www.youtube.com/watch?v=BSID7kRT0Kw,"""Preparing Students for Success in the Skills-Based Economy""",0.95,exact_date_title,,
118,56414,PROTECTING MISSING AND EXPLOITED CHILDREN,2024-02-06,hsed00,House Education and the Workforce Committee,0wcTvKlXDl8,https://www.youtube.com/watch?v=0wcTvKlXDl8,"""Protecting Missing and Exploited Children""",0.95,exact_date_title,,
118,56415,EXAMINING THE POLICIES AND PRIORITIES OF THE WAGE AND HOUR DIVISION,2024-02-14,hsed00,House Education and the Workforce Committee,ILsiFSVkqJo,https://www.youtube.com/watch?v=ILsiFSVkqJo,"""Examining the Policies and Priorities of the Wage and Hour Division""",0.95,exact_date_title,,
118,56496,PROTECTING AMERICAN SAVERS AND RETIREES FROM DOL'S REGULATORY OVERREACH,2024-02-15,hsed00,House Education and the Workforce Committee,JMLSTUDabiM,https://www.youtube.com/watch?v=JMLSTUDabiM,“Protecting American Savers and Retirees from DOL’s Regulatory Overreach”,0.95,exact_date_title,,
118,57461,PROVEN RESULTS: HIGHLIGHTING THE BENEFITS OF CHARTER SCHOOLS FOR STUDENTS AND FAMILIES,2024-03-06,hsed00,House Education and the Workforce Committee,h0G4fmFyW4k,https://www.youtube.com/watch?v=h0G4fmFyW4k,"""Proven Results: Highlighting the Benefits of Charter Schools for Students and Families""",0.95,exact_date_title,,
118,56497,"DIVISIVE, EXCESSIVE, INEFFECTIVE: THE REAL IMPACT OF DEI ON COLLEGE CAMPUSES",2024-03-07,hsed00,House Education and the Workforce Committee,4AR-UH-6T38,https://www.youtube.com/watch?v=4AR-UH-6T38,"“Divisive, Excessive, Ineffective: The Real Impact of DEI on College Campuses”",0.95,exact_date_title,,
118,56769,SAFEGUARDING STUDENT-ATHLETES FROM NLRB MISCLASSIFICATION,2024-03-12,hsed00,House Education and the Workforce Committee,7_QvbRTD2dc,https://www.youtube.com/watch?v=7_QvbRTD2dc,"""Safeguarding Student-Athletes from NLRB Misclassification""",0.95,exact_date_title,,
118,56779,EXAMINING THE POLICIES AND PRIORITIES OF THE PENSION BENEFIT GUARANTY CORPORATION,2024-03-20,hsed00,House Education and the Workforce Committee,nWSwcsNxfwE,https://www.youtube.com/watch?v=nWSwcsNxfwE,Examining the Policies and Priorities of the Pension Benefit Guaranty Corporation,0.95,exact_date_title,,
118,58669,". FAFSA FAIL: EXAMINING THE IMPACT ON STUDENTS, FAMILIES, AND SCHOOLS",2024-04-10,hsed00,House Education and the Workforce Committee,1vnW6evXa2Q,https://www.youtube.com/watch?v=1vnW6evXa2Q,"“FAFSA Fail: Examining the Impact on Students, Families, and Schools”",0.95,exact_date_title,,
118,56785,UNLOCKING OPPORTUNITY: ALLOWING INDEPENDENT CONTRACTORS TO ACCESS BENEFITS,2024-04-11,hsed00,House Education and the Workforce Committee,oLyPRN6KsSM,https://www.youtube.com/watch?v=oLyPRN6KsSM,“Unlocking Opportunity: Allowing Independent Contractors to Access Benefits”,0.95,exact_date_title,,
118,56782,"ERISA'S 50TH ANNIVERSARY: THE PATH TO HIGHER QUALITY, LOWER COST HEALTHCARE",2024-04-16,hsed00,House Education and the Workforce Committee,AJgR1p9uF54,https://www.youtube.com/watch?v=AJgR1p9uF54,"“ERISA’s 50th Anniversary: The Path to Higher Quality, Lower Cost Health Care”",0.84,fuzzy_title_exact_date,,
118,56964,COLUMBIA IN CRISIS: COLUMBIA UNIVERSITY'S RESPONSE TO ANTISEMITISM,2024-04-17,hsed00,House Education and the Workforce Committee,G6BI4qfxLRE,https://www.youtube.com/watch?v=G6BI4qfxLRE,"""Columbia in Crisis: Columbia University's Response to Antisemitism""",0.95,exact_date_title,,
118,58670,EXAMINING THE POLICIES AND PRIORITIES OF THE U.S. DEPARTMENT OF LABOR,2024-05-01,hsed00,House Education and the Workforce Committee,gTbvRVe7jjI,https://www.youtube.com/watch?v=gTbvRVe7jjI,Examining the Policies and Priorities of the Department of Labor,0.87,fuzzy_title_exact_date,,
118,59984,"EXAMINING THE EDUCATION DEPARTMENT'S POLICIES, PRIORITIES, AND FY 2023 FINANCIAL AUDIT FAILURE",2024-05-07,hsed00,House Education and the Workforce Committee,--W0WYOb27o,https://www.youtube.com/watch?v=--W0WYOb27o,"""Examining the Education Department's Policies, Priorities, and FY 2023 Financial Audit Failure""",0.95,exact_date_title,,
118,57462,CONFRONTING PERVASIVE ANTISEMITISM IN K-12 SCHOOLS,2024-05-08,hsed00,House Education and the Workforce Committee,c7H_zm3BGOM,https://www.youtube.com/watch?v=c7H_zm3BGOM,"""Confronting Pervasive Antisemitism in K-12 Schools""",0.95,exact_date_title,,
118,59983,EXAMINING THE POLICIES AND PRIORITIES OF THE DEPARTMENT OF HEALTH AND HUMAN SERVICES,2024-05-15,hsed00,House Education and the Workforce Committee,ghGl003JzeE,https://www.youtube.com/watch?v=ghGl003JzeE,Examining the Policies and Priorities of the Department of Health and Human Services,0.95,exact_date_title,,
118,57136,BIG LABOR LIES: EXPOSING UNION TACTICS TO UNDERMINE FREE AND FAIR ELECTIONS,2024-05-22,hsed00,House Education and the Workforce Committee,xmWLzlHUNiw,https://www.youtube.com/watch?v=xmWLzlHUNiw,“Big Labor Lies: Exposing Union Tactics to Undermine Free and Fair Elections”,0.95,exact_date_title,,
118,57137,CALLING FOR ACCOUNTABILITY: STOPPING ANTISEMITIC COLLEGE CHAOS,2024-05-23,hsed00,House Education and the Workforce Committee,Fp8HPMfIWu0,https://www.youtube.com/watch?v=Fp8HPMfIWu0,“Calling for Accountability: Stopping Antisemitic College Chaos”,0.95,exact_date_title,,
118,57222,NLRB OVERREACH: TRAMPLING ON WORKERS' RIGHTS AND FOSTERING UNFAIRNESS,2024-06-12,hsed00,House Education and the Workforce Committee,K9gTunlgJa8,https://www.youtube.com/watch?v=K9gTunlgJa8,“NLRB Overreach: Trampling on Workers’ Rights and Fostering Unfairness”,0.95,exact_date_title,,
118,57403,COMBATING WORKPLACE ANTISEMITISM IN POSTSECONDARY EDUCATION: PROTECTING EMPLOYEES FROM DISCRIMINATION,2024-06-26,hsed00,House Education and the Workforce Committee,11mkP1BJ1Ew,https://www.youtube.com/watch?v=11mkP1BJ1Ew,"“Combating Workplace Antisemitism in Postsecondary Education""",0.85,substring_nearby_date,,
118,57221,EXAMINING THE POLICIES AND PRIORITIES OF THE EMPLOYEE BENEFITS SECURITY ADMINISTRATION,2024-06-27,hsed00,House Education and the Workforce Committee,adM3jjdlZU8,https://www.youtube.com/watch?v=adM3jjdlZU8,“Examining the Policies and Priorities of the Employee Benefits Security Administration”,0.95,exact_date_title,,
118,57223,CONFRONTING UNION ANTISEMITISM: PROTECTING WORKERS FROM BIG LABOR ABUSES,2024-07-09,hsed00,House Education and the Workforce Committee,YPp4MtpLT3o,https://www.youtube.com/watch?v=YPp4MtpLT3o,“Confronting Union Antisemitism: Protecting Workers from Big Labor Abuses”,0.95,exact_date_title,,
118,57404,ERISA'S 50TH ANNIVERSARY: THE VALUE OF EMPLOYER-SPONSORED HEALTH BENEFITS,2024-09-10,hsed00,House Education and the Workforce Committee,iUJzcK3-kwk,https://www.youtube.com/watch?v=iUJzcK3-kwk,“ERISA’s 50th Anniversary: The Value of Employer-Sponsored Health Benefits”,0.95,exact_date_title,,
118,57405,EXAMINING THE BIDEN-HARRIS ATTACKS ON TIPPED WORKERS,2024-09-18,hsed00,House Education and the Workforce Committee,MvAUfv6FAOQ,https://www.youtube.com/watch?v=MvAUfv6FAOQ,“Examining the Biden-Harris Attacks on Tipped Workers”,0.95,exact_date_title,,
118,57829,INNOVATIVE TEACHER PREPARATION: PROPERLY EQUIPPING AMERICA'S EDUCATORS,2024-09-25,hsed00,House Education and the Workforce Committee,56tAnGeZZeI,https://www.youtube.com/watch?v=56tAnGeZZeI,“Innovative Teacher Preparation: Properly Equipping America’s Educators”,0.95,exact_date_title,,
118,51256,COMBATING THE GENERATIONAL CHALLENGE OF CCP AGGRESSION,2023-02-28,hsfa00,House International Relations Committee,GQ3KslanAEs,https://www.youtube.com/watch?v=GQ3KslanAEs,Combatting the Generational Challenge of CCP Aggression,0.89,fuzzy_title_exact_date,115362,
118,51854,DURING AND AFTER THE FALL OF KABUL: EXAMINING THE ADMINISTRATION'S EMERGENCY EVACUATION FROM AFGHANISTAN,2023-03-08,hsfa00,House International Relations Committee,7NbDyuWd-Hk,https://www.youtube.com/watch?v=7NbDyuWd-Hk,During and After the Fall of Kabul: Examining the Admin’s Emergency Evacuation from Afghanistan,0.85,fuzzy_title_exact_date,,
118,51383,EXPANDING THE ABRAHAM ACCORDS,2023-03-09,hsfa00,House International Relations Committee,TTMqvaE9DjE,https://www.youtube.com/watch?v=TTMqvaE9DjE,Expanding the Abraham Accords,0.95,exact_date_title,115446,
118,52241,"THE STATE OF AMERICAN DIPLOMACY IN 2023: GROWING CONFLICTS, BUDGET CHALLENGES, AND GREAT POWER COMPETITION",2023-03-23,hsfa00,House International Relations Committee,dN9lPrrSOFY,https://www.youtube.com/watch?v=dN9lPrrSOFY,"The State of American Diplomacy: Growing Conflicts, Budget Challenges & Great Power Competition",0.84,fuzzy_title_exact_date,115512,
118,56815,RENEWED U.S. ENGAGEMENT IN THE PACIFIC: ASSESSING THE IMPORTANCE OF THE PACIFIC ISLANDS,2023-03-23,hsfa00,House International Relations Committee,95jU7uh9Uhk,https://www.youtube.com/watch?v=95jU7uh9Uhk,Renewed U.S. Engagement in the Pacific: Assessing the Importance of the Pacific Islands,0.95,exact_date_title,,
118,52399,"OVERSIGHT, TRANSPARENCY, AND ACCOUNTABILITY OF UKRAINE ASSISTANCE",2023-03-29,hsfa00,House International Relations Committee,tQ1UfeUeqUE,https://www.youtube.com/watch?v=tQ1UfeUeqUE,"Oversight, Transparency, and Accountability of Ukraine Assistance",0.95,exact_date_title,115597,
118,51645,"EXAMINING U.S. SANCTIONS POLICY, IMPLEMENTATION, AND ENFORCEMENT",2023-03-29,hsfa00,House International Relations Committee,mmZGrSa7K88,https://www.youtube.com/watch?v=mmZGrSa7K88,"Examining U.S. Sanctions Policy, Implementation, and Enforcement",0.95,exact_date_title,115604,
118,56720,12 YEARS OF TERROR: ASSAD'S WAR CRIMES AND U.S. POLICY FOR SEEKING ACCOUNTABILITY IN SYRIA,2023-04-18,hsfa00,House International Relations Committee,hxL-oxSl4nE,https://www.youtube.com/watch?v=hxL-oxSl4nE,Twelve Years of Terror: Assad’s War Crimes and U.S. Policy for Seeking Accountability in Syria,0.84,fuzzy_title_exact_date,,
118,52143,GREAT POWER COMPETITION IN AFRICA: THE CHINESE COMMUNIST PARTY,2023-04-18,hsfa00,House International Relations Committee,odScQz2bP1c,https://www.youtube.com/watch?v=odScQz2bP1c,Great Power Competition in Africa: The Chinese Communist Party,0.95,exact_date_title,115666,
118,52142,SURROUNDING THE OCEAN: PRC INFLUENCE IN THE INDIAN OCEAN,2023-04-18,hsfa00,House International Relations Committee,c3S_vCjEoj8,https://www.youtube.com/watch?v=c3S_vCjEoj8,Surrounding the Ocean: PRC Influence in the Indian Ocean,0.95,exact_date_title,115667,
118,52144,EXPOSING PUTIN'S CRIMES: EVIDENCE OF RUSSIAN WAR CRIMES AND OTHER ATROCITIES IN UKRAINE,2023-04-19,hsfa00,House International Relations Committee,wSyXw6nfbRU,https://www.youtube.com/watch?v=wSyXw6nfbRU,Exposing Putin's Crimes: Evidence of Russian War Crimes and Other Atrocities in Ukraine,0.95,exact_date_title,115669,
118,53648,CHINA'S POLITICAL PRISONERS: WHERE'S GAO ZHISHENG?,2023-04-20,hsfa00,House International Relations Committee,qkYls1-6Dw8,https://www.youtube.com/watch?v=qkYls1-6Dw8,China’s Political Prisoners: Where’s Gao Zhisheng?,0.95,exact_date_title,,
118,52616,"REVIEWING THE BUREAU OF INDUSTRY AND SECURITY, PART I: U.S. EXPORT CONTROLS IN AN ERA OF STRATEGIC COMPETITION",2023-05-11,hsfa00,House International Relations Committee,WlQ4P8HpiEQ,https://www.youtube.com/watch?v=WlQ4P8HpiEQ,Reviewing Bureau of Industry & Security P1: US Export Controls in an Era of Strategic Competition,0.82,fuzzy_title_exact_date,,
118,53071,IMPLEMENTATION OF THE TRAFFICKING VICTIMS PROTECTION ACT,2023-05-12,hsfa00,House International Relations Committee,AsnrA2BaTqA,https://www.youtube.com/watch?v=AsnrA2BaTqA,Implementation of the Trafficking Victims Protection Act,0.95,exact_date_title,115911,
118,52398,MARKUP OF VARIOUS MEASURES,2023-05-16,hsfa00,House International Relations Committee,xNF391bgcQg,https://www.youtube.com/watch?v=xNF391bgcQg,"Markup of Various Measures May 16, 2023",0.95,exact_date_title,115920,
118,54129,THE STATE OF AMERICAN INFLUENCE IN 2023: GREAT POWER COMPETITION AND PERSISTENT CRISES IN AN ERA OF BUDGET CONSTRAINTS,2023-05-17,hsfa00,House International Relations Committee,Kq5dgZkYdEE,https://www.youtube.com/watch?v=Kq5dgZkYdEE,State of American Influence in 2023: Power Comp & Persistent Crises in an Era of Budget Constraints,0.8,fuzzy_title_exact_date,115919,
118,53222,STANDING UNITED AGAINST THE PEOPLE'S REPUBLIC OF CHINA'S ECONOMIC AGGRESSION. AND PREDATORY PRACTICES,2023-05-18,hsfa00,House International Relations Committee,Ti4gZJFLKkc,https://www.youtube.com/watch?v=Ti4gZJFLKkc,Standing United Against the People’s Republic of China’s Economic Aggression and Predatory Practices,0.95,exact_date_title,115921,
118,53072,BRING ABDUCTED CHILDREN HOME,2023-05-23,hsfa00,House International Relations Committee,GQFyO9ZnTqI,https://www.youtube.com/watch?v=GQFyO9ZnTqI,Bring Abducted Children Home,0.95,exact_date_title,116007,
118,53078,EXAMINING THE FISCAL YEAR 2024 STATE AND FOREIGN OPERATIONS BUDGET REQUEST FOR EUROPE,2023-05-23,hsfa00,House International Relations Committee,i4cGdjgT3sI,https://www.youtube.com/watch?v=i4cGdjgT3sI,Examining the Fiscal Year 24 State and Foreign Operations Budget Request for Europe,0.89,fuzzy_title_exact_date,116006,
118,54268,MODERNIZING U.S. ARMS EXPORTS AND A STRONGER AUKUS,2023-05-24,hsfa00,House International Relations Committee,vXc5Ji6Yh-k,https://www.youtube.com/watch?v=vXc5Ji6Yh-k,Modernizing U.S. Arms Exports and a Stronger AUKUS,0.95,exact_date_title,,
118,54496,IGNORING OUR ALLIES IN THE WESTERN HEMISPHERE: REVIEWING PRESIDENT BIDEN'S FISCAL YEAR 2024 BUDGET REQUEST,2023-06-07,hsfa00,House International Relations Committee,MpiEAaGPQMg,https://www.youtube.com/watch?v=MpiEAaGPQMg,Ignoring Our Allies in the Western Hemisphere: Reviewing President Biden’s FY24 Budget Request,0.81,fuzzy_title_exact_date,116027,
118,53783,EXAMINING THE FISCAL YEAR 2024 BUREAU OF CONSULAR AFFAIRS BUDGET,2023-06-07,hsfa00,House International Relations Committee,9NOl4Jb5Wn0,https://www.youtube.com/watch?v=9NOl4Jb5Wn0,Examining the Fiscal Year 24 Bureau of Consular Affairs Budget,0.88,fuzzy_title_exact_date,116028,
118,53892,FISCAL YEAR 2024 BUDGET REQUEST FOR NEAR EASTERN AFFAIRS,2023-06-13,hsfa00,House International Relations Committee,jUDB0jkmNuY,https://www.youtube.com/watch?v=jUDB0jkmNuY,Fiscal Year 2024 Budget Request for Near Eastern Affairs,0.95,exact_date_title,115675,
118,56737,"EXAMINING THE FISCAL YEAR 2024 STATE DEPARTMENT DIVERSITY EQUITY INCLUSION, AND ACCESSIBILITY BUDGET",2023-06-13,hsfa00,House International Relations Committee,nDL9pnqfCoQ,https://www.youtube.com/watch?v=nDL9pnqfCoQ,Examining the Fiscal Year 24 State Department Diversity Equity Inclusion and Accessibility Budget,0.89,fuzzy_title_exact_date,,
118,53672,ASSESSING U.S. EFFORTS TO COUNTER CHINA'S COERCIVE BELT AND ROAD DIPLOMACY,2023-06-14,hsfa00,House International Relations Committee,FkSDsIvK35o,https://www.youtube.com/watch?v=FkSDsIvK35o,Assessing U.S. Efforts to Counter China’s Coercive Belt and Road Diplomacy,0.95,exact_date_title,116025,
118,52788,MARKUP OF VARIOUS MEASURES,2023-06-21,hsfa00,House International Relations Committee,dRN_9Ad8UcI,https://www.youtube.com/watch?v=dRN_9Ad8UcI,Markup of Various Measures 6.21.23,0.7,fuzzy_title_exact_date,116077,
118,56738,"RESPONDING TO ANTI-SEMITISM AND ANTI-ISRAEL BIAS IN THE UN, PALESTINIAN AUTHORITY, AND NGO COMMUNITY",2023-06-22,hsfa00,House International Relations Committee,Aa3t6WR-HE0,https://www.youtube.com/watch?v=Aa3t6WR-HE0,"Responding to Anti-Semitism & Anti-Israel Bias in the UN, Palestinian Authority, and NGO Community",0.88,fuzzy_title_exact_date,,
118,53228,THE VILNIUS SUMMIT AND WAR IN UKRAINE: ASSESSING U.S. POLICY TOWARDS EUROPE AND NATO,2023-06-22,hsfa00,House International Relations Committee,MCkrtqoYWfs,https://www.youtube.com/watch?v=MCkrtqoYWfs,The Vilnius Summit and War in Ukraine: Assessing U.S. Policy towards Europe and NATO,0.95,exact_date_title,116031,
118,56740,EXAMINING FISCAL YEAR 2024 BUDGET FOR SOUTH AND CENTRAL ASIAN AFFAIRS,2023-07-13,hsfa00,House International Relations Committee,paVxAgbCEfY,https://www.youtube.com/watch?v=paVxAgbCEfY,Examining Fiscal Year 2024 Budget for South and Central Asian Affairs,0.95,exact_date_title,,
118,53405,THE STATE DEPARTMENT'S CLIMATE AGENDA: A BUDGET OVERVIEW BY THE SPECIAL PRESIDENTIAL ENVOY FOR CLIMATE,2023-07-13,hsfa00,House International Relations Committee,5CYUjwpG3nM,https://www.youtube.com/watch?v=5CYUjwpG3nM,The State Dept’s Climate Agenda: A Budget Overview by the Special Presidential Envoy for Climate,0.87,fuzzy_title_exact_date,116032,
118,56739,THE DIRE STATE OF RELIGIOUS FREEDOM AROUND THE WORLD,2023-07-18,hsfa00,House International Relations Committee,PpTUpyWhgBI,https://www.youtube.com/watch?v=PpTUpyWhgBI,The Dire State of Religious Freedom Around the World,0.95,exact_date_title,,
118,53291,GREAT POWER COMPETITION IMPLICATIONS IN AFRICA: THE RUSSIAN FEDERATION AND ITS PROXIES,2023-07-18,hsfa00,House International Relations Committee,G11-Ym-7MH8,https://www.youtube.com/watch?v=G11-Ym-7MH8,Great Power Competition Implications in Africa: The Russian Federation and Its Proxies,0.95,exact_date_title,116242,
118,53237,STABILITY AND SECURITY IN THE WESTERN. BALKANS: ASSESSING U.S. POLICY,2023-07-18,hsfa00,House International Relations Committee,Z0o4S6e5ZNc,https://www.youtube.com/watch?v=Z0o4S6e5ZNc,Stability and Security in the Western Balkans: Assessing U.S. Policy,0.95,exact_date_title,116233,
118,54166,ACHIEVING PEACE THROUGH STRENGTH IN THE INDO-PACIFIC: EXAMINING THE FISCAL YEAR 2024 BUDGET PRIORITIES,2023-07-18,hsfa00,House International Relations Committee,GDdy09E782I,https://www.youtube.com/watch?v=GDdy09E782I,Achieving Peace Through Strength in the Indo-Pacific: Examining the FY24 Budget Priorities,0.81,fuzzy_title_exact_date,115676,
118,53244,MARKUP OF VARIOUS MEASURES,2023-07-26,hsfa00,House International Relations Committee,iL1jJ5UES70,https://www.youtube.com/watch?v=iL1jJ5UES70,Markup of Various Measures 7.26.23,0.7,fuzzy_title_exact_date,,
118,53768,COLOMBIA'S DESCENT TO SOCIALISM: ASSESSING GUSTAVO PETRO'S PRESIDENCY,2023-07-27,hsfa00,House International Relations Committee,Z695mFOImrE,https://www.youtube.com/watch?v=Z695mFOImrE,Colombia’s Descent to Socialism: Assessing Gustavo Petro’s Presidency,0.95,exact_date_title,116268,
118,53353,ILLICIT IT: BANKROLLING KIM JONG UN,2023-07-27,hsfa00,House International Relations Committee,tVJBdBjxIh4,https://www.youtube.com/watch?v=tVJBdBjxIh4,Illicit IT: Bankrolling Kim Jong Un,0.95,exact_date_title,116279,
118,53406,A FAILURE TO PLAN: EXAMINING THE BIDEN ADMINISTRATION'S PREPARATION FOR THE AFGHANISTAN WITHDRAWAL,2023-07-27,hsfa00,House International Relations Committee,ulDVR61oE8E,https://www.youtube.com/watch?v=ulDVR61oE8E,A Failure to Plan: Examining the Biden Administration’s Preparation for the Afghanistan Withdrawal,0.95,exact_date_title,,
118,54431,IRAN'S ESCALATING THREATS: ASSESSING U.S. POLICY TOWARD IRAN'S MALIGN ACTIVITIES,2023-09-14,hsfa00,House International Relations Committee,b6QUJWKxfVM,https://www.youtube.com/watch?v=b6QUJWKxfVM,Iran’s Escalating Threats: Assessing U.S. Policy Toward Iran’s Malign Activities,0.95,exact_date_title,,
118,56816,CHILDREN ARE NOT FOR SALE--GLOBAL EFFORTS TO ADDRESS CHILD TRAFFICKING,2023-09-14,hsfa00,House International Relations Committee,ZYo1PHRmMFg,https://www.youtube.com/watch?v=ZYo1PHRmMFg,Children Are Not For Sale – Global Efforts to Address Child Trafficking,0.95,exact_date_title,,
118,56742,"NO INCENTIVES FOR TERRORISM: U.S. IMPLEMENTATION OF THE TAYLOR FORCE ACT AND EFFORTS TO STOP ""PAY TO SLAY""",2023-09-27,hsfa00,House International Relations Committee,l8aGOlJoD_8,https://www.youtube.com/watch?v=l8aGOlJoD_8,No Incentives for Terrorism: US Implementation of Taylor Force Act & Efforts to Stop ‘Pay to Slay’,0.84,fuzzy_title_exact_date,,
118,53674,EXAMINING THE CURRENT U.S.-SOUTH AFRICA BILATERAL RELATIONSHIP,2023-09-27,hsfa00,House International Relations Committee,9Qh7mmWPI9M,https://www.youtube.com/watch?v=9Qh7mmWPI9M,Examining the Current U.S.-South Africa Bilateral Relationship,0.95,exact_date_title,116405,
118,53646,LASERS AND WATER CANNONS: EXPOSING THE. CHINESE COMMUNIST PARTY'S HARASSMENT IN THE. SOUTH CHINA SEA,2023-09-28,hsfa00,House International Relations Committee,roszjjXisQo,https://www.youtube.com/watch?v=roszjjXisQo,Lasers and Water Cannons: Exposing the Chinese Communist Party’s Harassment in the South China Sea,0.95,exact_date_title,116409,
118,53676,RECLAIMING CONGRESS'S ARTICLE I POWERS: COUNTERTERRORISM AUMF REFORM,2023-09-28,hsfa00,House International Relations Committee,qXHLzL9rPVk,https://www.youtube.com/watch?v=qXHLzL9rPVk,Reclaiming Congress’s Article I Powers: Counterterrorism AUMF Reform,0.95,exact_date_title,,
118,54780,COMMUNISM ON OUR DOORSTEP: THE THREAT OF CHINA'S MALIGN INFLUENCE IN LATIN AMERICA,2023-09-28,hsfa00,House International Relations Committee,yL_yzxgejLc,https://www.youtube.com/watch?v=yL_yzxgejLc,Communism on Our Doorstep: The Threat of China’s Malign Influence in Latin America,0.95,exact_date_title,,
118,54081,MARKUP OF VARIOUS MEASURES,2023-10-19,hsfa00,House International Relations Committee,F0ZCkqNXijs,https://www.youtube.com/watch?v=F0ZCkqNXijs,Markup of Various Measures 10.19.23,0.85,substring_nearby_date,116486,
118,55693,THE U.S.-HONDURAS BILATERAL RELATIONSHIP: ANALYZING THE SOCIALIST GOVERNMENT OF PRESIDENT XIOMARA CASTRO DE ZELAYA,2023-10-25,hsfa00,House International Relations Committee,u4x_E3fcRso,https://www.youtube.com/watch?v=u4x_E3fcRso,The US-Honduras Relationship: Analyzing the Socialist Gov of President Xiomara Castro de Zelaya,0.8,fuzzy_title_exact_date,,
118,55694,THE GLOBAL ENGAGEMENT CENTER: HELPING OR HURTING U.S. FOREIGN POLICY,2023-10-25,hsfa00,House International Relations Committee,ABFDQwH6pxY,https://www.youtube.com/watch?v=ABFDQwH6pxY,The Global Engagement Center: Helping or Hurting U.S. Foreign Policy,0.95,exact_date_title,,
118,54164,MARKUP OF VARIOUS MEASURES,2023-11-07,hsfa00,House International Relations Committee,yzuHHiP_Cgk,https://www.youtube.com/watch?v=yzuHHiP_Cgk,Markup of Various Measures 11.7.23,0.7,fuzzy_title_exact_date,116560,
118,56744,FRIEND AND ALLY: U.S. SUPPORT FOR ISRAEL AFTER HAMAS' BARBARIC ATTACK,2023-11-08,hsfa00,House International Relations Committee,o-NTBWGlZPc,https://www.youtube.com/watch?v=o-NTBWGlZPc,Friend and Ally: U.S. Support for Israel after Hamas’ Barbaric Attack,0.95,exact_date_title,,
118,55685,UNITED NATIONS' BIGOTRY TOWARDS ISRAEL: UNRWA ANTI-SEMITISM POISONS PALESTINIAN YOUTH,2023-11-08,hsfa00,House International Relations Committee,IIUC3aGMncc,https://www.youtube.com/watch?v=IIUC3aGMncc,United Nations’ Bigotry Towards Israel UNRWA Anti-semitism Poisons Palestinian Youth,0.95,exact_date_title,,
118,56745,GO-TO-ZERO: JOE BIDEN'S WITHDRAWAL ORDER AND THE TALIBAN TAKEOVER OF AFGHANISTAN,2023-11-14,hsfa00,House International Relations Committee,Vq83g7Rt2Ks,https://www.youtube.com/watch?v=Vq83g7Rt2Ks,Go-to-Zero: Joe Biden’s Withdrawal Order and the Taliban Takeover of Afghanistan,0.95,exact_date_title,,
118,54430,EXAMINING THE BIDEN ADMINISTRATION'S AFGHANISTAN POLICY SINCE THE U.S. WITHDRAWAL,2023-11-14,hsfa00,House International Relations Committee,IA2xUX3hmC8,https://www.youtube.com/watch?v=IA2xUX3hmC8,Examining the Biden Administration's Afghanistan Policy Since the U.S. Withdrawal,0.95,exact_date_title,116590,
118,54429,THE FUTURE OF NAGORNO-KARABAKH,2023-11-15,hsfa00,House International Relations Committee,6i0vH1EJz7s,https://www.youtube.com/watch?v=6i0vH1EJz7s,The Future of Nagorno-Karabakh,0.95,exact_date_title,,
118,54518,MARKUP OF VARIOUS MEASURES,2023-11-29,hsfa00,House International Relations Committee,EMUYvupK1To,https://www.youtube.com/watch?v=EMUYvupK1To,Markup of Various Measures,0.95,exact_date_title,116591,
118,54881,THE U.S. BORDER CRISIS AND THE AMERICAN SOLUTION TO AN INTERNATIONAL PROBLEM,2023-11-30,hsfa00,House International Relations Committee,wB7neVmHR34,https://www.youtube.com/watch?v=wB7neVmHR34,The U.S. Border Crisis and the American Solution to an International Problem,0.95,exact_date_title,,
118,55696,"ETHIOPIA: PROMISE OR PERILS, THE STATE OF U.S. POLICY",2023-11-30,hsfa00,House International Relations Committee,mcBM57a3xYs,https://www.youtube.com/watch?v=mcBM57a3xYs,"Ethiopia: Promise or Perils, the State of U.S. Policy",0.95,exact_date_title,,
118,54468,AN URGENT APPEAL TO LET BISHOP ALVAREZ GO,2023-11-30,hsfa00,House International Relations Committee,MsHZ36IhwFQ,https://www.youtube.com/watch?v=MsHZ36IhwFQ,An Urgent Appeal to Let Bishop Alvarez Go,0.95,exact_date_title,116604,
118,54428,THE FUTURE OF FREEDOM AND DEMOCRACY IN BELARUS,2023-12-05,hsfa00,House International Relations Committee,vUIRCn6eg70,https://www.youtube.com/watch?v=vUIRCn6eg70,The Future of Freedom and Democracy in Belarus,0.95,exact_date_title,116629,
118,56746,THE SAHEL IN CRISIS: EXAMINING U.S. POLICY OPTIONS,2023-12-05,hsfa00,House International Relations Committee,x3uFF2Zes8c,https://www.youtube.com/watch?v=x3uFF2Zes8c,The Sahel in Crisis: Examining U.S. Policy Options,0.95,exact_date_title,,
118,59483,"REVIEWING THE BUREAU OF INDUSTRY AND SECURITY, PART II: U.S. EXPORT CONTROLS IN AN ERA OF STRATEGIC COMPETITION",2023-12-12,hsfa00,House International Relations Committee,P2EnHMu6o24,https://www.youtube.com/watch?v=P2EnHMu6o24,Bureau of Industry & Security p2: US Export Controls in an Era of Strategic Competition,0.75,fuzzy_title_exact_date,,
118,59622,ADDRESSING THE SCOURGE OF ANTI-SEMITISM IN EUROPE,2023-12-12,hsfa00,House International Relations Committee,eXHogxkPpTE,https://www.youtube.com/watch?v=eXHogxkPpTE,Addressing the Scourge of Anti-Semitism in Europe,0.95,exact_date_title,,
118,56748,MARKUP OF VARIOUS MEASURES,2023-12-13,hsfa00,House International Relations Committee,BkqDHEQwEfs,https://www.youtube.com/watch?v=BkqDHEQwEfs,Markup of Various Measures 12.13.23,0.85,substring_nearby_date,,
118,56990,EXAMINING THE BIDEN ADMINISTRATION'S AFGHANISTAN POLICY SINCE THE U.S. WITHDRAWAL: PART II,2024-01-11,hsfa00,House International Relations Committee,6xpo_Boe30U,https://www.youtube.com/watch?v=6xpo_Boe30U,Examining the Biden Administration’s Afghanistan Policy Since the U.S. Withdrawal: Part II,0.95,exact_date_title,,
118,55922,EXAMINING THE FLOW OF U.S. MONEY INTO CHINA'S MILITARY MIGHT,2024-01-17,hsfa00,House International Relations Committee,GmnECodx1Ic,https://www.youtube.com/watch?v=GmnECodx1Ic,Examining the Flow of U.S. Money into China’s Military Might,0.95,exact_date_title,,
118,56931,PROTECTING EMERGING TECHNOLOGIES FOR PEACE AND STABILITY IN THE INDO- PACIFIC,2024-01-17,hsfa00,House International Relations Committee,ARH3S_9416o,https://www.youtube.com/watch?v=ARH3S_9416o,Protecting Emerging Technologies for Peace and Stability in the Indo-Pacific,0.95,exact_date_title,,
118,55925,THE MYTH OF THE NEW CUBAN ENTREPRENEURS: AN ANALYSIS OF THE BIDEN ADMINISTRATION'S CUBA POLICY,2024-01-18,hsfa00,House International Relations Committee,k_FauUE2F6I,https://www.youtube.com/watch?v=k_FauUE2F6I,The Myth of the New Cuban Entrepreneurs: An Analysis of the Biden Administration’s Cuba Policy,0.95,exact_date_title,,
118,56989,UNRWA EXPOSED: EXAMINING THE AGENCY'S MISSION AND FAILURES,2024-01-30,hsfa00,House International Relations Committee,Dc5iF8EmX0k,https://www.youtube.com/watch?v=Dc5iF8EmX0k,UNRWA Exposed: Examining the Agency’s Mission and Failures,0.95,exact_date_title,,
118,57457,THE FUTURE OF PEACEKEEPING AND THE INCREASING ROLE OF PRIVATE MILITARY COMPANIES IN AFRICA,2024-01-31,hsfa00,House International Relations Committee,gUFH8p9tjJY,https://www.youtube.com/watch?v=gUFH8p9tjJY,The Future of Peacekeeping and the Increasing Role of Private Military Companies in Africa,0.95,exact_date_title,,
118,54878,MARKUP OF VARIOUS MEASURES,2024-02-06,hsfa00,House International Relations Committee,htCGfgrvVBA,https://www.youtube.com/watch?v=htCGfgrvVBA,Markup of Various Measures 2.6.24,0.72,fuzzy_title_exact_date,,
118,55921,AUKUS IMPLEMENTATION AND CHALLENGES TO INTERNATIONAL SECURITY AND ARMS CONTROL IN THE 21ST CENTURY,2024-02-14,hsfa00,House International Relations Committee,f9KHA66JtE0,https://www.youtube.com/watch?v=f9KHA66JtE0,AUKUS Implementation and Challenges to International Security and Arms Control in the 21st Century,0.95,exact_date_title,,
118,56991,THE FUTURE OF FREEDOM IN NIGERIA,2024-02-14,hsfa00,House International Relations Committee,VdLo69SWtbg,https://www.youtube.com/watch?v=VdLo69SWtbg,The Future of Freedom in Nigeria,0.95,exact_date_title,,
118,56229,"IRAN'S PROXY IN YEMEN: THE HOUTHI THREAT TO MIDDLE EAST STABILITY, GLOBAL SHIPPING, AND U.S. SERVICE MEMBERS",2024-02-14,hsfa00,House International Relations Committee,78uBJ35e5vQ,https://www.youtube.com/watch?v=78uBJ35e5vQ,"Iran’s Proxy in Yemen: Houthi Threat to Middle East Stability, Global Shipping & US Servicemembers",0.77,fuzzy_title_exact_date,,
118,55924,BEHIND THE SCENES: HOW THE BIDEN ADMINISTRATION FAILED TO ENFORCE THE DOHA AGREEMENT,2024-02-15,hsfa00,House International Relations Committee,8W4u815BiuY,https://www.youtube.com/watch?v=8W4u815BiuY,Behind the Scenes: How the Biden Administration Failed to Enforce the Doha Agreement,0.95,exact_date_title,,
118,56231,THE AGENTS OF ANTISEMITISM IN LATIN AMERICA,2024-03-07,hsfa00,House International Relations Committee,O2EKwnhKf-w,https://www.youtube.com/watch?v=O2EKwnhKf-w,The Agents of Antisemitism in Latin America,0.95,exact_date_title,,
118,56230,GOING NUCLEAR ON ROSATOM: ENDING GLOBAL DEPENDENCE ON PUTIN'S NUCLEAR ENERGY SECTOR,2024-03-12,hsfa00,House International Relations Committee,hyclYnGpW7c,https://www.youtube.com/watch?v=hyclYnGpW7c,Going Nuclear on Rosatom: Ending Global Dependence on Putin’s Nuclear Energy Sector,0.95,exact_date_title,,
118,55810,AN ASSESSMENT OF THE BIDEN ADMINISTRATION'S WITHDRAWAL FROM AFGHANISTAN BY AMERICA'S GENERALS,2024-03-19,hsfa00,House International Relations Committee,QsomenTaRLE,https://www.youtube.com/watch?v=QsomenTaRLE,An Assessment of the Biden Administration’s Withdrawal from Afghanistan by America’s Generals,0.95,exact_date_title,,
118,59877,PAKISTAN AFTER THE ELECTIONS: EXAMINING THE FUTURE OF DEMOCRACY IN PAKISTAN AND THE U.S.-PAKISTAN RELATIONSHIP,2024-03-20,hsfa00,House International Relations Committee,0vvH1Rzd0jM,https://www.youtube.com/watch?v=0vvH1Rzd0jM,Pakistan After Elections: Examining the Future of Democracy in Pakistan & US-Pakistan Relationship,0.83,fuzzy_title_exact_date,,
118,57437,MARKUP OF VARIOUS MEASURES,2024-03-20,hsfa00,House International Relations Committee,eksA8LMHxdw,https://www.youtube.com/watch?v=eksA8LMHxdw,Markup of Various Measures 3.20.24,0.7,fuzzy_title_exact_date,,
118,56650,COUNTERING CHINA ON THE WORLD STAGE: EMPOWERING AMERICAN BUSINESSES AND DENYING CHINESE MILITARY OUR TECHNOLOGY,2024-03-21,hsfa00,House International Relations Committee,VeitSNhpILY,https://www.youtube.com/watch?v=VeitSNhpILY,Countering China: Empowering American Businesses and Denying the Chinese Military Our Technology,0.83,fuzzy_title_exact_date,,
118,56236,THE DESPOTIC DUO: RUSSO-IRANIAN COOPERATION AND THREATS TO U.S. INTERESTS,2024-04-17,hsfa00,House International Relations Committee,A0BA5hvKpi0,https://www.youtube.com/watch?v=A0BA5hvKpi0,The Despotic Duo: Russo-Iranian Cooperation and Threats to U.S. Interests,0.95,exact_date_title,,
118,56651,ANALYZING THE FISCAL YEAR 2025 STATE AND FOREIGN OPERATIONS BUDGET REQUEST FOR EUROPE,2024-06-26,hsfa00,House International Relations Committee,6-PDHtjTLl8,https://www.youtube.com/watch?v=6-PDHtjTLl8,Analyzing the Fiscal Year 25 State and Foreign Operations Budget Request for Europe,0.89,fuzzy_title_exact_date,,
118,56596,MANAGEMENT SUCCESSES AND FAILURES: ASSESSING THE U.S. AGENCY FOR GLOBAL MEDIA,2024-07-09,hsfa00,House International Relations Committee,d6Clo82PFLs,https://www.youtube.com/watch?v=d6Clo82PFLs,Management Successes and Failures: Assessing the U.S. Agency for Global Media,0.95,exact_date_title,,
118,56570,A LOOK AT U.S. POLICY IN GEORGIA AND MOLDOVA AHEAD OF THEIR 2024 ELECTIONS,2024-07-23,hsfa00,House International Relations Committee,DPTiMjopNvA,https://www.youtube.com/watch?v=DPTiMjopNvA,A Look at U.S. Policy in Georgia and Moldova Ahead of Their 2024 Elections,0.95,exact_date_title,,
118,60092,MISSED MILESTONES: EVALUATING THE LAST FOUR YEARS IN THE EAP REGION AND UNSEIZED OPPORTUNITIES UNDER PRESIDENT TRUMP,2025-02-25,hsfa00,House International Relations Committee,4UZAZPdJ9iE,https://www.youtube.com/watch?v=4UZAZPdJ9iE,Missed Milestones: Evaluating The Last 4 Years in EAP Region & Unseized Opportunities Under Trump,0.79,fuzzy_title_exact_date,,
118,60515,MARKUP OF VARIOUS MEASURES,2025-04-09,hsfa00,House International Relations Committee,9LehXplkqtQ,https://www.youtube.com/watch?v=9LehXplkqtQ,Markup of Various Measures 4.9.2025,0.85,substring_nearby_date,,
118,51118,ORGANIZATIONAL MEETING,2023-01-31,hsgo00,House Government Reform Committee,Byh6NQLDvAk,https://www.youtube.com/watch?v=Byh6NQLDvAk,Ranking Member Raskin's Opening Statement: 118th Organizational Meeting,0.83,substring_nearby_date,115267,
118,51632,ATF'S ASSAULT ON THE SECOND AMENDMENT: WHEN IS ENOUGH ENOUGH?,2023-03-23,hsgo00,House Government Reform Committee,BNNFneRw3rk,https://www.youtube.com/watch?v=BNNFneRw3rk,ATF’s Assault on the Second Amendment: When is Enough Enough?,0.95,exact_date_title,,
118,51279,"AMERICAN ENERGY EXPANSION: STRENGTHENING ECONOMIC, ENVIRONMENTAL, AND NATIONAL SECURITY",2023-01-31,hsif00,House Energy and Commerce Committee,7yUZTBmUnas,https://www.youtube.com/watch?v=7yUZTBmUnas,"American Energy Expansion: Strengthening Economic, Environmental, and National Security",0.95,exact_date_title,,
118,51706,ECONOMIC DANGER ZONE: HOW AMERICA COMPETES TO WIN THE FUTURE VERSUS CHINA,2023-02-01,hsif00,House Energy and Commerce Committee,9eunTWy_3nc,https://www.youtube.com/watch?v=9eunTWy_3nc,Economic Danger Zone: How America Competes to Win the Future Versus China,0.95,exact_date_title,115346,
118,52000,CHALLENGES AND OPPORTUNITIES TO INVESTIGATING THE ORIGINS OF PANDEMICS AND OTHER BIOLOGICAL EVENTS,2023-02-01,hsif00,House Energy and Commerce Committee,cIF0y2D1_cQ,https://www.youtube.com/watch?v=cIF0y2D1_cQ,Challenges and Opportunities to Investigating the Origins of Pandemics and Other Biological Events,0.95,exact_date_title,115347,
118,52102,LAUNCHING INTO THE STATE OF THE SATELLITE MARKETPLACE,2023-02-02,hsif00,House Energy and Commerce Committee,p6EBJbj7oOA,https://www.youtube.com/watch?v=p6EBJbj7oOA,Launching Into the State of the Satellite Marketplace,0.95,exact_date_title,115336,
118,52299,"UNLEASHING AMERICAN ENERGY, LOWERING ENERGY COSTS, AND STRENGTHENING SUPPLY CHAINS",2023-02-07,hsif00,House Energy and Commerce Committee,ssggmDW2xLI,https://www.youtube.com/watch?v=ssggmDW2xLI,"Unleashing American Energy, Lowering Energy Costs, and Strengthening Supply Chains",0.95,exact_date_title,115306,
118,52838,LIFTOFF: UNLEASHING INNOVATION IN SATELLITE COMMUNICATIONS TECHNOLOGIES,2023-02-08,hsif00,House Energy and Commerce Committee,MNH0qdVr02w,https://www.youtube.com/watch?v=MNH0qdVr02w,Unleashing Innovation in Satellite Communications,0.72,fuzzy_title_exact_date,115337,
118,53285,PROMOTING U.S. INNOVATION AND INDIVIDUAL LIBERTY THROUGH A NATIONAL STANDARD FOR DATA PRIVACY,2023-03-01,hsif00,House Energy and Commerce Committee,P1juM0lprw4,https://www.youtube.com/watch?v=P1juM0lprw4,Promoting U.S. Innovation and Individual Liberty through a National Standard for Data Privacy,0.95,exact_date_title,115376,
118,53393,DEFENDING AMERICA'S WIRELESS LEADERSHIP,2023-03-10,hsif00,House Energy and Commerce Committee,0J1DdL39d20,https://www.youtube.com/watch?v=0J1DdL39d20,Defending America’s Wireless Leadership: Communications and Technology Subcommittee Hearing,0.83,substring_nearby_date,115463,
118,53839,TIKTOK: HOW CONGRESS CAN SAFEGUARD AMERICAN DATA PRIVACY AND PROTECT CHILDREN FROM ONLINE HARMS,2023-03-23,hsif00,House Energy and Commerce Committee,Q4PAmW0PHdU,https://www.youtube.com/watch?v=Q4PAmW0PHdU,TikTok: How Congress Can Safeguard American Data Privacy and Protect Children from Online Harms,0.95,exact_date_title,115519,
118,53961,GOVERNMENT RESPONSE TO EAST PALESTINE: ENSURING SAFETY AND TRANSPARENCY FOR THE COMMUNITY,2023-03-28,hsif00,House Energy and Commerce Committee,5Fx2GLe0Kjo,https://www.youtube.com/watch?v=5Fx2GLe0Kjo,Government Response to East Palestine: Ensuring Safety and Transparency for the Community,0.95,exact_date_title,,
118,54163,LOWERING UNAFFORDABLE COSTS: EXAMINING TRANSPARENCY AND COMPETITION IN HEALTHCARE,2023-03-28,hsif00,House Energy and Commerce Committee,AFKyplYDlxY,https://www.youtube.com/watch?v=AFKyplYDlxY,Lowering Unaffordable Costs: Examining Transparency and Competition in Health Care,0.84,fuzzy_title_exact_date,,
118,54361,FISCAL YEAR 2024 DEPARTMENT OF HEALTH AND HUMAN SERVICES BUDGET,2023-03-29,hsif00,House Energy and Commerce Committee,XQIcTGDxnis,https://www.youtube.com/watch?v=XQIcTGDxnis,Fiscal Year 2024 Department of Health and Human Services Budget,0.95,exact_date_title,115628,
118,54500,TAKING THE BUZZER BEATER TO THE BANK: PROTECTING COLLEGE ATHLETES' NIL DEALMAKING RIGHTS,2023-03-29,hsif00,House Energy and Commerce Committee,7q1VQBSzEwg,https://www.youtube.com/watch?v=7q1VQBSzEwg,Taking the Buzzer Beater to the Bank: Protecting College Athletes' NIL Dealmaking Rights,0.95,exact_date_title,115579,
118,54663,REAUTHORIZATION OF THE ANIMAL DRUG USER FEE PROGRAMS,2023-03-30,hsif00,House Energy and Commerce Committee,fu58Zpi-5Io,https://www.youtube.com/watch?v=fu58Zpi-5Io,Reauthorization of the Animal Drug User Fee Programs,0.95,exact_date_title,115630,
118,54689,FISCAL YEAR 2024 FEDERAL TRADE COMMISSION BUDGET,2023-04-18,hsif00,House Energy and Commerce Committee,SkU9Qq0EWZc,https://www.youtube.com/watch?v=SkU9Qq0EWZc,Fiscal Year 2024 Federal Trade Commission Budget,0.95,exact_date_title,115716,
118,54888,"INSIGHTS FROM THE HHS INSPECTOR GENERAL ON OVERSIGHT OF UNACCOMPANIED MINORS, GRANT MANAGEMENT, AND CMS",2023-04-18,hsif00,House Energy and Commerce Committee,IWPoTjGuGO8,https://www.youtube.com/watch?v=IWPoTjGuGO8,"Insights from the HHS Inspector General on Oversight of Unaccompanied Minors, Grant Management & CMS",0.88,fuzzy_title_exact_date,,
118,54899,AMERICAN NUCLEAR ENERGY EXPANSION: POWERING A CLEAN AND SECURE FUTURE,2023-04-18,hsif00,House Energy and Commerce Committee,hNyRHBCwmbw,https://www.youtube.com/watch?v=hNyRHBCwmbw,American Nuclear Energy Expansion: Powering a Clean and Secure Future,0.95,exact_date_title,,
118,55203,BREAKING BARRIERS: STREAMLINING PERMITTING TO EXPEDITE BROADBAND DEPLOYMENT,2023-04-19,hsif00,House Energy and Commerce Committee,bhjn6pHHx7I,https://www.youtube.com/watch?v=bhjn6pHHx7I,Breaking Barriers: Streamlining Permitting to Expedite Broadband Deployment,0.95,exact_date_title,115750,
118,55269,WHO IS SELLING YOUR DATA: A CRITICAL EXAMINATION OF THE ROLE OF DATA BROKERS IN THE DIGITAL ECONOMY,2023-04-19,hsif00,House Energy and Commerce Committee,wOwqMCLVDZc,https://www.youtube.com/watch?v=wOwqMCLVDZc,Who is Selling Your Data: A Critical Examination of the Role of Data Brokers in the Digital Economy,0.95,exact_date_title,,
118,55100,EXAMINING EXISTING FEDERAL PROGRAMS TO BUILD A STRONGER HEALTH WORKFORCE AND IMPROVE PRIMARY CARE,2023-04-19,hsif00,House Energy and Commerce Committee,ZGL-eIlSG1o,https://www.youtube.com/watch?v=ZGL-eIlSG1o,Examining Existing Federal Programs to Build a Stronger Health Workforce and Improve Primary Care,0.95,exact_date_title,115759,
118,55326,LOWERING UNAFFORDABLE COSTS: LEGISLATIVE SOLUTIONS TO INCREASE TRANSPARENCY AND COMPETITION IN HEALTHCARE,2023-04-26,hsif00,House Energy and Commerce Committee,nG2QqIu7lmc,https://www.youtube.com/watch?v=nG2QqIu7lmc,Lowering Unaffordable Costs: Solutions to Increase Transparency and Competition in Health Care,0.79,fuzzy_title_exact_date,115801,
118,55613,ADDRESSING AMERICA'S DATA PRIVACY SHORTFALLS: HOW A NATIONAL STANDARD FILLS GAPS TO PROTECT AMERICANS' PERSONAL INFORMATION,2023-04-27,hsif00,House Energy and Commerce Committee,ozkn6FUSqlg,https://www.youtube.com/watch?v=ozkn6FUSqlg,Addressing U.S. Data Privacy Shortfalls: How A National Standard Fills Gaps To Protect Americans'...,0.76,fuzzy_title_exact_date,,
118,55663,THE BIOSAFETY OF RISKY RESEARCH: EXAMINING IF SCIENCE IS OUTPACING POLICY AND SAFETY,2023-04-27,hsif00,House Energy and Commerce Committee,QHOW7EDCvLU,https://www.youtube.com/watch?v=QHOW7EDCvLU,Biosafety And Risky Research: Examining If Science Is Outpacing Policy And Safety,0.83,fuzzy_title_exact_date,115835,
118,55732,THE FISCAL YEAR 2024 ENVIRONMENTAL PROTECTION AGENCY BUDGET,2023-05-10,hsif00,House Energy and Commerce Committee,FFVnxEdu4u4,https://www.youtube.com/watch?v=FFVnxEdu4u4,President Biden's Fiscal Year 2024 Environmental Protection Agency Budget Request,0.71,fuzzy_title_exact_date,,
118,55847,PREPARING FOR AND RESPONDING TO FUTURE PUBLIC HEALTH SECURITY THREATS,2023-05-11,hsif00,House Energy and Commerce Committee,fP9zo3pJGT4,https://www.youtube.com/watch?v=fP9zo3pJGT4,Preparing for and Responding to Future Public Health Security Threats,0.95,exact_date_title,,
118,55967,EXAMINING THE ROOT CAUSES OF DRUG SHORTAGES: CHALLENGES IN PHARMA- CEUTICAL DRUG SUPPLY CHAINS,2023-05-11,hsif00,House Energy and Commerce Committee,QJVpncq8alc,https://www.youtube.com/watch?v=QJVpncq8alc,Examining the Root Causes of Drug Shortages: Challenges in Pharmaceutical Drug Supply Chains,0.81,fuzzy_title_exact_date,,
118,56055,PROTECTING CRITICAL INFRASTRUCTURE FROM CYBER ATTACKS: EXAMINING EXPERTISE OF SECTOR-SPECIFIC AGENCIES,2023-05-16,hsif00,House Energy and Commerce Committee,suHfPBrjmd0,https://www.youtube.com/watch?v=suHfPBrjmd0,Protecting Critical Infrastructure from Cyberattacks: Examining Expertise of Sector Specific...,0.78,fuzzy_title_exact_date,,
118,56125,GROWING THE DOMESTIC ENERGY SECTOR SUPPLY CHAIN AND MANUFACTURING BASE: ARE FEDERAL EFFORTS WORKING?,2023-05-23,hsif00,House Energy and Commerce Committee,5a1JxQKtTOM,https://www.youtube.com/watch?v=5a1JxQKtTOM,Growing the Domestic Energy Sector Supply Chain and Manufacturing Base...,0.73,fuzzy_title_exact_date,,
118,56073,OVERSIGHT AND REAUTHORIZATION OF THE NATIONAL TELECOMMUNICATIONS AND IN- FORMATION ADMINISTRATION,2023-05-23,hsif00,House Energy and Commerce Committee,ZTVcQi980fk,https://www.youtube.com/watch?v=ZTVcQi980fk,Oversight and Reauthorization of the National Telecommunications and Information Administration,0.87,fuzzy_title_exact_date,116004,
118,56505,BUILDING BLOCKCHAINS: EXPLORING WEB 3 AND OTHER APPLICATIONS FOR DISTRIBUTED LEDGER TECHNOLOGIES,2023-06-07,hsif00,House Energy and Commerce Committee,D_E6P9Wt_Ac,https://www.youtube.com/watch?v=D_E6P9Wt_Ac,Building Blockchains: Exploring Web3 and Other Applications for Distributed Ledger Technologies,0.88,fuzzy_title_exact_date,,
118,56592,OVERSIGHT OF FERC: ADHERING TO A MISSION OF AFFORDABLE AND RELIABLE ENERGY FOR AMERICA,2023-06-13,hsif00,House Energy and Commerce Committee,BfwcU6Mttls,https://www.youtube.com/watch?v=BfwcU6Mttls,Oversight Of FERC: Adhering To A Mission Of Affordable And Reliable Energy For America,0.95,exact_date_title,,
118,56718,LEGISLATIVE SOLUTIONS TO BOLSTER PREPAREDNESS AND RESPONSE FOR ALL HAZARDS AND PUBLIC HEALTH SECURITY THREATS,2023-06-13,hsif00,House Energy and Commerce Committee,K8R7sdvyRvk,https://www.youtube.com/watch?v=K8R7sdvyRvk,Legislative Solutions to Bolster Preparedness & Response for All Hazards & Public Health Security...,0.82,fuzzy_title_exact_date,116116,
118,57131,EXAMINING PROPOSALS THAT PROVIDE ACCESS TO CARE FOR PATIENTS AND SUPPORT RESEARCH FOR RARE DISEASES,2023-06-14,hsif00,House Energy and Commerce Committee,aVFBahTj9BE,https://www.youtube.com/watch?v=aVFBahTj9BE,Examining Proposals that Provide Access to Care for Patients and Support Research for Rare Diseases,0.95,exact_date_title,116121,
118,56866,OVERSIGHT OF NRC: ENSURING EFFICIENT AND PREDICTABLE NUCLEAR SAFETY REGULATION FOR A PROSPEROUS AMERICA,2023-06-14,hsif00,House Energy and Commerce Committee,8xC-wOTaLk4,https://www.youtube.com/watch?v=8xC-wOTaLk4,NRC Oversight: Ensuring Efficient And Predictable Nuclear Safety Regulation For A Prosperous America,0.89,fuzzy_title_exact_date,116103,
118,57185,ENHANCING AMERICA'S GRID SECURITY AND RESILIENCE,2023-06-16,hsif00,House Energy and Commerce Committee,0DK0PvSTZX4,https://www.youtube.com/watch?v=0DK0PvSTZX4,"Field Hearing in Moore County, NC: ""Enhancing America's Grid Security and Resilience""",0.73,fuzzy_title_exact_date,,
118,57378,RESPONDING TO AMERICA'S OVERDOSE CRISIS: AN EXAMINATION OF LEGISLATION TO BUILD UPON THE SUPPORT ACT,2023-06-21,hsif00,House Energy and Commerce Committee,R8bYi4UhREA,https://www.youtube.com/watch?v=R8bYi4UhREA,Responding to America’s Overdose Crisis: An Examination of Legislation to Build Upon the SUPPORT Act,0.95,exact_date_title,116156,
118,57494,OVERSIGHT OF THE FEDERAL COMMUNICATIONS COMMISSION,2023-06-21,hsif00,House Energy and Commerce Committee,Z8xQ9WRFFug,https://www.youtube.com/watch?v=Z8xQ9WRFFug,Oversight of the Federal Communications Commission Hearing,0.83,fuzzy_title_exact_date,,
118,58105,MACRA CHECKUP: ASSESSING IMPLEMENTATION AND CHALLENGES THAT REMAIN FOR PATIENTS AND DOCTORS,2023-06-22,hsif00,House Energy and Commerce Committee,HhCqZpvJRcs,https://www.youtube.com/watch?v=HhCqZpvJRcs,MACRA Checkup: Assessing Implementation and Challenges that Remain for Patients and Doctors?,0.95,exact_date_title,116147,
118,57716,DRIVING AFFORDABILITY: PRESERVING PEOPLE'S FREEDOM TO BUY AFFORDABLE VEHICLES AND FUEL,2023-06-22,hsif00,House Energy and Commerce Committee,lihF5NxBKQk,https://www.youtube.com/watch?v=lihF5NxBKQk,Driving Affordability: Preserving People’s Freedom to Buy Affordable Vehicles and Fuel,0.95,exact_date_title,,
118,60499,"INNOVATION SAVES LIVES: EVALUATING MEDICARE COVERAGE PATHWAYS FOR INNOVATIVE DRUGS, MEDICAL DEVICES, AND TECHNOLOGY",2023-07-18,hsif00,House Energy and Commerce Committee,KZJD6Cjrm7I,https://www.youtube.com/watch?v=KZJD6Cjrm7I,"Innovation Saves Lives: Evaluating Medicare Coverage for Innovative Drugs, Medical Devices and Tech",0.83,fuzzy_title_exact_date,116264,
118,60201,"AMERICAN NUCLEAR ENERGY EXPANSION: UPDATING POLICIES FOR EFFICIENT, PREDICTABLE LICENSING AND DEPLOYMENT",2023-07-18,hsif00,House Energy and Commerce Committee,_xMaGNxhE58,https://www.youtube.com/watch?v=_xMaGNxhE58,"American Nuclear Energy: Updating Policies for Efficient, Predictable Licensing & Deployment",0.83,fuzzy_title_exact_date,116255,
118,50918,THE BIDEN BORDER CRISIS: PART I,2023-02-01,hsju00,House Judiciary Committee,1Vr4RZyNC-g,https://www.youtube.com/watch?v=1Vr4RZyNC-g,The Biden Border Crisis: Part I,1.0,event_id_exact,115264,
118,51365,HEARING ON THE WEAPONIZATION OF THE FEDERAL GOVERNMENT,2023-02-09,hsju00,House Judiciary Committee,zSpBE9y5_Jk,https://www.youtube.com/watch?v=zSpBE9y5_Jk,Hearing on the Weaponization of the Federal Government,1.0,event_id_exact,115294,
118,51491,"THE BIDEN BORDER CRISIS, PART II",2023-02-23,hsju00,House Judiciary Committee,EVDje-ZXhGs,https://www.youtube.com/watch?v=EVDje-ZXhGs,The Biden Border Crisis: Part II,0.95,exact_date_title,115350,
118,51493,THE FENTANYL CRISIS IN AMERICA: INACTION IS NO LONGER AN OPTION,2023-03-01,hsju00,House Judiciary Committee,c5Aj6xJVCK0,https://www.youtube.com/watch?v=c5Aj6xJVCK0,The Fentanyl Crisis in America: Inaction is No Longer an Option,1.0,event_id_exact,115371,
118,51492,INTELLECTUAL PROPERTY AND STRATEGIC COMPETITION WITH CHINA: PART I,2023-03-08,hsju00,House Judiciary Committee,-qdddCuYk48,https://www.youtube.com/watch?v=-qdddCuYk48,Intellectual Property and Strategic Competition with China: Part I,1.0,event_id_exact,115441,
118,51505,HEARING ON THE WEAPONIZATION OF THE FEDERAL GOVERNMENT,2023-03-09,hsju00,House Judiciary Committee,etvy-38jq3s,https://www.youtube.com/watch?v=etvy-38jq3s,Hearing on the Weaponization of the Federal Government,1.0,event_id_exact,115442,
118,51634,COMPLIANCE WITH COMMITTEE OVERSIGHT,2023-03-09,hsju00,House Judiciary Committee,M57Mu6zXxGY,https://www.youtube.com/watch?v=M57Mu6zXxGY,Hearing on Compliance with Committee Oversight,0.95,exact_date_title,115443,
118,51502,REINING IN THE ADMINISTRATIVE STATE: RECLAIMING CONGRESS'S LEGISLATIVE POWER,2023-03-10,hsju00,House Judiciary Committee,y0PfUja7ffg,https://www.youtube.com/watch?v=y0PfUja7ffg,Reining in the Administrative State: Reclaiming Congress’s Legislative Power,1.0,event_id_exact,115456,
118,51678,FREE SPEECH: THE BIDEN ADMINISTRATION'S CHILLING OF PARENTS' FUNDAMENTAL RIGHTS,2023-03-23,hsju00,House Judiciary Committee,_HQ3kD8KToM,https://www.youtube.com/watch?v=_HQ3kD8KToM,Free Speech: The Biden Administration’s Chilling of Parents’ Fundamental Rights,1.0,event_id_exact,115531,
118,51764,HEARING ON COMPLIANCE WITH COMMITTEE OVERSIGHT,2023-03-29,hsju00,House Judiciary Committee,4SXALh-7dMc,https://www.youtube.com/watch?v=4SXALh-7dMc,Hearing on Compliance with Committee Oversight,1.0,event_id_exact,115601,
118,51876,HEARING ON WEAPONIZATION OF THE FEDERAL GOVERNMENT,2023-03-30,hsju00,House Judiciary Committee,mqvTxDKz7to,https://www.youtube.com/watch?v=mqvTxDKz7to,Hearing on the Weaponization of the Federal Government,1.0,event_id_exact,115611,
118,51906,VICTIMS OF VIOLENT CRIME IN MANHATTAN,2023-04-17,hsju00,House Judiciary Committee,bve30wzRFvU,https://www.youtube.com/watch?v=bve30wzRFvU,Victims of Violent Crime in Manhattan,1.0,event_id_exact,115663,
118,51997,"OVERSIGHT OF THE BUREAU OF ALCOHOL, TOBACCO, FIREARMS AND EXPLOSIVES",2023-04-26,hsju00,House Judiciary Committee,HHEK0-Lv4_Q,https://www.youtube.com/watch?v=HHEK0-Lv4_Q,"Oversight of the Bureau of Alcohol, Tobacco, Firearms and Explosives",1.0,event_id_exact,115794,
118,51996,THE BIDEN BORDER CRISIS: EXPLOITATION OF UNACCOMPANIED ALIEN CHILDREN,2023-04-26,hsju00,House Judiciary Committee,BrDX4jI0B5w,https://www.youtube.com/watch?v=BrDX4jI0B5w,The Biden Border Crisis: Exploitation of Unaccompanied Alien Children,1.0,event_id_exact,115798,
118,52123,OVERSIGHT OF THE U.S. PATENT AND TRADEMARK OFFICE,2023-04-27,hsju00,House Judiciary Committee,LfFLeA9jyc4,https://www.youtube.com/watch?v=LfFLeA9jyc4,Fixing FISA: How a Law Designed to Protect Americans Has Been Weaponized Against Them,1.0,event_id_exact,115813,
118,52287,REVISITING THE IMPLICATIONS OF THE FACE ACT,2023-05-16,hsju00,House Judiciary Committee,VAUIsu2C2UI,https://www.youtube.com/watch?v=VAUIsu2C2UI,Revisiting the Implications of the FACE Act,1.0,event_id_exact,115924,
118,52318,ARTIFICIAL INTELLIGENCE AND INTELLECTUAL PROPERTY: PART I - INTEROPERABILITY OF AI AND COPYRIGHT LAW,2023-05-17,hsju00,House Judiciary Committee,DoEof1QLQUQ,https://www.youtube.com/watch?v=DoEof1QLQUQ,Artificial Intelligence and Intellectual Property: Part I - Interoperability of AI and Copyright Law,1.0,event_id_exact,115951,
118,52419,HEARING ON WEAPONIZATION OF THE FEDERAL GOVERNMENT,2023-05-18,hsju00,House Judiciary Committee,LCwURKSjE3w,https://www.youtube.com/watch?v=LCwURKSjE3w,Hearing on the Weaponization of the Federal Government,1.0,event_id_exact,115972,
118,52461,THE BIDEN BORDER CRISIS: PART III,2023-05-23,hsju00,House Judiciary Committee,1dLJj8vKXik,https://www.youtube.com/watch?v=1dLJj8vKXik,The Biden Border Crisis: Part III,1.0,event_id_exact,115998,
118,52562,GOVERNMENT LITIGATION AND THE NEED FOR REFORM,2023-06-06,hsju00,House Judiciary Committee,jJIyb9qO9Ak,https://www.youtube.com/watch?v=jJIyb9qO9Ak,Government Litigation and the Need for Reform,1.0,event_id_exact,116049,
118,52561,IP AND STRATEGIC COMPETITION WITH CHINA: PART II--PRIORITIZING U.S. INNOVATION OVER ASSISTING FOREIGN ADVERSARIES,2023-06-06,hsju00,House Judiciary Committee,ZcPAyfgDrOg,https://www.youtube.com/watch?v=ZcPAyfgDrOg,IP and Strategic Competition with China: Part II,1.0,event_id_exact,116047,
118,52733,THE BORDER CRISIS: IS THE LAW BEING FAITHFULLY EXECUTED?,2023-06-07,hsju00,House Judiciary Committee,JsUH0ba8gqY,https://www.youtube.com/watch?v=JsUH0ba8gqY,The Border Crisis: Is the Law Being Faithfully Executed?,1.0,event_id_exact,116066,
118,52734,THE RISE IN ORGANIZED RETAIL CRIME AND THE THREAT TO PUBLIC SAFETY,2023-06-13,hsju00,House Judiciary Committee,n-D5Uz0aOaA,https://www.youtube.com/watch?v=n-D5Uz0aOaA,The Rise in Organized Retail Crime and the Threat to Public Safety,1.0,event_id_exact,116093,
118,52864,WHERE'S THE BEEF? REGULATORY BARRIERS TO ENTRY AND COMPETITION IN MEAT PROCESSING,2023-06-13,hsju00,House Judiciary Committee,t9xcOkwgdi0,https://www.youtube.com/watch?v=t9xcOkwgdi0,Where's the Beef? Regulatory Barriers to Entry and Competition in Meat Processing,1.0,event_id_exact,116086,
118,52753,HEARING ON THE REPORT OF SPECIAL COUNSEL JOHN DURHAM,2023-06-21,hsju00,House Judiciary Committee,lcTVnembPss,https://www.youtube.com/watch?v=lcTVnembPss,Hearing on the Report of Special Counsel John Durham,1.0,event_id_exact,116122,
118,52929,HEARING ON COMPLIANCE WITH COMMITTEE OVERSIGHT,2023-06-22,hsju00,House Judiciary Committee,XOOzIy5cHJ8,https://www.youtube.com/watch?v=XOOzIy5cHJ8,Hearing on Compliance with Committee Oversight,1.0,event_id_exact,116140,
118,52866,EXAMINATION OF CLEMENCY AT THE DEPARTMENT OF JUSTICE,2023-06-22,hsju00,House Judiciary Committee,aH7D0glCofI,https://www.youtube.com/watch?v=aH7D0glCofI,Examination of Clemency at the Department of Justice,1.0,event_id_exact,116141,
118,52954,FIVE YEARS LATER: THE MUSIC MODERNIZATION ACT,2023-06-27,hsju00,House Judiciary Committee,aevBbbIK0gI,https://www.youtube.com/watch?v=aevBbbIK0gI,Five Years Later – The Music Modernization Act,1.0,event_id_exact,116155,
118,52977,OVERSIGHT OF THE FEDERAL BUREAU OF INVESTIGATION,2023-07-12,hsju00,House Judiciary Committee,JjGQrJx1srk,https://www.youtube.com/watch?v=JjGQrJx1srk,Oversight of the Federal Bureau of Investigation,1.0,event_id_exact,116192,
118,52955,OVERSIGHT OF THE FEDERAL TRADE COMMISSION,2023-07-13,hsju00,House Judiciary Committee,Uy8afsR8my4,https://www.youtube.com/watch?v=Uy8afsR8my4,Oversight of the Federal Trade Commission,1.0,event_id_exact,116199,
118,53028,THE CONSEQUENCES OF CRIMINAL ALIENS ON U.S. COMMUNITIES,2023-07-13,hsju00,House Judiciary Committee,8dfg5Xpo4Yg,https://www.youtube.com/watch?v=8dfg5Xpo4Yg,The Consequences of Criminal Aliens on U.S. Communities,1.0,event_id_exact,116200,
118,53045,"FIXING FISA, PART II",2023-07-14,hsju00,House Judiciary Committee,HN_rWf7eDAc,https://www.youtube.com/watch?v=HN_rWf7eDAc,"Fixing FISA, Part II",1.0,event_id_exact,116211,
118,53106,HEARING ON COMPLIANCE WITH COMMITTEE OVERSIGHT,2023-07-18,hsju00,House Judiciary Committee,9zNZILBs1VY,https://www.youtube.com/watch?v=9zNZILBs1VY,Hearing on Compliance with Committee Oversight,0.95,exact_date_title,,
118,53108,IS THERE A RIGHT TO REPAIR?,2023-07-18,hsju00,House Judiciary Committee,U4rzdXibXC0,https://www.youtube.com/watch?v=U4rzdXibXC0,Is There a Right to Repair?,1.0,event_id_exact,116230,
118,53145,THE WEAPONIZATION OF THE FEDERAL GOVERNMENT,2023-07-20,hsju00,House Judiciary Committee,qqFKzM8XXX4,https://www.youtube.com/watch?v=qqFKzM8XXX4,Hearing on the Weaponization of the Federal Government,1.0,event_id_exact,116258,
118,53168,OVERSIGHT OF THE U.S. DEPARTMENT OF HOMELAND SECURITY,2023-07-26,hsju00,House Judiciary Committee,nMba6BrL0z8,https://www.youtube.com/watch?v=nMba6BrL0z8,Oversight of the U.S. Department of Homeland Security,1.0,event_id_exact,116272,
118,53169,OVERSIGHT OF THE DRUG ENFORCEMENT ADMINISTRATION,2023-07-27,hsju00,House Judiciary Committee,2AE9fZeb3k4,https://www.youtube.com/watch?v=2AE9fZeb3k4,Oversight of the Drug Enforcement Administration,1.0,event_id_exact,116283,
118,53170,"THE DANGERS AND DUE PROCESS VIOLATIONS OF ""GENDER-AFFIRMING CARE"" FOR CHILDREN",2023-07-27,hsju00,House Judiciary Committee,xqrSP9qug5Q,https://www.youtube.com/watch?v=xqrSP9qug5Q,The Dangers and Due Process Violations of 'Gender-Affirming Care' for Children,1.0,event_id_exact,116284,
118,53506,CHILDREN ARE NOT FOR SALE: EXAMINING THE EXPLOITATION OF CHILDREN IN THE U.S. AND ABROAD,2023-09-13,hsju00,House Judiciary Committee,7S14zTIRI9c,https://www.youtube.com/watch?v=7S14zTIRI9c,Children are Not for Sale: Examining the Threat of Exploitation of Children in the U.S. and Abroad,1.0,event_id_exact,116344,
118,53550,TERRORIST ENTRY THROUGH THE SOUTHWEST BORDER,2023-09-14,hsju00,House Judiciary Committee,cxSFxQFUp_A,https://www.youtube.com/watch?v=cxSFxQFUp_A,Terrorist Entry Through the Southwest Border,1.0,event_id_exact,116352,
118,53604,EXAMINING PROPOSED CONSTITUTIONAL AMENDMENTS,2023-09-19,hsju00,House Judiciary Committee,gfSqBMLyTsM,https://www.youtube.com/watch?v=gfSqBMLyTsM,Examining Proposed Constitutional Amendments,1.0,event_id_exact,116370,
118,53649,OVERSIGHT OF THE U.S. DEPARTMENT OF JUSTICE,2023-09-20,hsju00,House Judiciary Committee,4lFkrj5MmVw,https://www.youtube.com/watch?v=4lFkrj5MmVw,Oversight of the U.S. Department of Justice,1.0,event_id_exact,116381,
118,53700,VICTIMS OF VIOLENT CRIME IN CHICAGO,2023-09-26,hsju00,House Judiciary Committee,2AFJc204Ckk,https://www.youtube.com/watch?v=2AFJc204Ckk,Victims of Violent Crime in Chicago,0.95,exact_date_title,,
118,53722,OVERSIGHT OF THE U.S. COPYRIGHT OFFICE,2023-09-27,hsju00,House Judiciary Committee,aQUDlDXvWOo,https://www.youtube.com/watch?v=aQUDlDXvWOo,Oversight of the U.S. Copyright Office,1.0,event_id_exact,116404,
118,53784,VICTIMS OF VIOLENT CRIME IN THE. DISTRICT OF COLUMBIA,2023-10-12,hsju00,House Judiciary Committee,nCR5W8WJZn4,https://www.youtube.com/watch?v=nCR5W8WJZn4,Victims of Violent Crime in the District of Columbia,1.0,event_id_exact,116457,
118,53827,"IP AND STRATEGIC COMPETITION WITH CHINA: PART III--IP THEFT, CYBERSECURITY, AND AI",2023-10-19,hsju00,House Judiciary Committee,Ix6Gc3lY_OI,https://www.youtube.com/watch?v=Ix6Gc3lY_OI,"IP and Strategic Competition with China: Part III – IP Theft, Cybersecurity, and AI",1.0,event_id_exact,116383,
118,54119,MEMBER DAY,2023-11-03,hsju00,House Judiciary Committee,JuYjyJBZDf4,https://www.youtube.com/watch?v=JuYjyJBZDf4,Member Day,1.0,event_id_exact,116534,
118,54134,FREE SPEECH ON COLLEGE CAMPUSES,2023-11-08,hsju00,House Judiciary Committee,3vtIFKqWLHQ,https://www.youtube.com/watch?v=3vtIFKqWLHQ,Free Speech on College Campuses,1.0,event_id_exact,116550,
118,54185,OVERSIGHT OF THE DEPARTMENT OF JUSTICE ANTITRUST DIVISION,2023-11-14,hsju00,House Judiciary Committee,tuAFtkTTsMY,https://www.youtube.com/watch?v=tuAFtkTTsMY,Oversight of the Department of Justice Antitrust Division,1.0,event_id_exact,116568,
118,54254,HEARING ON COMPLIANCE WITH COMMITTEE OVERSIGHT,2023-11-30,hsju00,House Judiciary Committee,sNqCyxooecs,https://www.youtube.com/watch?v=sNqCyxooecs,Hearing on Compliance with Committee Oversight,0.95,exact_date_title,,
118,54237,HEARING ON THE WEAPONIZATION OF THE FEDERAL GOVERNMENT,2023-11-30,hsju00,House Judiciary Committee,DjFWInU8pqU,https://www.youtube.com/watch?v=DjFWInU8pqU,Hearing on the Weaponization of the Federal Government,1.0,event_id_exact,116615,
118,54342,OVERSIGHT OF THE DEPARTMENT OF JUSTICE CIVIL RIGHTS DIVISION,2023-12-05,hsju00,House Judiciary Committee,yRK9NUjqUdI,https://www.youtube.com/watch?v=yRK9NUjqUdI,Oversight of the Department of Justice Civil Rights Division,1.0,event_id_exact,116626,
118,54399,"DIGITAL COPYRIGHT PIRACY: PROTECTING AMERICAN CONSUMERS, WORKERS, AND CREATORS",2023-12-13,hsju00,House Judiciary Committee,Nq_2RcuZ038,https://www.youtube.com/watch?v=Nq_2RcuZ038,"Digital Copyright Piracy: Protecting American Consumers, Workers, and Creators",1.0,event_id_exact,116671,
118,54400,SECOND AMENDMENT RIGHTS EMPOWER WOMEN'S RIGHTS,2023-12-13,hsju00,House Judiciary Committee,5J_S37b7y_8,https://www.youtube.com/watch?v=5J_S37b7y_8,Second Amendment Rights Empower Women's Rights,1.0,event_id_exact,116676,
118,54615,THE IMPACT OF ILLEGAL IMMIGRATION ON SOCIAL SERVICES,2024-01-11,hsju00,House Judiciary Committee,_hvhF3a8Cuk,https://www.youtube.com/watch?v=_hvhF3a8Cuk,The Impact of Illegal Immigration on Social Services,1.0,event_id_exact,116727,
118,54717,THE SOUTHERN BORDER CRISIS: THE CONSTITUTION AND THE STATES,2024-01-30,hsju00,House Judiciary Committee,hyNF3VFdJFs,https://www.youtube.com/watch?v=hyNF3VFdJFs,The Southern Border Crisis: The Constitution and the States,0.95,exact_date_title,,
118,54845,ARTIFICIAL INTELLIGENCE AND INTELLECTUAL PROPERTY: PART II-IDENTITY IN THE AGE OF AI,2024-02-02,hsju00,House Judiciary Committee,UAcE99QV4b0,https://www.youtube.com/watch?v=UAcE99QV4b0,Artificial Intelligence and Intellectual Property: Part II – Identity in the Age of AI,1.0,event_id_exact,116778,
118,54869,HEARING ON THE WEAPONIZATION OF THE FEDERAL GOVERNMENT,2024-02-06,hsju00,House Judiciary Committee,MWzS3EqsoC0,https://www.youtube.com/watch?v=MWzS3EqsoC0,Hearing on the Weaponization of the Federal Government,1.0,event_id_exact,116793,
118,54925,OVERSIGHT OF THE UNITED STATES MARSHALS SERVICE,2024-02-14,hsju00,House Judiciary Committee,y7kGqNZv-5A,https://www.youtube.com/watch?v=y7kGqNZv-5A,Oversight of the United States Marshals Service,0.95,exact_date_title,,
118,55050,A VOICE FOR THE VOICELESS--CSAM IDENTIFICATION,2024-03-06,hsju00,House Judiciary Committee,emFhJhcc7oU,https://www.youtube.com/watch?v=emFhJhcc7oU,A Voice for the Voiceless - CSAM Identification,0.95,exact_date_title,,
118,55072,PRESIDENTIAL POWER TO SECURE THE BORDER,2024-03-07,hsju00,House Judiciary Committee,3AP2D3jfVz8,https://www.youtube.com/watch?v=3AP2D3jfVz8,Presidential Power to Secure the Border,1.0,event_id_exact,116925,
118,55073,Hearing on the Weaponization of the Federal Government,2024-03-07,hsju00,House Judiciary Committee,ZSiNbZQXVu0,https://www.youtube.com/watch?v=ZSiNbZQXVu0,The Weaponization of the Federal Government,1.0,event_id_exact,116921,
118,55150,HEARING ON THE REPORT OF SPECIAL COUNSEL ROBERT K. HUR,2024-03-12,hsju00,House Judiciary Committee,9ptskBAGKOo,https://www.youtube.com/watch?v=9ptskBAGKOo,Hearing on the Report of Special Counsel Robert K. Hur,0.95,exact_date_title,116942,
118,55231,REINING IN THE ADMINISTRATIVE STATE: AGENCY ADJUDICATION AND OTHER AGENCY ACTION,2024-03-20,hsju00,House Judiciary Committee,BkUpFRUOwbA,https://www.youtube.com/watch?v=BkUpFRUOwbA,Reining in the Administrative State: Agency Adjudication and Other Agency Action,1.0,event_id_exact,116992,
118,55378,ARTIFICIAL INTELLIGENCE AND INTELLECTUAL PROPERTY: PART III-- IP PROTECTION FOR AI ASSISTED INVENTIONS AND CREATIVE WORKS,2024-04-10,hsju00,House Judiciary Committee,fxA6svitx5Y,https://www.youtube.com/watch?v=fxA6svitx5Y,Artificial Intelligence and Intellectual Property: Part III,1.0,event_id_exact,117077,
118,55389,FIGHTING FOR A FREE PRESS: PROTECTING JOURNALISTS AND THEIR SOURCES,2024-04-11,hsju00,House Judiciary Committee,962-gOeG6Ls,https://www.youtube.com/watch?v=962-gOeG6Ls,Fighting for a Free Press: Protecting Journalists and their Sources,1.0,event_id_exact,117096,
118,55436,"LIBERTY, TYRANNY, AND ACCOUNTABILITY: COVID-19 AND THE CONSTITUTION",2024-04-16,hsju00,House Judiciary Committee,WCkurN3Z_hw,https://www.youtube.com/watch?v=WCkurN3Z_hw,"Liberty, Tyranny, and Accountability: Covid-19 and the Constitution",1.0,event_id_exact,116919,
118,55574,OVERREACH: AN EXAMINATION OF FEDERAL STATUTORY AND REGULATORY CRIMES,2024-04-30,hsju00,House Judiciary Committee,T-E7v7CrYh4,https://www.youtube.com/watch?v=T-E7v7CrYh4,Overreach: An Examination of Federal Statutory and Regulatory Crimes,1.0,event_id_exact,117202,
118,55618,HEARING ON THE WEAPONIZATION OF THE FEDERAL GOVERNMENT,2024-05-01,hsju00,House Judiciary Committee,3JNdGZBJQHA,https://www.youtube.com/watch?v=3JNdGZBJQHA,Hearing on the Weaponization of the Federal Government,1.0,event_id_exact,117220,
118,55634,VICTIMS OF VIOLENT CRIME IN PHILADELPHIA,2024-05-03,hsju00,House Judiciary Committee,PHVZhmP5A2k,https://www.youtube.com/watch?v=PHVZhmP5A2k,Victims of Violent Crime in Philadelphia,1.0,event_id_exact,117234,
118,55662,HEARING ON COMPLIANCE WITH COMMITTEE OVERSIGHT,2024-05-07,hsju00,House Judiciary Committee,6uhNLICrwqE,https://www.youtube.com/watch?v=6uhNLICrwqE,Hearing on Compliance with Committee Oversight,1.0,event_id_exact,117256,
118,55652,INTELLECTUAL PROPERTY: ENFORCEMENT ACTIVITIES BY THE EXECUTIVE BRANCH,2024-05-07,hsju00,House Judiciary Committee,2wve1ieU_w0,https://www.youtube.com/watch?v=2wve1ieU_w0,Intellectual Property: Enforcement Activities by the Executive Branch,1.0,event_id_exact,117252,
118,55716,THE BIDEN BORDER CRISIS: ARIZONA PERSPECTIVES,2024-05-10,hsju00,House Judiciary Committee,8hM6wV-98nc,https://www.youtube.com/watch?v=8hM6wV-98nc,The Biden Border Crisis: Arizona Perspectives,1.0,event_id_exact,117288,
118,55775,ANTISEMITISM ON COLLEGE CAMPUSES,2024-05-15,hsju00,House Judiciary Committee,cFwX-r1DrAI,https://www.youtube.com/watch?v=cFwX-r1DrAI,Antisemitism on College Campuses,1.0,event_id_exact,117305,
118,55746,HEARING ON THE WEAPONIZATION OF THE FEDERAL GOVERNMENT,2024-05-15,hsju00,House Judiciary Committee,oYsODkFPs_U,https://www.youtube.com/watch?v=oYsODkFPs_U,Hearing on the Weaponization of the Federal Government,1.0,event_id_exact,117301,
118,55793,HEARING ON THE WEAPONIZATION OF THE FEDERAL GOVERNMENT,2024-05-22,hsju00,House Judiciary Committee,KOU-Y41lKtI,https://www.youtube.com/watch?v=KOU-Y41lKtI,Hearing on the Weaponization of the Federal Government,1.0,event_id_exact,117338,
118,55811,"OVERSIGHT OF THE BUREAU OF ALCOHOL, TOBACCO, FIREARMS, AND EXPLOSIVES",2024-05-23,hsju00,House Judiciary Committee,XqYmuIfWkeE,https://www.youtube.com/watch?v=XqYmuIfWkeE,"Oversight of the Bureau of Alcohol, Tobacco, Firearms, and Explosives",1.0,event_id_exact,117349,
118,55970,THE BIDEN BORDER CRISIS: NORTH DAKOTA PERSPECTIVES,2024-05-29,hsju00,House Judiciary Committee,npk6N6vL864,https://www.youtube.com/watch?v=npk6N6vL864,The Biden Border Crisis: North Dakota Perspectives,1.0,event_id_exact,117373,
118,55952,OVERSIGHT OF THE U.S. DEPARTMENT OF JUSTICE,2024-06-04,hsju00,House Judiciary Committee,yY-0HDYzbTE,https://www.youtube.com/watch?v=yY-0HDYzbTE,Oversight of the U.S. Department of Justice,1.0,event_id_exact,117383,
118,56096,THE U.S. INTELLECTUAL PROPERTY SYSTEM AND THE IMPACT OF LITIGATION FINANCED BY THIRD-PARTY INVESTORS AND FOREIGN ENTITIES,2024-06-12,hsju00,House Judiciary Committee,O4nqPKLatAM,https://www.youtube.com/watch?v=O4nqPKLatAM,The U.S. Intellectual Property System and the Impact of Litigation Financed by Third-Party Investors,1.0,event_id_exact,117421,
118,56095,"CLIMATE CONTROL: DECARBONIZATION COLLUSION IN ENVIRONMENTAL, SOCIAL, AND GOVERNANCE (ESG) INVESTING",2024-06-12,hsju00,House Judiciary Committee,Gl7R8BwkSXI,https://www.youtube.com/watch?v=Gl7R8BwkSXI,"Climate Control: Decarbonization Collusion in Environmental, Social, and Governance (ESG) Investing",1.0,event_id_exact,117415,
118,56097,HEARING ON THE MANHATTAN DISTRICT ATTORNEY'S OFFICE,2024-06-13,hsju00,House Judiciary Committee,jY6liKk1-eU,https://www.youtube.com/watch?v=jY6liKk1-eU,Hearing on the Manhattan District Attorneys Office,1.0,event_id_exact,117426,
118,56209,"RADIO, MUSIC, AND COPYRIGHTS: 100 YEARS OF INEQUITY FOR RECORDING ARTISTS",2024-06-26,hsju00,House Judiciary Committee,a9gtG2OS9gE,https://www.youtube.com/watch?v=a9gtG2OS9gE,"Radio, Music, and Copyrights: 100 Years of Inequity for Recording Artists",1.0,event_id_exact,117457,
118,56175,FOLLOW THE SCIENCE?: OVERSIGHT OF THE BIDEN COVID-19 ADMINISTRATIVE STATE RESPONSE,2024-06-26,hsju00,House Judiciary Committee,07byJ8ZCAGc,https://www.youtube.com/watch?v=07byJ8ZCAGc,Follow the Science?: Oversight of the Biden Covid-19 Administrative State Response,1.0,event_id_exact,117456,
118,56300,HEARING ON THE WEAPONIZATION OF THE FEDERAL GOVERNMENT,2024-07-09,hsju00,House Judiciary Committee,qjGH0inHRVM,https://www.youtube.com/watch?v=qjGH0inHRVM,Hearing on the Weaponization of the Federal Government,1.0,event_id_exact,117501,
118,56299,COLLUSION IN THE GLOBAL ALLIANCE FOR RESPONSIBLE MEDIA,2024-07-10,hsju00,House Judiciary Committee,vmUfdnECOpA,https://www.youtube.com/watch?v=vmUfdnECOpA,Collusion in the Global Alliance for Responsible Media,0.95,exact_date_title,117518,
118,56357,IP LITIGATION AND THE U.S. INTERNATIONAL TRADE COMMISSION,2024-07-23,hsju00,House Judiciary Committee,-v_XytncGgw,https://www.youtube.com/watch?v=-v_XytncGgw,IP Litigation and the U.S. International Trade Commission,1.0,event_id_exact,117532,
118,56426,OVERSIGHT OF THE FEDERAL BUREAU OF PRISONS,2024-07-23,hsju00,House Judiciary Committee,Spl6kbooiMU,https://www.youtube.com/watch?v=Spl6kbooiMU,Oversight of the Federal Bureau of Prisons,1.0,event_id_exact,117533,
118,56425,OVERSIGHT OF THE FEDERAL BUREAU OF INVESTIGATION,2024-07-24,hsju00,House Judiciary Committee,cNZZYxDjvBA,https://www.youtube.com/watch?v=cNZZYxDjvBA,Oversight of the Federal Bureau of Investigation,1.0,event_id_exact,117545,
118,56700,THE BIDEN-HARRIS BORDER CRISIS: CALIFORNIA PERSPECTIVES,2024-09-06,hsju00,House Judiciary Committee,0iBcm8ikNlA,https://www.youtube.com/watch?v=0iBcm8ikNlA,The Biden-Harris Border Crisis: California Perspectives,1.0,event_id_exact,117607,
118,56704,THE BIDEN-HARRIS BORDER CRISIS: VICTIM PERSPECTIVES,2024-09-10,hsju00,House Judiciary Committee,0RbGn-hZHG8,https://www.youtube.com/watch?v=0RbGn-hZHG8,The Biden-Harris Border Crisis: Victim Perspectives,1.0,event_id_exact,117608,
118,56763,THE BIDEN-HARRIS BORDER CRISIS: NONCITIZEN VOTING,2024-09-10,hsju00,House Judiciary Committee,2ncGaxiK6Xo,https://www.youtube.com/watch?v=2ncGaxiK6Xo,The Biden-Harris Border Crisis: Noncitizen Voting,0.95,exact_date_title,117612,
118,56838,THE ROLE OF PHARMACY BENEFIT MANAGERS,2024-09-11,hsju00,House Judiciary Committee,eAf6JrjHPwA,https://www.youtube.com/watch?v=eAf6JrjHPwA,The Role of Pharmacy Benefit Managers,0.95,exact_date_title,117633,
118,56839,THE CONSEQUENCES OF SOFT-ON-CRIME POLICIES,2024-09-11,hsju00,House Judiciary Committee,iGR8W0IwZ1o,https://www.youtube.com/watch?v=iGR8W0IwZ1o,The Consequences of Soft-On-Crime Policies,0.95,exact_date_title,117634,
118,56819,OVERSIGHT OF HOMELAND SECURITY INVESTIGATIONS,2024-09-18,hsju00,House Judiciary Committee,IoawUMMZYAM,https://www.youtube.com/watch?v=IoawUMMZYAM,Oversight of Homeland Security Investigations,1.0,event_id_exact,117654,
118,56926,HEARING ON THE WEAPONIZATION OF THE FEDERAL GOVERNMENT,2024-09-25,hsju00,House Judiciary Committee,pscQIY_LHOY,https://www.youtube.com/watch?v=pscQIY_LHOY,Hearing on the Weaponization of the Federal Government,1.0,event_id_exact,117688,
118,57175,THE BIDEN HARRIS BORDER CRISIS: WISCONSIN PERSPECTIVES,2024-10-24,hsju00,House Judiciary Committee,9JsmZ90iEsA,https://www.youtube.com/watch?v=9JsmZ90iEsA,The Biden-Harris Border Crisis: Wisconsin Perspectives,1.0,event_id_exact,117709,
118,57463,OVERSIGHT OF THE DEPARTMENT OF HEALTH AND HUMAN SERVICES' OFFICE OF REFUGEE RESETTLEMENT,2024-11-20,hsju00,House Judiciary Committee,_p2WSEerNxk,https://www.youtube.com/watch?v=_p2WSEerNxk,Oversight of the Department of Health and Human Services’ Office of Refugee Resettlement,1.0,event_id_exact,117565,
118,57677,OVERSIGHT OF U.S. CITIZENSHIP AND IMMIGRATION SERVICES,2024-12-04,hsju00,House Judiciary Committee,RQMnBc158y0,https://www.youtube.com/watch?v=RQMnBc158y0,Oversight of U.S. Citizenship and Immigration Services,1.0,event_id_exact,117744,
118,57832,OVERSIGHT OF THE CRIMINAL JUSTICE INFORMATION SERVICES (CJIS) DIVISION,2024-12-17,hsju00,House Judiciary Committee,yKCOzSnii7I,https://www.youtube.com/watch?v=yKCOzSnii7I,Oversight of the Criminal Justice Information Services (CJIS) Division,1.0,event_id_exact,117762,
118,57831,"IP AND STRATEGIC COMPETITION WITH CHINA: PART IV_PATENTS, STANDARDS, AND LAWFARE",2024-12-18,hsju00,House Judiciary Committee,8BbIHegZ7SE,https://www.youtube.com/watch?v=8BbIHegZ7SE,"IP and Strategic Competition with China: Part IV – Patents, Standards, and Lawfare",1.0,event_id_exact,117764,
118,57830,REVISITING THE IMPLICATIONS OF THE FACE ACT: PART II,2024-12-18,hsju00,House Judiciary Committee,x4ofapjVZ9A,https://www.youtube.com/watch?v=x4ofapjVZ9A,Revisiting the Implications of the FACE Act: Part II,1.0,event_id_exact,117765,
118,60063,THE STATE OF TRANSPORTATION INFRASTRUCTURE AND SUPPLY CHAIN CHALLENGES,2023-02-01,hspw00,House Public Works Committee,7SfCz5ZuRss,https://www.youtube.com/watch?v=7SfCz5ZuRss,The State of Transportation Infrastructure and Supply Chain Challenges,0.95,exact_date_title,,
118,59791,FAA REAUTHORIZATION: ENHANCING AMERICA'S GOLD STANDARD IN AVIATION SAFETY,2023-02-07,hspw00,House Public Works Committee,4ZLvStu69rk,https://www.youtube.com/watch?v=4ZLvStu69rk,"Hearing on ""FAA Reauthorization: Maintaining America’s Gold Standard in Aviation Safety""",0.75,fuzzy_title_exact_date,,
118,51661,STAKEHOLDER PERSPECTIVES ON THE IMPACTS OF THE BIDEN ADMINISTRATION'S WATERS OF THE UNITED STATES (WOTUS) RULE,2023-02-08,hspw00,House Public Works Committee,11AkpK_v7PM,https://www.youtube.com/watch?v=11AkpK_v7PM,"Hearing on ""Stakeholder Perspectives on the Impacts of the Biden Administration’s WOTUS Rule""",0.75,fuzzy_title_exact_date,115291,
118,54072,PIPELINE SAFETY: REVIEWING IMPLEMENTATION OF THE PIPES ACT OF 2020 AND EXAMINING FUTURE SAFETY NEEDS,2023-03-08,hspw00,House Public Works Committee,B_20MN8vkzs,https://www.youtube.com/watch?v=B_20MN8vkzs,"Hearing on ""Pipeline Safety: Reviewing Implementation of the PIPES Act of 2020 and Examining Fut...""",0.81,fuzzy_title_exact_date,115415,
118,55549,FAA REAUTHORIZATION: SECURING THE FUTURE OF GENERAL AVIATION,2023-03-09,hspw00,House Public Works Committee,zPr00fMZVlY,https://www.youtube.com/watch?v=zPr00fMZVlY,"Hearing on ""FAA Reauthorization: Securing the Future of General Aviation""",0.95,exact_date_title,,
118,52648,FAA REAUTHORIZATION: NAVIGATING THE COMPREHENSIVE PASSENGER EXPERIENCE,2023-03-23,hspw00,House Public Works Committee,hza4ARo0w74,https://www.youtube.com/watch?v=hza4ARo0w74,"Hearing on ""FAA Reauthorization: Navigating the Comprehensive Passenger Experience""",0.95,exact_date_title,115520,
118,53162,"REVIEW OF FISCAL YEAR 2024 BUDGET REQUEST FOR FEDERAL MARITIME TRANSPORTATION PROGRAMS, AND IMPLEMENTATION OF THE OCEAN SHIPPING REFORM ACT OF 2022",2023-03-23,hspw00,House Public Works Committee,z0_UepoSNNo,https://www.youtube.com/watch?v=z0_UepoSNNo,"Hearing on ""Review of Fiscal Year 2024 Budget Request for Federal Maritime Transportation Progra...""",0.85,substring_nearby_date,115523,
118,54882,MARITIME TRANSPORTATION SUPPLY CHAIN ISSUES,2023-03-28,hspw00,House Public Works Committee,ZHtIVdiFsH4,https://www.youtube.com/watch?v=ZHtIVdiFsH4,"Hearing on ""Maritime Transportation Supply Chain Issues""",0.95,exact_date_title,115559,
118,52631,REVIEWING THE IMPLEMENTATION OF THE INFRASTRUCTURE INVESTMENT AND JOBS ACT,2023-03-28,hspw00,House Public Works Committee,Zj5C4rnlA-U,https://www.youtube.com/watch?v=Zj5C4rnlA-U,"Hearing on ""Reviewing the Implementation of the Infrastructure Investment and Jobs Act""",0.95,exact_date_title,115557,
118,53305,FAA REAUTHORIZATION: HARNESSING THE EVOLUTION OF FLIGHT TO DELIVER FOR THE AMERICAN PEOPLE,2023-03-30,hspw00,House Public Works Committee,Db-HhpJegkY,https://www.youtube.com/watch?v=Db-HhpJegkY,"Hearing on ""FAA Reauthorization: Harnessing the Evolution of Flight to Deliver for the American...""",0.86,fuzzy_title_exact_date,115612,
118,52632,COMMITTEE ON TRANSPORTATION AND INFRASTRUCTURE MEMBER DAY,2023-04-18,hspw00,House Public Works Committee,9sg-f0qGZHg,https://www.youtube.com/watch?v=9sg-f0qGZHg,Committee on Transportation and Infrastructure Member Day,0.95,exact_date_title,115682,
118,58897,REVIEW OF FISCAL YEAR 2024 BUDGET REQUEST FOR THE COAST GUARD,2023-04-18,hspw00,House Public Works Committee,w357SjP_jJU,https://www.youtube.com/watch?v=w357SjP_jJU,"Hearing on ""Review of Fiscal Year 2024 Budget Request for the Coast Guard”",0.95,exact_date_title,,
118,56502,FAA REAUTHORIZATION: EXAMINING THE CURRENT AND FUTURE CHALLENGES FACING THE AEROSPACE WORKFORCE,2023-04-19,hspw00,House Public Works Committee,p5DPXGterrA,https://www.youtube.com/watch?v=p5DPXGterrA,"Hearing on ""FAA Reauthorization: Examining the Current and Future Challenges Facing the Aerospac...""",0.84,fuzzy_title_exact_date,,
118,55550,FREIGHT FORWARD: OVERCOMING SUPPLY CHAIN CHALLENGES TO DELIVER FOR AMERICA,2023-05-10,hspw00,House Public Works Committee,XNoMVqy4ouA,https://www.youtube.com/watch?v=XNoMVqy4ouA,"Hearing on ""“Freight Forward: Overcoming Supply Chain Challenges to Deliver for America”",0.95,exact_date_title,,
118,53227,ASSESSING THE SHORTAGE OF UNITED STATES MARINERS AND RECRUITMENT AND RETENTION IN THE UNITED STATES COAST GUARD,2023-05-11,hspw00,House Public Works Committee,V3QfGgh7yL0,https://www.youtube.com/watch?v=V3QfGgh7yL0,"Hearing on “Assessing the Shortage of United States Mariners and Recruitment and Retention in th...""",0.76,fuzzy_title_exact_date,115823,
118,52653,GETTING BACK ON TRACK: EXPLORING RAIL SUPPLY CHAIN RESILIENCE AND CHALLENGES,2023-05-11,hspw00,House Public Works Committee,sQc4FuBFZOc,https://www.youtube.com/watch?v=sQc4FuBFZOc,"Hearing on ""Getting Back on Track: Exploring Rail Supply Chain Resilience and Challenges""",0.95,exact_date_title,115825,
118,56144,THE NEXT FIFTY YEARS OF THE CLEAN WATER ACT: EXAMINING THE LAW AND INFRASTRUCTURE PROJECT COMPLETION,2023-05-16,hspw00,House Public Works Committee,N98JZM5NyO8,https://www.youtube.com/watch?v=N98JZM5NyO8,"Subcommittee Hearing on “The Next Fifty Years of the Clean Water Act: Examining the Law and Infr...""",0.74,fuzzy_title_exact_date,,
118,53614,THE IMPACTS OF FEMA'S STRATEGIC PLAN ON DISASTER PREPAREDNESS AND RESPONSE,2023-05-17,hspw00,House Public Works Committee,71T-zbgW5YU,https://www.youtube.com/watch?v=71T-zbgW5YU,Hearing on “The Impacts of FEMA’s Strategic Plan on Disaster Preparedness and Response”,0.95,exact_date_title,,
118,52652,NEVER-ENDING EMERGENCIES--AN EXAMINATION OF THE NATIONAL EMERGENCIES ACT,2023-05-24,hspw00,House Public Works Committee,KIQOtha9umo,https://www.youtube.com/watch?v=KIQOtha9umo,"Subcommittee Hearing on ""Never Ending Emergencies – An Examination of the National Emergencies Act”",0.88,fuzzy_title_exact_date,115858,
118,52969,AMTRAK OPERATIONS: EXAMINING THE CHALLENGES AND OPPORTUNITIES FOR IMPROVING EFFICIENCY AND SERVICE,2023-06-06,hspw00,House Public Works Committee,hOUolr9-mb0,https://www.youtube.com/watch?v=hOUolr9-mb0,"Subcommittee Hearing on “Amtrak Operations: Examining the Challenges and Opportunities for Impro...""",0.74,fuzzy_title_exact_date,115859,
118,60154,REVIEW OF FISCAL YEAR 2024 BUDGET REQUEST: AGENCY PERSPECTIVES (PART 1),2023-06-22,hspw00,House Public Works Committee,1U1wwW9rmpw,https://www.youtube.com/watch?v=1U1wwW9rmpw,Subcommittee Hearing on “Review of Fiscal Year 2024 Budget Request: Agency Perspectives (Part I)”,0.85,fuzzy_title_exact_date,,
118,53338,WHEN THE LIGHTS ARE ON BUT NO ONE'S HOME: AN EXAMINATION OF FEDERAL OFFICE SPACE UTILIZATION,2023-07-13,hspw00,House Public Works Committee,poNHPuFDRWM,https://www.youtube.com/watch?v=poNHPuFDRWM,"Subcommittee Hearing on “When the Lights Are On But No One’s Home: An Examination of Federal...""",0.75,fuzzy_title_exact_date,116087,
118,57438,REVIEW OF FISCAL YEAR 2024 BUDGET REQUEST: AGENCY PERSPECTIVES (PART 2),2023-07-13,hspw00,House Public Works Committee,B4KSpwZ3_o8,https://www.youtube.com/watch?v=B4KSpwZ3_o8,“Review of Fiscal Year 2024 Budget Request: Agency Perspectives (Part II)”,0.86,fuzzy_title_exact_date,,
118,53883,"REVIEW OF THE RECAPITALIZATION OF THE UNITED STATES COAST GUARD SURFACE, AIR, IT, AND SHORESIDE ASSETS",2023-07-27,hspw00,House Public Works Committee,lAN2WsIScwo,https://www.youtube.com/watch?v=lAN2WsIScwo,"Subcommittee Hearing on “Review of the Recapitalization of the United States Coast Guard Surface...""",0.72,fuzzy_title_exact_date,116222,
118,54409,USE AND REGULATION OF AUTONOMOUS AND EXPERIMENTAL MARITIME TECHNOLOGIES,2023-09-19,hspw00,House Public Works Committee,ukFsWHP63Co,https://www.youtube.com/watch?v=ukFsWHP63Co,Hearing on “Use and Regulation of Autonomous and Experimental Maritime Technologies”,1.0,event_id_exact,116313,
118,54986,"FEMA: THE CURRENT STATE OF DISASTER READINESS, RESPONSE, AND RECOVERY",2023-09-19,hspw00,House Public Works Committee,7bI2iu1WtQM,https://www.youtube.com/watch?v=7bI2iu1WtQM,"Hearing on “FEMA: The Current State of Disaster Readiness, Response, and Recovery”",0.95,exact_date_title,,
118,56516,OVERSIGHT OF THE DEPARTMENT OF TRANSPORTATION'S POLICIES AND PROGRAMS,2023-09-20,hspw00,House Public Works Committee,_KNTht6pK7w,https://www.youtube.com/watch?v=_KNTht6pK7w,"""Full Committee Hearing on ""Oversight of the Department of Transportation’s Policies and Programs”",0.74,fuzzy_title_exact_date,,
118,54211,CLEAN WATER INFRASTRUCTURE FINANCING: STATE AND LOCAL PERSPECTIVES AND RECENT DEVELOPMENTS,2023-09-28,hspw00,House Public Works Committee,PaVvZoGfnwM,https://www.youtube.com/watch?v=PaVvZoGfnwM,"Subcommittee Hearing on “Clean Water Infrastructure Financing: State and Local Perspectives and...""",0.76,fuzzy_title_exact_date,116310,
118,54330,RUNNING ON EMPTY: THE HIGHWAY TRUST FUND,2023-10-18,hspw00,House Public Works Committee,KVDlpndYcvE,https://www.youtube.com/watch?v=KVDlpndYcvE,"Subcommittee Hearing on ""“Running on Empty: The Highway Trust Fund”",0.86,fuzzy_title_exact_date,116425,
118,56927,REGIONAL COMMISSIONS: A REVIEW OF FEDERAL ECONOMIC DEVELOPMENT PROGRAM EFFECTIVENESS,2023-10-19,hspw00,House Public Works Committee,yqfoTOBCUaw,https://www.youtube.com/watch?v=yqfoTOBCUaw,"Subcommittee Hearing on “Regional Commissions: A Review of Federal Economic Development Program...""",0.79,fuzzy_title_exact_date,,
118,55982,"Guardians of the Sea: Examining Coast Guard Efforts in Drug Enforcement, Illegal Migration, and IUU Fishing",2023-11-14,hspw00,House Public Works Committee,qBIS5gi36DA,https://www.youtube.com/watch?v=qBIS5gi36DA,"Subcommittee Hearing on “Guardians of the Sea: Examining Coast Guard Efforts in Drug Enforcement...""",0.7,fuzzy_title_exact_date,,
118,57026,GETTING ON THE RIGHT TRACK: NAVIGATING THE FUTURE OF INTERCITY PASSENGER RAIL IN AMERICA,2023-11-29,hspw00,House Public Works Committee,q9o-1x2qrEM,https://www.youtube.com/watch?v=q9o-1x2qrEM,"Subcommittee Hearing on ""“Getting on the Right Track: Navigating the Future of Intercity Passeng...""",0.77,fuzzy_title_exact_date,,
118,54742,TURBULENCE AHEAD: CONSEQUENCES OF DELAYING A LONG-TERM FAA BILL,2023-11-30,hspw00,House Public Works Committee,ywCmQISoZkU,https://www.youtube.com/watch?v=ywCmQISoZkU,Subcommittee Hearing on “Turbulence Ahead: Consequences of Delaying a Long-Term FAA Bill”,0.88,fuzzy_title_exact_date,116583,
118,59459,WATER RESOURCES DEVELOPMENT ACTS: STATUS OF PAST PROVISIONS AND FUTURE NEEDS,2023-12-05,hspw00,House Public Works Committee,ODv825Qm7oQ,https://www.youtube.com/watch?v=ODv825Qm7oQ,"Subcommittee Hearing on “Water Resources Development Acts: Status of Past Provisions and Future...""",0.84,fuzzy_title_exact_date,,
118,57119,GUARDIANS OF THE SEA: NATIONAL SECURITY MISSIONS OF THE UNITED STATES COAST GUARD,2023-12-12,hspw00,House Public Works Committee,_lOipTPf0MY,https://www.youtube.com/watch?v=_lOipTPf0MY,"Subcommittee Hearing on “Guardians of the Sea: National Security Missions of the United States...""",0.8,fuzzy_title_exact_date,,
118,56093,OVERSIGHT OF THE INFRASTRUCTURE INVESTMENT AND JOBS ACT: MODAL PERSPECTIVES,2023-12-13,hspw00,House Public Works Committee,5Bu_5Nky7-g,https://www.youtube.com/watch?v=5Bu_5Nky7-g,"Subcommittee Hearing on ""Oversight of the Infrastructure Investment and Jobs Act: Modal...""",0.78,fuzzy_title_exact_date,,
118,55011,PROPOSALS FOR A WATER RESOURCES DEVELOPMENT ACT OF 2024: STAKEHOLDER PRIORITIES,2023-12-13,hspw00,House Public Works Committee,4JQqP6e0_Z0,https://www.youtube.com/watch?v=4JQqP6e0_Z0,"Subcommittee Hearing on “Proposals for a Water Resources Development Act of 2024: Stakeholder...""",0.83,fuzzy_title_exact_date,,
118,55094,PROPOSALS FOR A WATER RESOURCES DEVELOPMENT ACT OF 2024: MEMBERS' DAY HEARING,2024-01-11,hspw00,House Public Works Committee,urslnqoL8h4,https://www.youtube.com/watch?v=urslnqoL8h4,"Subcommittee Hearing on ""Proposals for a Water Resources Development Act of 2024: Members’ Day...""",0.82,fuzzy_title_exact_date,,
118,56988,THE STATE OF TRANSPORTATION,2024-01-17,hspw00,House Public Works Committee,cpixDAe0NPA,https://www.youtube.com/watch?v=cpixDAe0NPA,Subcommittee Hearing on “The State of Transportation”,0.85,fuzzy_title_exact_date,,
118,57075,OVERSIGHT AND EXAMINATION OF RAILROAD GRADE CROSSING ELIMINATION AND SAFETY,2024-01-18,hspw00,House Public Works Committee,r75zqqyN1d0,https://www.youtube.com/watch?v=r75zqqyN1d0,"Subcommittee Hearing on “Oversight and Examination of Railroad Grade Crossing Elimination and...""",0.83,fuzzy_title_exact_date,,
118,55435,MENACE ON THE RED SEA: SECURING SHIPPING AGAINST THREATS IN THE RED SEA,2024-01-30,hspw00,House Public Works Committee,44iMM75Nxk4,https://www.youtube.com/watch?v=44iMM75Nxk4,Subcommittee Hearing on “Menace on the Red Sea: Securing Shipping Against Threats in the Red Sea”,0.88,fuzzy_title_exact_date,,
118,56928,THE STATE OF AMERICAN AVIATION AND THE FEDERAL AVIATION ADMINISTRATION,2024-02-06,hspw00,House Public Works Committee,vjUgcgTMkEQ,https://www.youtube.com/watch?v=vjUgcgTMkEQ,Subcommittee Hearing on “The State of American Aviation and the Federal Aviation Administration”,0.88,fuzzy_title_exact_date,,
118,58808,IMPLEMENTATION OF BUY AMERICA PROVISIONS: STAKEHOLDER PERSPECTIVES,2024-02-15,hspw00,House Public Works Committee,4MoDRbXUQSY,https://www.youtube.com/watch?v=4MoDRbXUQSY,Subcommittee Hearing on “Implementation of Buy America Provisions: Stakeholder Perspectives”,0.88,fuzzy_title_exact_date,,
118,55866,DEPARTMENT OF TRANSPORTATION DISCRETIONARY GRANTS: STAKEHOLDER PERSPECTIVES,2024-03-07,hspw00,House Public Works Committee,QI_18zLQvns,https://www.youtube.com/watch?v=QI_18zLQvns,"Full Committee Hearing on “Department of Transportation Discretionary Grants: Stakeholder...""",0.8,fuzzy_title_exact_date,,
118,56540,DISASTER READINESS: EXAMINING THE PROPRIETY OF THE EXPANDED USE OF FEMA RESOURCES,2024-03-12,hspw00,House Public Works Committee,hOQP2hUvOOA,https://www.youtube.com/watch?v=hOQP2hUvOOA,"Subcommittee Hearing on “Disaster Readiness: Examining the Propriety of the Expanded Use of FEMA...""",0.82,fuzzy_title_exact_date,,
118,56115,RURAL TRANSPORTATION CHALLENGES: STAKEHOLDER PERSPECTIVES,2024-03-21,hspw00,House Public Works Committee,ks4o165APAg,https://www.youtube.com/watch?v=ks4o165APAg,Subcommittee Hearing on “Rural Transportation Challenges: Stakeholder Perspectives”,0.87,fuzzy_title_exact_date,,
118,57417,"PORT SAFETY, SECURITY, AND INFRASTRUCTURE INVESTMENT",2024-04-05,hspw00,House Public Works Committee,xFaGEiyLh-0,https://www.youtube.com/watch?v=xFaGEiyLh-0,"Subcommittee Field Hearing on “Port Safety, Security, and Infrastructure Investment”",0.85,substring_nearby_date,,
118,59352,FROM HEADQUARTERS BUILDING TO FIELD OFFICES: EXAMINING THE FBI'S REAL ES- TATE NEEDS AND STRATEGY,2024-04-10,hspw00,House Public Works Committee,X598hy-J7Ts,https://www.youtube.com/watch?v=X598hy-J7Ts,"Subcommittee Hearing on ""From Headquarters Building to Field Offices: Examining the FBI’s Real...""",0.72,fuzzy_title_exact_date,,
118,57118,GETTING TO WORK: EXAMINING CHALLENGES AND SOLUTIONS IN THE COMMUTER RAIL INDUSTRY,2024-04-17,hspw00,House Public Works Committee,n_HoUGUjbWg,https://www.youtube.com/watch?v=n_HoUGUjbWg,"Subcommittee Hearing on “Getting to Work: Examining Challenges and Solutions in the Commuter...""",0.81,fuzzy_title_exact_date,,
118,56487,IT'S ELECTRIC: A REVIEW OF FLEET ELECTRIFICATION EFFORTS,2024-04-30,hspw00,House Public Works Committee,_MLFwUR3UkE,https://www.youtube.com/watch?v=_MLFwUR3UkE,Subcommittee Hearing on “It’s Electric: A Review of Fleet Electrification Efforts”,0.87,fuzzy_title_exact_date,,
118,57439,DISASTER MITIGATION: REVIEWING THE EFFECTIVENESS AND COSTS OF FEMA'S RESILIENCE PROGRAMS,2024-05-01,hspw00,House Public Works Committee,zmt_nlQTWMA,https://www.youtube.com/watch?v=zmt_nlQTWMA,"Subcommittee Hearing on “Disaster Mitigation: Reviewing the Effectiveness and Costs of FEMA’s...""",0.79,fuzzy_title_exact_date,,
118,56929,"REVIEW OF FISCAL YEAR 2025 MARITIME TRANSPORTATION BUDGET REQUESTS, PT. 2: THE COAST GUARD",2024-05-23,hspw00,House Public Works Committee,Twu2neWW9PM,https://www.youtube.com/watch?v=Twu2neWW9PM,"Subcommittee Hearing on “Review of Fiscal Year 2025 Maritime Transportation Budget Requests, Pt...”",0.77,fuzzy_title_exact_date,,
118,57027,REVIEW OF THE RECAPITALIZATION OF THE UNITED STATES COAST GUARD,2024-06-12,hspw00,House Public Works Committee,p986rdhwKM4,https://www.youtube.com/watch?v=p986rdhwKM4,Subcommittee Hearing on “Recapitalization of the United States Coast Guard”,0.79,fuzzy_title_exact_date,,
118,56930,"AMTRAK AND INTERCITY PASSENGER RAIL OVERSIGHT: PROMOTING PERFORMANCE, SAFETY, AND ACCOUNTABILITY",2024-06-12,hspw00,House Public Works Committee,NQgaiwohMVs,https://www.youtube.com/watch?v=NQgaiwohMVs,"Subcommittee Hearing on “Amtrak and Intercity Passenger Rail Oversight: Promoting Performance...""",0.72,fuzzy_title_exact_date,,
118,58380,"REVENUE, RIDERSHIP, AND POST-PANDEMIC LESSONS IN PUBLIC TRANSIT",2024-06-13,hspw00,House Public Works Committee,7npbaVk58uw,https://www.youtube.com/watch?v=7npbaVk58uw,"Subcommittee Hearing on ""Revenue, Ridership, and Post-Pandemic Lessons in Public Transit”",0.88,fuzzy_title_exact_date,,
118,57190,AN EXAMINATION OF THE CALIFORNIA AIR RESOURCES BOARD'S (CARB) IN-USE LOCOMOTIVE REGULATION,2024-07-09,hspw00,House Public Works Committee,GTTcCBS6EJY,https://www.youtube.com/watch?v=GTTcCBS6EJY,"Subcommittee Hearing on “An Examination of the California Air Resources Board’s (CARB) In Use...""",0.78,fuzzy_title_exact_date,,
118,57418,"ELIMINATING BOTTLENECKS: EXAMINING OPPORTUNITIES TO RECRUIT, RETAIN, AND ENGAGE AVIATION TALENT",2024-07-10,hspw00,House Public Works Committee,oXU59ulhGe4,https://www.youtube.com/watch?v=oXU59ulhGe4,"Subcommittee Hearing on “Eliminating Bottlenecks: Examining Opportunities to Recruit, Retain...""",0.71,fuzzy_title_exact_date,,
118,57589,EXAMINING THE EFFECTIVENESS OF THE FEDERAL PROTECTIVE SERVICE: ARE FEDERAL BUILDINGS SECURE?,2024-07-23,hspw00,House Public Works Committee,nWk1ftBf1ew,https://www.youtube.com/watch?v=nWk1ftBf1ew,"Subcommittee Hearing on “Examining the Effectiveness of the Federal Protective Service: Are...""",0.74,fuzzy_title_exact_date,,
118,57570,"EXAMINING THE STATE OF RAIL SAFETY IN THE AFTERMATH OF THE DERAILMENT IN EAST PALESTINE, OHIO",2024-07-23,hspw00,House Public Works Committee,K6rRP8PKZn4,https://www.youtube.com/watch?v=K6rRP8PKZn4,"Subcommittee Hearing on “Examining the State of Rail Safety in the Aftermath of the Derailment...""",0.78,fuzzy_title_exact_date,,
118,58690,EXAMINING THE DEPARTMENT OF TRANSPORTATION'S REGULATORY AND ADMINISTRATIVE AGENDA,2024-07-24,hspw00,House Public Works Committee,2IjzNy4ZhmM,https://www.youtube.com/watch?v=2IjzNy4ZhmM,"Subcommittee Hearing on “Examining the Department of Transportation’s Regulatory and...""",0.73,fuzzy_title_exact_date,,
118,58131,WATERS OF THE UNITED STATES IMPLEMENTATION POST-SACKETT DECISION: EXPERIENCES AND PERSPECTIVES,2024-09-11,hspw00,House Public Works Committee,66NLsYWurVQ,https://www.youtube.com/watch?v=66NLsYWurVQ,"Subcommittee Hearing on ""Waters of the United States Implementation Post-Sackett Decision...""",0.71,fuzzy_title_exact_date,,
118,58809,IMPLEMENTATION OF BOEING'S COMPREHENSIVE ACTION PLAN,2024-09-24,hspw00,House Public Works Committee,B-78vUzNs1k,https://www.youtube.com/watch?v=B-78vUzNs1k,Subcommittee Hearing on “Implementation of Boeing’s Comprehensive Action Plan”,0.87,fuzzy_title_exact_date,,
118,58132,ALWAYS READY: A DAY IN THE LIFE OF A U.S. COAST GUARD SENTINEL,2024-09-25,hspw00,House Public Works Committee,-rCzXscSnzg,https://www.youtube.com/watch?v=-rCzXscSnzg,Subcommittee Hearing on “Always Ready: A Day in the Life of a U.S. Coast Guard Sentinel”,0.88,fuzzy_title_exact_date,,
118,58133,EXAMINING THE ROLE AND EFFECTIVENESS OF BUILDING CODES IN MITIGATING AGAINST DISASTERS,2024-09-25,hspw00,House Public Works Committee,kbhbob2d5kA,https://www.youtube.com/watch?v=kbhbob2d5kA,"Subcommittee Hearing on “Examining the Role and Effectiveness of Building Codes in Mitigating...""",0.77,fuzzy_title_exact_date,,
118,58691,SNOWED IN: UNITED STATES DISINVESTMENT IN THE ARCTIC,2024-11-14,hspw00,House Public Works Committee,231BFnWKfoQ,https://www.youtube.com/watch?v=231BFnWKfoQ,Subcommittee Hearing on “Snowed In: United States Disinvestment in the Arctic”,0.87,fuzzy_title_exact_date,,
118,58949,IN THE EYE OF THE STORM: OVERSIGHT OF FEMA'S DISASTER READINESS AND RESPONSE,2024-11-19,hspw00,House Public Works Committee,Hy1w4AYQIiA,https://www.youtube.com/watch?v=Hy1w4AYQIiA,Subcommittee Hearing on “In the Eye of the Storm: Oversight of FEMA’s Disaster Readiness and...”,0.82,fuzzy_title_exact_date,,
118,58898,FAA REAUTHORIZATION ACT OF 2024: STAKEHOLDER PERSPECTIVES ON IMPLEMENTATION,2024-12-11,hspw00,House Public Works Committee,AyjfdZ6R-Uc,https://www.youtube.com/watch?v=AyjfdZ6R-Uc,Subcommittee Hearing on “FAA Reauthorization Act of 2024: Stakeholder Perspectives on...”,0.78,fuzzy_title_exact_date,,
118,51880,UNLEASHING AMERICAN POWER: THE DEVELOPMENT OF NEXT GENERATION ENERGY INFRASTRUCTURE,2023-03-23,hssy00,House Science and Technology Committee,UlGVbjYxBnw,https://www.youtube.com/watch?v=UlGVbjYxBnw,Hearing - Unleashing American Power: The Development of Next Generation Energy Infrastructure,0.85,fuzzy_title_exact_date,,
118,51879,ADVANCED AIR MOBILITY: THE FUTURE OF UNMANNED AIRCRAFT SYSTEMS AND BEYOND,2023-03-23,hssy00,House Science and Technology Committee,X-jZG_gLeNg,https://www.youtube.com/watch?v=X-jZG_gLeNg,Hearing - Advanced Air Mobility: The Future of Unmanned Aircraft Systems and Beyond,0.85,fuzzy_title_exact_date,,
118,51881,REAUTHORIZING THE WEATHER ACT: DATA AND INNOVATION FOR PREDICTIONS,2023-03-28,hssy00,House Science and Technology Committee,s91LDomQ1eQ,https://www.youtube.com/watch?v=s91LDomQ1eQ,Environment Subcommittee - Reauthorizing the Weather Act: Data and Innovation for Predictions,0.74,fuzzy_title_exact_date,,
118,51793,ESTABLISHING AN INDEPENDENT NOAA,2023-04-18,hssy00,House Science and Technology Committee,mNxsV_38Mmg,https://www.youtube.com/watch?v=mNxsV_38Mmg,Establishing an Independent NOAA,0.95,exact_date_title,,
118,51794,"PROTECTING AMERICAN TAXPAYERS: HIGHLIGHTING EFFORTS TO PROTECT AGAINST FEDERAL WASTE, FRAUD, AND MISMANAGEMENT",2023-04-19,hssy00,House Science and Technology Committee,SEJBsgFYzlk,https://www.youtube.com/watch?v=SEJBsgFYzlk,Protecting American Taxpayers,0.82,substring_nearby_date,,
118,51882,AN OVERVIEW OF THE NATIONAL SCIENCE FOUNDATION BUDGET PROPOSAL FOR FISCAL YEAR 2024,2023-04-26,hssy00,House Science and Technology Committee,rHJhXq5phP8,https://www.youtube.com/watch?v=rHJhXq5phP8,An Overview of the National Science Foundation Budget Proposal for Fiscal Year 2024,0.95,exact_date_title,,
118,52174,REAUTHORIZING THE U.S. FIRE ADMINISTRATION AND FIRE GRANT PROGRAMS: EVALUATING EFFECTIVENESS AND PREPAREDNESS FOR MODERN CHALLENGES,2023-05-11,hssy00,House Science and Technology Committee,CckaC9R5JEg,https://www.youtube.com/watch?v=CckaC9R5JEg,Reauthorizing the U.S. Fire Administration and Fire Grant Programs,0.84,substring_nearby_date,,
118,52327,REAUTHORIZING THE WEATHER ACT: USERS OF WEATHER DATA AND AREAS FOR IMPROVEMENT BY SECTOR,2023-06-06,hssy00,House Science and Technology Committee,7XIcGfdyTmw,https://www.youtube.com/watch?v=7XIcGfdyTmw,Reauthorizing the Weather Act: Users of Weather Data and Areas for Improvement by Sector,0.95,exact_date_title,,
118,52451,ADVANCING AMERICAN LEADERSHIP IN QUANTUM TECHNOLOGY,2023-06-07,hssy00,House Science and Technology Committee,P-RLduRG07g,https://www.youtube.com/watch?v=P-RLduRG07g,Advancing American Leadership in Quantum Technology,0.95,exact_date_title,,
118,52450,FROM THEORY TO REALITY: THE LIMITLESS POTENTIAL OF FUSION ENERGY,2023-06-13,hssy00,House Science and Technology Committee,DgNhy2KKaCE,https://www.youtube.com/watch?v=DgNhy2KKaCE,From Theory to Reality: The Limitless Potential of Fusion Energy,0.95,exact_date_title,116033,
118,52499,ARTIFICIAL INTELLIGENCE: ADVANCING INNOVATION TOWARDS THE NATIONAL INTEREST,2023-06-22,hssy00,House Science and Technology Committee,7s_Wv5VklVA,https://www.youtube.com/watch?v=7s_Wv5VklVA,Artificial Intelligence: Advancing Innovation Towards the National Interest,0.95,exact_date_title,,
118,52705,ENHANCING FIRE WEATHER PREDICTION AND COORDINATION,2023-07-12,hssy00,House Science and Technology Committee,p48cEQcJ4ps,https://www.youtube.com/watch?v=p48cEQcJ4ps,Enhancing Fire Weather Prediction and Coordination,0.95,exact_date_title,,
118,52767,CONTINUING U.S. LEADERSHIP IN COMMERCIAL SPACE AT HOME AND ABROAD,2023-07-13,hssy00,House Science and Technology Committee,aZZ9BEAFOnI,https://www.youtube.com/watch?v=aZZ9BEAFOnI,Continuing U.S. Leadership in Commercial Space at Home and Abroad,0.95,exact_date_title,,
118,52833,"MEMBERS' DAY HEARING: HOUSE COMMITTEE ON SCIENCE, SPACE, AND TECHNOLOGY",2023-07-19,hssy00,House Science and Technology Committee,SrdCOWXnZZg,https://www.youtube.com/watch?v=SrdCOWXnZZg,"Members’ Day Hearing: House Committee on Science, Space, and Technology",0.95,exact_date_title,,
118,52987,UNEARTHING INNOVATION: THE FUTURE OF SUBSURFACE SCIENCE AND TECHNOLOGY IN THE UNITED STATES,2023-07-26,hssy00,House Science and Technology Committee,GOEUj1KA2ps,https://www.youtube.com/watch?v=GOEUj1KA2ps,Unearthing Innovation: The Future of Subsurface Science and Technology in the United States,0.95,exact_date_title,,
118,53341,AN UPDATE ON THE DEPARTMENT OF ENERGY'S SCIENCE AND TECHNOLOGY PRIORITIES,2023-09-14,hssy00,House Science and Technology Committee,GRf3wisY_s4,https://www.youtube.com/watch?v=GRf3wisY_s4,An Update on the Department of Energy’s Science and Technology Priorities,0.95,exact_date_title,,
118,53349,CHIPS ON THE TABLE: A ONE-YEAR REVIEW OF THE CHIPS AND SCIENCE ACT,2023-09-19,hssy00,House Science and Technology Committee,1-TaRcwD_Rw,https://www.youtube.com/watch?v=1-TaRcwD_Rw,Chips on the Table: A one year review of the Chips and Science Act,0.95,exact_date_title,,
118,53476,A BAR TOO HIGH: CONCERNS WITH CEQ'S PROPOSED REGULATORY HURDLE FOR FEDERAL CONTRACTING,2023-09-20,hssy00,House Science and Technology Committee,2p4J04cyqDo,https://www.youtube.com/watch?v=2p4J04cyqDo,A Bar Too High: Concerns with CEQ’s Proposed Regulatory Hurdle for Federal Contracting,0.95,exact_date_title,,
118,53782,BALANCING KNOWLEDGE AND GOVERNANCE: FOUNDATIONS FOR EFFECTIVE RISK MANAGEMENT OF ARTIFICIAL INTELLIGENCE,2023-10-18,hssy00,House Science and Technology Committee,Q7iu_a32XOI,https://www.youtube.com/watch?v=Q7iu_a32XOI,Balancing Knowledge and Governance: Foundations for Effective Risk Management of AI,0.75,fuzzy_title_exact_date,,
118,54226,"",2023-11-30,hssy00,House Science and Technology Committee,1rj6DEiNdxc,https://www.youtube.com/watch?v=1rj6DEiNdxc,Fiscal Year 2023 Budget Request for the U.S. Agency for International Development (EventID=114711),1.0,event_id_exact,114711,
118,53969,MISSING THE TARGET: CEQ'S MERITLESS SELECTION OF SBTI,2023-11-30,hssy00,House Science and Technology Committee,5UfX4QQ2yjg,https://www.youtube.com/watch?v=5UfX4QQ2yjg,Missing the Target: CEQ’s Meritless Selection of SBTi,0.95,exact_date_title,,
118,54502,RETURNING TO THE MOON: KEEPING ARTEMIS ON TRACK,2024-01-17,hssy00,House Science and Technology Committee,P3ZFqd4DNlk,https://www.youtube.com/watch?v=P3ZFqd4DNlk,Returning to the Moon: Keeping Artemis on Track,0.95,exact_date_title,,
118,54636,FROM RISK TO RESILIENCE: REAUTHORIZING THE EARTHQUAKE AND WINDSTORM HAZARDS REDUCTION PROGRAMS,2024-01-30,hssy00,House Science and Technology Committee,7ZdUTbSveT4,https://www.youtube.com/watch?v=7ZdUTbSveT4,Reauthorizing the Earthquake and Windstorm Hazards Reduction Programs,0.75,fuzzy_title_exact_date,,
118,54724,FEDERAL SCIENCE AGENCIES AND THE PROMISE OF AI IN DRIVING SCIENTIFIC DISCOVERIES,2024-02-06,hssy00,House Science and Technology Committee,PIRGlueMuzY,https://www.youtube.com/watch?v=PIRGlueMuzY,Federal Science Agencies and the Promise of AI in Driving Scientific Discoveries,0.95,exact_date_title,,
118,54732,ISS AND BEYOND: THE PRESENT AND FUTURE OF AMERICAN LOW-EARTH ORBIT ACTIVITIES,2024-02-14,hssy00,House Science and Technology Committee,d0cl1xlIxXQ,https://www.youtube.com/watch?v=d0cl1xlIxXQ,ISS and Beyond: The Present and Future of American Low-Earth Orbit Activities,0.95,exact_date_title,,
118,54912,EXAMINING THE RISK: THE DANGERS OF EV FIRES FOR FIRST RESPONDERS,2024-02-29,hssy00,House Science and Technology Committee,d8I8AsN5suA,https://www.youtube.com/watch?v=d8I8AsN5suA,Examining the Risk: The Dangers of EV Fires for First Responders,0.95,exact_date_title,,
118,55019,Bridging The Valley of Death: ARPA-E's Role In Developing Breakthrough Technologies,2024-03-12,hssy00,House Science and Technology Committee,Ej6apJrhLiY,https://www.youtube.com/watch?v=Ej6apJrhLiY,Bridging the Valley of Death: ARPA-E's Role in Developing Breakthrough Technologies,0.95,exact_date_title,,
118,55093,ADVANCING SCIENTIFIC DISCOVERY: ASSESSING THE STATUS OF NASA'S SCIENCE MISSION DIRECTORATE,2024-03-21,hssy00,House Science and Technology Committee,yRhJqU2yfVU,https://www.youtube.com/watch?v=yRhJqU2yfVU,Advancing Scientific Discovery: Assessing the Status of NASA’s Science Mission Directorate,0.95,exact_date_title,,
118,56688,RISKS AND REWARDS: ENCOURAGING COMMERCIAL SPACE INNOVATION WHILE MAINTAINING PUBLIC SAFETY,2024-09-10,hssy00,House Science and Technology Committee,1PyRw2OTcZw,https://www.youtube.com/watch?v=1PyRw2OTcZw,Risks and Rewards: Encouraging Commercial Space Innovation While Maintaining Public Safety,0.95,exact_date_title,,
118,56701,NAVIGATING THE BLUE FRONTIER: EVALUATING THE POTENTIAL OF MARINE CARBON DIOXIDE REMOVAL APPROACHES,2024-09-19,hssy00,House Science and Technology Committee,P5HHQ7cXgeY,https://www.youtube.com/watch?v=P5HHQ7cXgeY,Navigating the Blue Frontier: Evaluating the Potential of Marine Carbon Dioxide Removal Approaches,0.95,exact_date_title,117677,
118,53728,LEGISLATIVE PRESENTATION OF DISABLED AMERICAN VETERANS,2023-02-28,hsvr00,House Veterans' Affairs Committee,lJng8YngoOQ,https://www.youtube.com/watch?v=lJng8YngoOQ,Joint House and Senate VSO Hearing: Legislative Presentation of Disabled American Veterans,0.85,substring_nearby_date,115357,
